Country or Area,Year,Area,Sex,Age,Record Type,Reliability,Source Year,Value,Value Footnotes
China,2020,Total,Both Sexes,Total,Census - de jure - complete tabulation,"Final figure, complete",2024,1409778724,"1,2"
China,2020,Total,Both Sexes,0,Census - de jure - complete tabulation,"Final figure, complete",2024,11988057,"1,2"
China,2020,Total,Both Sexes,0 - 4,Census - de jure - complete tabulation,"Final figure, complete",2024,77883888,"1,2"
China,2020,Total,Both Sexes,1,Census - de jure - complete tabulation,"Final figure, complete",2024,14383791,"1,2"
China,2020,Total,Both Sexes,2,Census - de jure - complete tabulation,"Final figure, complete",2024,15266778,"1,2"
China,2020,Total,Both Sexes,3,Census - de jure - complete tabulation,"Final figure, complete",2024,18418078,"1,2"
China,2020,Total,Both Sexes,4,Census - de jure - complete tabulation,"Final figure, complete",2024,17827184,"1,2"
China,2020,Total,Both Sexes,5,Census - de jure - complete tabulation,"Final figure, complete",2024,16547271,"1,2"
China,2020,Total,Both Sexes,5 - 9,Census - de jure - complete tabulation,"Final figure, complete",2024,90244056,"1,2"
China,2020,Total,Both Sexes,6,Census - de jure - complete tabulation,"Final figure, complete",2024,18591806,"1,2"
China,2020,Total,Both Sexes,7,Census - de jure - complete tabulation,"Final figure, complete",2024,17963157,"1,2"
China,2020,Total,Both Sexes,8,Census - de jure - complete tabulation,"Final figure, complete",2024,19353752,"1,2"
China,2020,Total,Both Sexes,9,Census - de jure - complete tabulation,"Final figure, complete",2024,17788070,"1,2"
China,2020,Total,Both Sexes,10,Census - de jure - complete tabulation,"Final figure, complete",2024,17347565,"1,2"
China,2020,Total,Both Sexes,10 - 14,Census - de jure - complete tabulation,"Final figure, complete",2024,85255994,"1,2"
China,2020,Total,Both Sexes,11,Census - de jure - complete tabulation,"Final figure, complete",2024,17695044,"1,2"
China,2020,Total,Both Sexes,12,Census - de jure - complete tabulation,"Final figure, complete",2024,17356919,"1,2"
China,2020,Total,Both Sexes,13,Census - de jure - complete tabulation,"Final figure, complete",2024,16677054,"1,2"
China,2020,Total,Both Sexes,14,Census - de jure - complete tabulation,"Final figure, complete",2024,16179412,"1,2"
China,2020,Total,Both Sexes,15,Census - de jure - complete tabulation,"Final figure, complete",2024,15323224,"1,2"
China,2020,Total,Both Sexes,15 - 19,Census - de jure - complete tabulation,"Final figure, complete",2024,72684140,"1,2"
China,2020,Total,Both Sexes,16,Census - de jure - complete tabulation,"Final figure, complete",2024,15218156,"1,2"
China,2020,Total,Both Sexes,17,Census - de jure - complete tabulation,"Final figure, complete",2024,13730626,"1,2"
China,2020,Total,Both Sexes,18,Census - de jure - complete tabulation,"Final figure, complete",2024,14043179,"1,2"
China,2020,Total,Both Sexes,19,Census - de jure - complete tabulation,"Final figure, complete",2024,14368955,"1,2"
China,2020,Total,Both Sexes,20,Census - de jure - complete tabulation,"Final figure, complete",2024,14563347,"1,2"
China,2020,Total,Both Sexes,20 - 24,Census - de jure - complete tabulation,"Final figure, complete",2024,74941675,"1,2"
China,2020,Total,Both Sexes,21,Census - de jure - complete tabulation,"Final figure, complete",2024,13935509,"1,2"
China,2020,Total,Both Sexes,22,Census - de jure - complete tabulation,"Final figure, complete",2024,15249809,"1,2"
China,2020,Total,Both Sexes,23,Census - de jure - complete tabulation,"Final figure, complete",2024,15325970,"1,2"
China,2020,Total,Both Sexes,24,Census - de jure - complete tabulation,"Final figure, complete",2024,15867040,"1,2"
China,2020,Total,Both Sexes,25,Census - de jure - complete tabulation,"Final figure, complete",2024,17146447,"1,2"
China,2020,Total,Both Sexes,25 - 29,Census - de jure - complete tabulation,"Final figure, complete",2024,91847332,"1,2"
China,2020,Total,Both Sexes,26,Census - de jure - complete tabulation,"Final figure, complete",2024,16826988,"1,2"
China,2020,Total,Both Sexes,27,Census - de jure - complete tabulation,"Final figure, complete",2024,18298935,"1,2"
China,2020,Total,Both Sexes,28,Census - de jure - complete tabulation,"Final figure, complete",2024,19060645,"1,2"
China,2020,Total,Both Sexes,29,Census - de jure - complete tabulation,"Final figure, complete",2024,20514317,"1,2"
China,2020,Total,Both Sexes,30,Census - de jure - complete tabulation,"Final figure, complete",2024,25973082,"1,2"
China,2020,Total,Both Sexes,30 - 34,Census - de jure - complete tabulation,"Final figure, complete",2024,124145190,"1,2"
China,2020,Total,Both Sexes,31,Census - de jure - complete tabulation,"Final figure, complete",2024,25451203,"1,2"
China,2020,Total,Both Sexes,32,Census - de jure - complete tabulation,"Final figure, complete",2024,24037711,"1,2"
China,2020,Total,Both Sexes,33,Census - de jure - complete tabulation,"Final figure, complete",2024,25946853,"1,2"
China,2020,Total,Both Sexes,34,Census - de jure - complete tabulation,"Final figure, complete",2024,22736341,"1,2"
China,2020,Total,Both Sexes,35,Census - de jure - complete tabulation,"Final figure, complete",2024,19586332,"1,2"
China,2020,Total,Both Sexes,35 - 39,Census - de jure - complete tabulation,"Final figure, complete",2024,99012932,"1,2"
China,2020,Total,Both Sexes,36,Census - de jure - complete tabulation,"Final figure, complete",2024,19499941,"1,2"
China,2020,Total,Both Sexes,37,Census - de jure - complete tabulation,"Final figure, complete",2024,19063741,"1,2"
China,2020,Total,Both Sexes,38,Census - de jure - complete tabulation,"Final figure, complete",2024,21799284,"1,2"
China,2020,Total,Both Sexes,39,Census - de jure - complete tabulation,"Final figure, complete",2024,19063634,"1,2"
China,2020,Total,Both Sexes,40,Census - de jure - complete tabulation,"Final figure, complete",2024,17540717,"1,2"
China,2020,Total,Both Sexes,40 - 44,Census - de jure - complete tabulation,"Final figure, complete",2024,92955330,"1,2"
China,2020,Total,Both Sexes,41,Census - de jure - complete tabulation,"Final figure, complete",2024,19339617,"1,2"
China,2020,Total,Both Sexes,42,Census - de jure - complete tabulation,"Final figure, complete",2024,18564211,"1,2"
China,2020,Total,Both Sexes,43,Census - de jure - complete tabulation,"Final figure, complete",2024,17758286,"1,2"
China,2020,Total,Both Sexes,44,Census - de jure - complete tabulation,"Final figure, complete",2024,19752499,"1,2"
China,2020,Total,Both Sexes,45,Census - de jure - complete tabulation,"Final figure, complete",2024,20259918,"1,2"
China,2020,Total,Both Sexes,45 - 49,Census - de jure - complete tabulation,"Final figure, complete",2024,114224887,"1,2"
China,2020,Total,Both Sexes,46,Census - de jure - complete tabulation,"Final figure, complete",2024,22208985,"1,2"
China,2020,Total,Both Sexes,47,Census - de jure - complete tabulation,"Final figure, complete",2024,23233417,"1,2"
China,2020,Total,Both Sexes,48,Census - de jure - complete tabulation,"Final figure, complete",2024,23862010,"1,2"
China,2020,Total,Both Sexes,49,Census - de jure - complete tabulation,"Final figure, complete",2024,24660557,"1,2"
China,2020,Total,Both Sexes,50,Census - de jure - complete tabulation,"Final figure, complete",2024,26062036,"1,2"
China,2020,Total,Both Sexes,50 - 54,Census - de jure - complete tabulation,"Final figure, complete",2024,121164296,"1,2"
China,2020,Total,Both Sexes,51,Census - de jure - complete tabulation,"Final figure, complete",2024,24444570,"1,2"
China,2020,Total,Both Sexes,52,Census - de jure - complete tabulation,"Final figure, complete",2024,26105080,"1,2"
China,2020,Total,Both Sexes,53,Census - de jure - complete tabulation,"Final figure, complete",2024,20959668,"1,2"
China,2020,Total,Both Sexes,54,Census - de jure - complete tabulation,"Final figure, complete",2024,23592942,"1,2"
China,2020,Total,Both Sexes,55,Census - de jure - complete tabulation,"Final figure, complete",2024,23106155,"1,2"
China,2020,Total,Both Sexes,55 - 59,Census - de jure - complete tabulation,"Final figure, complete",2024,101400786,"1,2"
China,2020,Total,Both Sexes,56,Census - de jure - complete tabulation,"Final figure, complete",2024,22559346,"1,2"
China,2020,Total,Both Sexes,57,Census - de jure - complete tabulation,"Final figure, complete",2024,26044142,"1,2"
China,2020,Total,Both Sexes,58,Census - de jure - complete tabulation,"Final figure, complete",2024,19132096,"1,2"
China,2020,Total,Both Sexes,59,Census - de jure - complete tabulation,"Final figure, complete",2024,10559047,"1,2"
China,2020,Total,Both Sexes,60,Census - de jure - complete tabulation,"Final figure, complete",2024,12899885,"1,2"
China,2020,Total,Both Sexes,60 - 64,Census - de jure - complete tabulation,"Final figure, complete",2024,73382938,"1,2"
China,2020,Total,Both Sexes,61,Census - de jure - complete tabulation,"Final figure, complete",2024,12135959,"1,2"
China,2020,Total,Both Sexes,62,Census - de jure - complete tabulation,"Final figure, complete",2024,15464277,"1,2"
China,2020,Total,Both Sexes,63,Census - de jure - complete tabulation,"Final figure, complete",2024,17232007,"1,2"
China,2020,Total,Both Sexes,64,Census - de jure - complete tabulation,"Final figure, complete",2024,15650810,"1,2"
China,2020,Total,Both Sexes,65,Census - de jure - complete tabulation,"Final figure, complete",2024,16295105,"1,2"
China,2020,Total,Both Sexes,65 - 69,Census - de jure - complete tabulation,"Final figure, complete",2024,74005560,"1,2"
China,2020,Total,Both Sexes,66,Census - de jure - complete tabulation,"Final figure, complete",2024,16248455,"1,2"
China,2020,Total,Both Sexes,67,Census - de jure - complete tabulation,"Final figure, complete",2024,14620318,"1,2"
China,2020,Total,Both Sexes,68,Census - de jure - complete tabulation,"Final figure, complete",2024,14550479,"1,2"
China,2020,Total,Both Sexes,69,Census - de jure - complete tabulation,"Final figure, complete",2024,12291203,"1,2"
China,2020,Total,Both Sexes,70,Census - de jure - complete tabulation,"Final figure, complete",2024,11600773,"1,2"
China,2020,Total,Both Sexes,70 - 74,Census - de jure - complete tabulation,"Final figure, complete",2024,49590036,"1,2"
China,2020,Total,Both Sexes,71,Census - de jure - complete tabulation,"Final figure, complete",2024,11228645,"1,2"
China,2020,Total,Both Sexes,72,Census - de jure - complete tabulation,"Final figure, complete",2024,9552234,"1,2"
China,2020,Total,Both Sexes,73,Census - de jure - complete tabulation,"Final figure, complete",2024,9046226,"1,2"
China,2020,Total,Both Sexes,74,Census - de jure - complete tabulation,"Final figure, complete",2024,8162158,"1,2"
China,2020,Total,Both Sexes,75,Census - de jure - complete tabulation,"Final figure, complete",2024,7179399,"1,2"
China,2020,Total,Both Sexes,75 - 79,Census - de jure - complete tabulation,"Final figure, complete",2024,31238849,"1,2"
China,2020,Total,Both Sexes,76,Census - de jure - complete tabulation,"Final figure, complete",2024,6818961,"1,2"
China,2020,Total,Both Sexes,77,Census - de jure - complete tabulation,"Final figure, complete",2024,6019552,"1,2"
China,2020,Total,Both Sexes,78,Census - de jure - complete tabulation,"Final figure, complete",2024,5672036,"1,2"
China,2020,Total,Both Sexes,79,Census - de jure - complete tabulation,"Final figure, complete",2024,5548901,"1,2"
China,2020,Total,Both Sexes,80,Census - de jure - complete tabulation,"Final figure, complete",2024,4919088,"1,2"
China,2020,Total,Both Sexes,80 - 84,Census - de jure - complete tabulation,"Final figure, complete",2024,20382878,"1,2"
China,2020,Total,Both Sexes,81,Census - de jure - complete tabulation,"Final figure, complete",2024,4139582,"1,2"
China,2020,Total,Both Sexes,82,Census - de jure - complete tabulation,"Final figure, complete",2024,4242478,"1,2"
China,2020,Total,Both Sexes,83,Census - de jure - complete tabulation,"Final figure, complete",2024,3711083,"1,2"
China,2020,Total,Both Sexes,84,Census - de jure - complete tabulation,"Final figure, complete",2024,3370647,"1,2"
China,2020,Total,Both Sexes,85,Census - de jure - complete tabulation,"Final figure, complete",2024,2909233,"1,2"
China,2020,Total,Both Sexes,85 - 89,Census - de jure - complete tabulation,"Final figure, complete",2024,10826530,"1,2"
China,2020,Total,Both Sexes,86,Census - de jure - complete tabulation,"Final figure, complete",2024,2518664,"1,2"
China,2020,Total,Both Sexes,87,Census - de jure - complete tabulation,"Final figure, complete",2024,2285081,"1,2"
China,2020,Total,Both Sexes,88,Census - de jure - complete tabulation,"Final figure, complete",2024,1724439,"1,2"
China,2020,Total,Both Sexes,89,Census - de jure - complete tabulation,"Final figure, complete",2024,1389113,"1,2"
China,2020,Total,Both Sexes,90,Census - de jure - complete tabulation,"Final figure, complete",2024,1216116,"1,2"
China,2020,Total,Both Sexes,90 - 94,Census - de jure - complete tabulation,"Final figure, complete",2024,3652749,"1,2"
China,2020,Total,Both Sexes,91,Census - de jure - complete tabulation,"Final figure, complete",2024,843235,"1,2"
China,2020,Total,Both Sexes,92,Census - de jure - complete tabulation,"Final figure, complete",2024,712963,"1,2"
China,2020,Total,Both Sexes,93,Census - de jure - complete tabulation,"Final figure, complete",2024,511539,"1,2"
China,2020,Total,Both Sexes,94,Census - de jure - complete tabulation,"Final figure, complete",2024,368896,"1,2"
China,2020,Total,Both Sexes,95,Census - de jure - complete tabulation,"Final figure, complete",2024,289772,"1,2"
China,2020,Total,Both Sexes,95 - 99,Census - de jure - complete tabulation,"Final figure, complete",2024,819812,"1,2"
China,2020,Total,Both Sexes,96,Census - de jure - complete tabulation,"Final figure, complete",2024,206218,"1,2"
China,2020,Total,Both Sexes,97,Census - de jure - complete tabulation,"Final figure, complete",2024,143736,"1,2"
China,2020,Total,Both Sexes,98,Census - de jure - complete tabulation,"Final figure, complete",2024,100616,"1,2"
China,2020,Total,Both Sexes,99,Census - de jure - complete tabulation,"Final figure, complete",2024,79470,"1,2"
China,2020,Total,Both Sexes,100 +,Census - de jure - complete tabulation,"Final figure, complete",2024,118866,"1,2"
China,2020,Total,Male,Total,Census - de jure - complete tabulation,"Final figure, complete",2024,721416394,"1,2"
China,2020,Total,Male,0,Census - de jure - complete tabulation,"Final figure, complete",2024,6312409,"1,2"
China,2020,Total,Male,0 - 4,Census - de jure - complete tabulation,"Final figure, complete",2024,40969331,"1,2"
China,2020,Total,Male,1,Census - de jure - complete tabulation,"Final figure, complete",2024,7559981,"1,2"
China,2020,Total,Male,2,Census - de jure - complete tabulation,"Final figure, complete",2024,8020423,"1,2"
China,2020,Total,Male,3,Census - de jure - complete tabulation,"Final figure, complete",2024,9670005,"1,2"
China,2020,Total,Male,4,Census - de jure - complete tabulation,"Final figure, complete",2024,9406513,"1,2"
China,2020,Total,Male,5,Census - de jure - complete tabulation,"Final figure, complete",2024,8765848,"1,2"
China,2020,Total,Male,5 - 9,Census - de jure - complete tabulation,"Final figure, complete",2024,48017458,"1,2"
China,2020,Total,Male,6,Census - de jure - complete tabulation,"Final figure, complete",2024,9881523,"1,2"
China,2020,Total,Male,7,Census - de jure - complete tabulation,"Final figure, complete",2024,9548981,"1,2"
China,2020,Total,Male,8,Census - de jure - complete tabulation,"Final figure, complete",2024,10317678,"1,2"
China,2020,Total,Male,9,Census - de jure - complete tabulation,"Final figure, complete",2024,9503428,"1,2"
China,2020,Total,Male,10,Census - de jure - complete tabulation,"Final figure, complete",2024,9285412,"1,2"
China,2020,Total,Male,10 - 14,Census - de jure - complete tabulation,"Final figure, complete",2024,45606790,"1,2"
China,2020,Total,Male,11,Census - de jure - complete tabulation,"Final figure, complete",2024,9462024,"1,2"
China,2020,Total,Male,12,Census - de jure - complete tabulation,"Final figure, complete",2024,9279079,"1,2"
China,2020,Total,Male,13,Census - de jure - complete tabulation,"Final figure, complete",2024,8920655,"1,2"
China,2020,Total,Male,14,Census - de jure - complete tabulation,"Final figure, complete",2024,8659620,"1,2"
China,2020,Total,Male,15,Census - de jure - complete tabulation,"Final figure, complete",2024,8225995,"1,2"
China,2020,Total,Male,15 - 19,Census - de jure - complete tabulation,"Final figure, complete",2024,39053343,"1,2"
China,2020,Total,Male,16,Census - de jure - complete tabulation,"Final figure, complete",2024,8195908,"1,2"
China,2020,Total,Male,17,Census - de jure - complete tabulation,"Final figure, complete",2024,7401041,"1,2"
China,2020,Total,Male,18,Census - de jure - complete tabulation,"Final figure, complete",2024,7560195,"1,2"
China,2020,Total,Male,19,Census - de jure - complete tabulation,"Final figure, complete",2024,7670204,"1,2"
China,2020,Total,Male,20,Census - de jure - complete tabulation,"Final figure, complete",2024,7742857,"1,2"
China,2020,Total,Male,20 - 24,Census - de jure - complete tabulation,"Final figure, complete",2024,39675995,"1,2"
China,2020,Total,Male,21,Census - de jure - complete tabulation,"Final figure, complete",2024,7389412,"1,2"
China,2020,Total,Male,22,Census - de jure - complete tabulation,"Final figure, complete",2024,8078183,"1,2"
China,2020,Total,Male,23,Census - de jure - complete tabulation,"Final figure, complete",2024,8103460,"1,2"
China,2020,Total,Male,24,Census - de jure - complete tabulation,"Final figure, complete",2024,8362083,"1,2"
China,2020,Total,Male,25,Census - de jure - complete tabulation,"Final figure, complete",2024,9042474,"1,2"
China,2020,Total,Male,25 - 29,Census - de jure - complete tabulation,"Final figure, complete",2024,48162270,"1,2"
China,2020,Total,Male,26,Census - de jure - complete tabulation,"Final figure, complete",2024,8845171,"1,2"
China,2020,Total,Male,27,Census - de jure - complete tabulation,"Final figure, complete",2024,9588428,"1,2"
China,2020,Total,Male,28,Census - de jure - complete tabulation,"Final figure, complete",2024,9975395,"1,2"
China,2020,Total,Male,29,Census - de jure - complete tabulation,"Final figure, complete",2024,10710802,"1,2"
China,2020,Total,Male,30,Census - de jure - complete tabulation,"Final figure, complete",2024,13463923,"1,2"
China,2020,Total,Male,30 - 34,Census - de jure - complete tabulation,"Final figure, complete",2024,63871808,"1,2"
China,2020,Total,Male,31,Census - de jure - complete tabulation,"Final figure, complete",2024,13094627,"1,2"
China,2020,Total,Male,32,Census - de jure - complete tabulation,"Final figure, complete",2024,12335076,"1,2"
China,2020,Total,Male,33,Census - de jure - complete tabulation,"Final figure, complete",2024,13315974,"1,2"
China,2020,Total,Male,34,Census - de jure - complete tabulation,"Final figure, complete",2024,11662208,"1,2"
China,2020,Total,Male,35,Census - de jure - complete tabulation,"Final figure, complete",2024,10077433,"1,2"
China,2020,Total,Male,35 - 39,Census - de jure - complete tabulation,"Final figure, complete",2024,50932037,"1,2"
China,2020,Total,Male,36,Census - de jure - complete tabulation,"Final figure, complete",2024,10034259,"1,2"
China,2020,Total,Male,37,Census - de jure - complete tabulation,"Final figure, complete",2024,9815714,"1,2"
China,2020,Total,Male,38,Census - de jure - complete tabulation,"Final figure, complete",2024,11217120,"1,2"
China,2020,Total,Male,39,Census - de jure - complete tabulation,"Final figure, complete",2024,9787511,"1,2"
China,2020,Total,Male,40,Census - de jure - complete tabulation,"Final figure, complete",2024,8997291,"1,2"
China,2020,Total,Male,40 - 44,Census - de jure - complete tabulation,"Final figure, complete",2024,47632694,"1,2"
China,2020,Total,Male,41,Census - de jure - complete tabulation,"Final figure, complete",2024,9934985,"1,2"
China,2020,Total,Male,42,Census - de jure - complete tabulation,"Final figure, complete",2024,9492205,"1,2"
China,2020,Total,Male,43,Census - de jure - complete tabulation,"Final figure, complete",2024,9097039,"1,2"
China,2020,Total,Male,44,Census - de jure - complete tabulation,"Final figure, complete",2024,10111174,"1,2"
China,2020,Total,Male,45,Census - de jure - complete tabulation,"Final figure, complete",2024,10335133,"1,2"
China,2020,Total,Male,45 - 49,Census - de jure - complete tabulation,"Final figure, complete",2024,58191686,"1,2"
China,2020,Total,Male,46,Census - de jure - complete tabulation,"Final figure, complete",2024,11305313,"1,2"
China,2020,Total,Male,47,Census - de jure - complete tabulation,"Final figure, complete",2024,11844299,"1,2"
China,2020,Total,Male,48,Census - de jure - complete tabulation,"Final figure, complete",2024,12147117,"1,2"
China,2020,Total,Male,49,Census - de jure - complete tabulation,"Final figure, complete",2024,12559824,"1,2"
China,2020,Total,Male,50,Census - de jure - complete tabulation,"Final figure, complete",2024,13149971,"1,2"
China,2020,Total,Male,50 - 54,Census - de jure - complete tabulation,"Final figure, complete",2024,61105470,"1,2"
China,2020,Total,Male,51,Census - de jure - complete tabulation,"Final figure, complete",2024,12342864,"1,2"
China,2020,Total,Male,52,Census - de jure - complete tabulation,"Final figure, complete",2024,13149508,"1,2"
China,2020,Total,Male,53,Census - de jure - complete tabulation,"Final figure, complete",2024,10539231,"1,2"
China,2020,Total,Male,54,Census - de jure - complete tabulation,"Final figure, complete",2024,11923896,"1,2"
China,2020,Total,Male,55,Census - de jure - complete tabulation,"Final figure, complete",2024,11648724,"1,2"
China,2020,Total,Male,55 - 59,Census - de jure - complete tabulation,"Final figure, complete",2024,50816026,"1,2"
China,2020,Total,Male,56,Census - de jure - complete tabulation,"Final figure, complete",2024,11301683,"1,2"
China,2020,Total,Male,57,Census - de jure - complete tabulation,"Final figure, complete",2024,13130492,"1,2"
China,2020,Total,Male,58,Census - de jure - complete tabulation,"Final figure, complete",2024,9562232,"1,2"
China,2020,Total,Male,59,Census - de jure - complete tabulation,"Final figure, complete",2024,5172895,"1,2"
China,2020,Total,Male,60,Census - de jure - complete tabulation,"Final figure, complete",2024,6442344,"1,2"
China,2020,Total,Male,60 - 64,Census - de jure - complete tabulation,"Final figure, complete",2024,36871125,"1,2"
China,2020,Total,Male,61,Census - de jure - complete tabulation,"Final figure, complete",2024,6148108,"1,2"
China,2020,Total,Male,62,Census - de jure - complete tabulation,"Final figure, complete",2024,7832019,"1,2"
China,2020,Total,Male,63,Census - de jure - complete tabulation,"Final figure, complete",2024,8678055,"1,2"
China,2020,Total,Male,64,Census - de jure - complete tabulation,"Final figure, complete",2024,7770599,"1,2"
China,2020,Total,Male,65,Census - de jure - complete tabulation,"Final figure, complete",2024,8101750,"1,2"
China,2020,Total,Male,65 - 69,Census - de jure - complete tabulation,"Final figure, complete",2024,36337923,"1,2"
China,2020,Total,Male,66,Census - de jure - complete tabulation,"Final figure, complete",2024,8003803,"1,2"
China,2020,Total,Male,67,Census - de jure - complete tabulation,"Final figure, complete",2024,7147712,"1,2"
China,2020,Total,Male,68,Census - de jure - complete tabulation,"Final figure, complete",2024,7115265,"1,2"
China,2020,Total,Male,69,Census - de jure - complete tabulation,"Final figure, complete",2024,5969393,"1,2"
China,2020,Total,Male,70,Census - de jure - complete tabulation,"Final figure, complete",2024,5667080,"1,2"
China,2020,Total,Male,70 - 74,Census - de jure - complete tabulation,"Final figure, complete",2024,24162733,"1,2"
China,2020,Total,Male,71,Census - de jure - complete tabulation,"Final figure, complete",2024,5539299,"1,2"
China,2020,Total,Male,72,Census - de jure - complete tabulation,"Final figure, complete",2024,4640378,"1,2"
China,2020,Total,Male,73,Census - de jure - complete tabulation,"Final figure, complete",2024,4399581,"1,2"
China,2020,Total,Male,74,Census - de jure - complete tabulation,"Final figure, complete",2024,3916395,"1,2"
China,2020,Total,Male,75,Census - de jure - complete tabulation,"Final figure, complete",2024,3414021,"1,2"
China,2020,Total,Male,75 - 79,Census - de jure - complete tabulation,"Final figure, complete",2024,14752433,"1,2"
China,2020,Total,Male,76,Census - de jure - complete tabulation,"Final figure, complete",2024,3265307,"1,2"
China,2020,Total,Male,77,Census - de jure - complete tabulation,"Final figure, complete",2024,2835339,"1,2"
China,2020,Total,Male,78,Census - de jure - complete tabulation,"Final figure, complete",2024,2657484,"1,2"
China,2020,Total,Male,79,Census - de jure - complete tabulation,"Final figure, complete",2024,2580282,"1,2"
China,2020,Total,Male,80,Census - de jure - complete tabulation,"Final figure, complete",2024,2271741,"1,2"
China,2020,Total,Male,80 - 84,Census - de jure - complete tabulation,"Final figure, complete",2024,9157003,"1,2"
China,2020,Total,Male,81,Census - de jure - complete tabulation,"Final figure, complete",2024,1869035,"1,2"
China,2020,Total,Male,82,Census - de jure - complete tabulation,"Final figure, complete",2024,1914824,"1,2"
China,2020,Total,Male,83,Census - de jure - complete tabulation,"Final figure, complete",2024,1645840,"1,2"
China,2020,Total,Male,84,Census - de jure - complete tabulation,"Final figure, complete",2024,1455563,"1,2"
China,2020,Total,Male,85,Census - de jure - complete tabulation,"Final figure, complete",2024,1213783,"1,2"
China,2020,Total,Male,85 - 89,Census - de jure - complete tabulation,"Final figure, complete",2024,4426091,"1,2"
China,2020,Total,Male,86,Census - de jure - complete tabulation,"Final figure, complete",2024,1034635,"1,2"
China,2020,Total,Male,87,Census - de jure - complete tabulation,"Final figure, complete",2024,935469,"1,2"
China,2020,Total,Male,88,Census - de jure - complete tabulation,"Final figure, complete",2024,687799,"1,2"
China,2020,Total,Male,89,Census - de jure - complete tabulation,"Final figure, complete",2024,554405,"1,2"
China,2020,Total,Male,90,Census - de jure - complete tabulation,"Final figure, complete",2024,476404,"1,2"
China,2020,Total,Male,90 - 94,Census - de jure - complete tabulation,"Final figure, complete",2024,1367594,"1,2"
China,2020,Total,Male,91,Census - de jure - complete tabulation,"Final figure, complete",2024,315634,"1,2"
China,2020,Total,Male,92,Census - de jure - complete tabulation,"Final figure, complete",2024,262078,"1,2"
China,2020,Total,Male,93,Census - de jure - complete tabulation,"Final figure, complete",2024,183520,"1,2"
China,2020,Total,Male,94,Census - de jure - complete tabulation,"Final figure, complete",2024,129958,"1,2"
China,2020,Total,Male,95,Census - de jure - complete tabulation,"Final figure, complete",2024,98355,"1,2"
China,2020,Total,Male,95 - 99,Census - de jure - complete tabulation,"Final figure, complete",2024,271455,"1,2"
China,2020,Total,Male,96,Census - de jure - complete tabulation,"Final figure, complete",2024,68067,"1,2"
China,2020,Total,Male,97,Census - de jure - complete tabulation,"Final figure, complete",2024,46250,"1,2"
China,2020,Total,Male,98,Census - de jure - complete tabulation,"Final figure, complete",2024,32835,"1,2"
China,2020,Total,Male,99,Census - de jure - complete tabulation,"Final figure, complete",2024,25948,"1,2"
China,2020,Total,Male,100 +,Census - de jure - complete tabulation,"Final figure, complete",2024,35129,"1,2"
China,2020,Total,Female,Total,Census - de jure - complete tabulation,"Final figure, complete",2024,688362330,"1,2"
China,2020,Total,Female,0,Census - de jure - complete tabulation,"Final figure, complete",2024,5675648,"1,2"
China,2020,Total,Female,0 - 4,Census - de jure - complete tabulation,"Final figure, complete",2024,36914557,"1,2"
China,2020,Total,Female,1,Census - de jure - complete tabulation,"Final figure, complete",2024,6823810,"1,2"
China,2020,Total,Female,2,Census - de jure - complete tabulation,"Final figure, complete",2024,7246355,"1,2"
China,2020,Total,Female,3,Census - de jure - complete tabulation,"Final figure, complete",2024,8748073,"1,2"
China,2020,Total,Female,4,Census - de jure - complete tabulation,"Final figure, complete",2024,8420671,"1,2"
China,2020,Total,Female,5,Census - de jure - complete tabulation,"Final figure, complete",2024,7781423,"1,2"
China,2020,Total,Female,5 - 9,Census - de jure - complete tabulation,"Final figure, complete",2024,42226598,"1,2"
China,2020,Total,Female,6,Census - de jure - complete tabulation,"Final figure, complete",2024,8710283,"1,2"
China,2020,Total,Female,7,Census - de jure - complete tabulation,"Final figure, complete",2024,8414176,"1,2"
China,2020,Total,Female,8,Census - de jure - complete tabulation,"Final figure, complete",2024,9036074,"1,2"
China,2020,Total,Female,9,Census - de jure - complete tabulation,"Final figure, complete",2024,8284642,"1,2"
China,2020,Total,Female,10,Census - de jure - complete tabulation,"Final figure, complete",2024,8062153,"1,2"
China,2020,Total,Female,10 - 14,Census - de jure - complete tabulation,"Final figure, complete",2024,39649204,"1,2"
China,2020,Total,Female,11,Census - de jure - complete tabulation,"Final figure, complete",2024,8233020,"1,2"
China,2020,Total,Female,12,Census - de jure - complete tabulation,"Final figure, complete",2024,8077840,"1,2"
China,2020,Total,Female,13,Census - de jure - complete tabulation,"Final figure, complete",2024,7756399,"1,2"
China,2020,Total,Female,14,Census - de jure - complete tabulation,"Final figure, complete",2024,7519792,"1,2"
China,2020,Total,Female,15,Census - de jure - complete tabulation,"Final figure, complete",2024,7097229,"1,2"
China,2020,Total,Female,15 - 19,Census - de jure - complete tabulation,"Final figure, complete",2024,33630797,"1,2"
China,2020,Total,Female,16,Census - de jure - complete tabulation,"Final figure, complete",2024,7022248,"1,2"
China,2020,Total,Female,17,Census - de jure - complete tabulation,"Final figure, complete",2024,6329585,"1,2"
China,2020,Total,Female,18,Census - de jure - complete tabulation,"Final figure, complete",2024,6482984,"1,2"
China,2020,Total,Female,19,Census - de jure - complete tabulation,"Final figure, complete",2024,6698751,"1,2"
China,2020,Total,Female,20,Census - de jure - complete tabulation,"Final figure, complete",2024,6820490,"1,2"
China,2020,Total,Female,20 - 24,Census - de jure - complete tabulation,"Final figure, complete",2024,35265680,"1,2"
China,2020,Total,Female,21,Census - de jure - complete tabulation,"Final figure, complete",2024,6546097,"1,2"
China,2020,Total,Female,22,Census - de jure - complete tabulation,"Final figure, complete",2024,7171626,"1,2"
China,2020,Total,Female,23,Census - de jure - complete tabulation,"Final figure, complete",2024,7222510,"1,2"
China,2020,Total,Female,24,Census - de jure - complete tabulation,"Final figure, complete",2024,7504957,"1,2"
China,2020,Total,Female,25,Census - de jure - complete tabulation,"Final figure, complete",2024,8103973,"1,2"
China,2020,Total,Female,25 - 29,Census - de jure - complete tabulation,"Final figure, complete",2024,43685062,"1,2"
China,2020,Total,Female,26,Census - de jure - complete tabulation,"Final figure, complete",2024,7981817,"1,2"
China,2020,Total,Female,27,Census - de jure - complete tabulation,"Final figure, complete",2024,8710507,"1,2"
China,2020,Total,Female,28,Census - de jure - complete tabulation,"Final figure, complete",2024,9085250,"1,2"
China,2020,Total,Female,29,Census - de jure - complete tabulation,"Final figure, complete",2024,9803515,"1,2"
China,2020,Total,Female,30,Census - de jure - complete tabulation,"Final figure, complete",2024,12509159,"1,2"
China,2020,Total,Female,30 - 34,Census - de jure - complete tabulation,"Final figure, complete",2024,60273382,"1,2"
China,2020,Total,Female,31,Census - de jure - complete tabulation,"Final figure, complete",2024,12356576,"1,2"
China,2020,Total,Female,32,Census - de jure - complete tabulation,"Final figure, complete",2024,11702635,"1,2"
China,2020,Total,Female,33,Census - de jure - complete tabulation,"Final figure, complete",2024,12630879,"1,2"
China,2020,Total,Female,34,Census - de jure - complete tabulation,"Final figure, complete",2024,11074133,"1,2"
China,2020,Total,Female,35,Census - de jure - complete tabulation,"Final figure, complete",2024,9508899,"1,2"
China,2020,Total,Female,35 - 39,Census - de jure - complete tabulation,"Final figure, complete",2024,48080895,"1,2"
China,2020,Total,Female,36,Census - de jure - complete tabulation,"Final figure, complete",2024,9465682,"1,2"
China,2020,Total,Female,37,Census - de jure - complete tabulation,"Final figure, complete",2024,9248027,"1,2"
China,2020,Total,Female,38,Census - de jure - complete tabulation,"Final figure, complete",2024,10582164,"1,2"
China,2020,Total,Female,39,Census - de jure - complete tabulation,"Final figure, complete",2024,9276123,"1,2"
China,2020,Total,Female,40,Census - de jure - complete tabulation,"Final figure, complete",2024,8543426,"1,2"
China,2020,Total,Female,40 - 44,Census - de jure - complete tabulation,"Final figure, complete",2024,45322636,"1,2"
China,2020,Total,Female,41,Census - de jure - complete tabulation,"Final figure, complete",2024,9404632,"1,2"
China,2020,Total,Female,42,Census - de jure - complete tabulation,"Final figure, complete",2024,9072006,"1,2"
China,2020,Total,Female,43,Census - de jure - complete tabulation,"Final figure, complete",2024,8661247,"1,2"
China,2020,Total,Female,44,Census - de jure - complete tabulation,"Final figure, complete",2024,9641325,"1,2"
China,2020,Total,Female,45,Census - de jure - complete tabulation,"Final figure, complete",2024,9924785,"1,2"
China,2020,Total,Female,45 - 49,Census - de jure - complete tabulation,"Final figure, complete",2024,56033201,"1,2"
China,2020,Total,Female,46,Census - de jure - complete tabulation,"Final figure, complete",2024,10903672,"1,2"
China,2020,Total,Female,47,Census - de jure - complete tabulation,"Final figure, complete",2024,11389118,"1,2"
China,2020,Total,Female,48,Census - de jure - complete tabulation,"Final figure, complete",2024,11714893,"1,2"
China,2020,Total,Female,49,Census - de jure - complete tabulation,"Final figure, complete",2024,12100733,"1,2"
China,2020,Total,Female,50,Census - de jure - complete tabulation,"Final figure, complete",2024,12912065,"1,2"
China,2020,Total,Female,50 - 54,Census - de jure - complete tabulation,"Final figure, complete",2024,60058826,"1,2"
China,2020,Total,Female,51,Census - de jure - complete tabulation,"Final figure, complete",2024,12101706,"1,2"
China,2020,Total,Female,52,Census - de jure - complete tabulation,"Final figure, complete",2024,12955572,"1,2"
China,2020,Total,Female,53,Census - de jure - complete tabulation,"Final figure, complete",2024,10420437,"1,2"
China,2020,Total,Female,54,Census - de jure - complete tabulation,"Final figure, complete",2024,11669046,"1,2"
China,2020,Total,Female,55,Census - de jure - complete tabulation,"Final figure, complete",2024,11457431,"1,2"
China,2020,Total,Female,55 - 59,Census - de jure - complete tabulation,"Final figure, complete",2024,50584760,"1,2"
China,2020,Total,Female,56,Census - de jure - complete tabulation,"Final figure, complete",2024,11257663,"1,2"
China,2020,Total,Female,57,Census - de jure - complete tabulation,"Final figure, complete",2024,12913650,"1,2"
China,2020,Total,Female,58,Census - de jure - complete tabulation,"Final figure, complete",2024,9569864,"1,2"
China,2020,Total,Female,59,Census - de jure - complete tabulation,"Final figure, complete",2024,5386152,"1,2"
China,2020,Total,Female,60,Census - de jure - complete tabulation,"Final figure, complete",2024,6457541,"1,2"
China,2020,Total,Female,60 - 64,Census - de jure - complete tabulation,"Final figure, complete",2024,36511813,"1,2"
China,2020,Total,Female,61,Census - de jure - complete tabulation,"Final figure, complete",2024,5987851,"1,2"
China,2020,Total,Female,62,Census - de jure - complete tabulation,"Final figure, complete",2024,7632258,"1,2"
China,2020,Total,Female,63,Census - de jure - complete tabulation,"Final figure, complete",2024,8553952,"1,2"
China,2020,Total,Female,64,Census - de jure - complete tabulation,"Final figure, complete",2024,7880211,"1,2"
China,2020,Total,Female,65,Census - de jure - complete tabulation,"Final figure, complete",2024,8193355,"1,2"
China,2020,Total,Female,65 - 69,Census - de jure - complete tabulation,"Final figure, complete",2024,37667637,"1,2"
China,2020,Total,Female,66,Census - de jure - complete tabulation,"Final figure, complete",2024,8244652,"1,2"
China,2020,Total,Female,67,Census - de jure - complete tabulation,"Final figure, complete",2024,7472606,"1,2"
China,2020,Total,Female,68,Census - de jure - complete tabulation,"Final figure, complete",2024,7435214,"1,2"
China,2020,Total,Female,69,Census - de jure - complete tabulation,"Final figure, complete",2024,6321810,"1,2"
China,2020,Total,Female,70,Census - de jure - complete tabulation,"Final figure, complete",2024,5933693,"1,2"
China,2020,Total,Female,70 - 74,Census - de jure - complete tabulation,"Final figure, complete",2024,25427303,"1,2"
China,2020,Total,Female,71,Census - de jure - complete tabulation,"Final figure, complete",2024,5689346,"1,2"
China,2020,Total,Female,72,Census - de jure - complete tabulation,"Final figure, complete",2024,4911856,"1,2"
China,2020,Total,Female,73,Census - de jure - complete tabulation,"Final figure, complete",2024,4646645,"1,2"
China,2020,Total,Female,74,Census - de jure - complete tabulation,"Final figure, complete",2024,4245763,"1,2"
China,2020,Total,Female,75,Census - de jure - complete tabulation,"Final figure, complete",2024,3765378,"1,2"
China,2020,Total,Female,75 - 79,Census - de jure - complete tabulation,"Final figure, complete",2024,16486416,"1,2"
China,2020,Total,Female,76,Census - de jure - complete tabulation,"Final figure, complete",2024,3553654,"1,2"
China,2020,Total,Female,77,Census - de jure - complete tabulation,"Final figure, complete",2024,3184213,"1,2"
China,2020,Total,Female,78,Census - de jure - complete tabulation,"Final figure, complete",2024,3014552,"1,2"
China,2020,Total,Female,79,Census - de jure - complete tabulation,"Final figure, complete",2024,2968619,"1,2"
China,2020,Total,Female,80,Census - de jure - complete tabulation,"Final figure, complete",2024,2647347,"1,2"
China,2020,Total,Female,80 - 84,Census - de jure - complete tabulation,"Final figure, complete",2024,11225875,"1,2"
China,2020,Total,Female,81,Census - de jure - complete tabulation,"Final figure, complete",2024,2270547,"1,2"
China,2020,Total,Female,82,Census - de jure - complete tabulation,"Final figure, complete",2024,2327654,"1,2"
China,2020,Total,Female,83,Census - de jure - complete tabulation,"Final figure, complete",2024,2065243,"1,2"
China,2020,Total,Female,84,Census - de jure - complete tabulation,"Final figure, complete",2024,1915084,"1,2"
China,2020,Total,Female,85,Census - de jure - complete tabulation,"Final figure, complete",2024,1695450,"1,2"
China,2020,Total,Female,85 - 89,Census - de jure - complete tabulation,"Final figure, complete",2024,6400439,"1,2"
China,2020,Total,Female,86,Census - de jure - complete tabulation,"Final figure, complete",2024,1484029,"1,2"
China,2020,Total,Female,87,Census - de jure - complete tabulation,"Final figure, complete",2024,1349612,"1,2"
China,2020,Total,Female,88,Census - de jure - complete tabulation,"Final figure, complete",2024,1036640,"1,2"
China,2020,Total,Female,89,Census - de jure - complete tabulation,"Final figure, complete",2024,834708,"1,2"
China,2020,Total,Female,90,Census - de jure - complete tabulation,"Final figure, complete",2024,739712,"1,2"
China,2020,Total,Female,90 - 94,Census - de jure - complete tabulation,"Final figure, complete",2024,2285155,"1,2"
China,2020,Total,Female,91,Census - de jure - complete tabulation,"Final figure, complete",2024,527601,"1,2"
China,2020,Total,Female,92,Census - de jure - complete tabulation,"Final figure, complete",2024,450885,"1,2"
China,2020,Total,Female,93,Census - de jure - complete tabulation,"Final figure, complete",2024,328019,"1,2"
China,2020,Total,Female,94,Census - de jure - complete tabulation,"Final figure, complete",2024,238938,"1,2"
China,2020,Total,Female,95,Census - de jure - complete tabulation,"Final figure, complete",2024,191417,"1,2"
China,2020,Total,Female,95 - 99,Census - de jure - complete tabulation,"Final figure, complete",2024,548357,"1,2"
China,2020,Total,Female,96,Census - de jure - complete tabulation,"Final figure, complete",2024,138151,"1,2"
China,2020,Total,Female,97,Census - de jure - complete tabulation,"Final figure, complete",2024,97486,"1,2"
China,2020,Total,Female,98,Census - de jure - complete tabulation,"Final figure, complete",2024,67781,"1,2"
China,2020,Total,Female,99,Census - de jure - complete tabulation,"Final figure, complete",2024,53522,"1,2"
China,2020,Total,Female,100 +,Census - de jure - complete tabulation,"Final figure, complete",2024,83737,"1,2"
China,2020,Urban,Both Sexes,Total,Census - de jure - complete tabulation,"Final figure, complete",2024,899991162,"1,2,3"
China,2020,Urban,Both Sexes,0,Census - de jure - complete tabulation,"Final figure, complete",2024,7296053,"1,2,3"
China,2020,Urban,Both Sexes,0 - 4,Census - de jure - complete tabulation,"Final figure, complete",2024,49860677,"1,2,3"
China,2020,Urban,Both Sexes,1,Census - de jure - complete tabulation,"Final figure, complete",2024,9252634,"1,2,3"
China,2020,Urban,Both Sexes,2,Census - de jure - complete tabulation,"Final figure, complete",2024,9799801,"1,2,3"
China,2020,Urban,Both Sexes,3,Census - de jure - complete tabulation,"Final figure, complete",2024,12020790,"1,2,3"
China,2020,Urban,Both Sexes,4,Census - de jure - complete tabulation,"Final figure, complete",2024,11491399,"1,2,3"
China,2020,Urban,Both Sexes,5,Census - de jure - complete tabulation,"Final figure, complete",2024,10265724,"1,2,3"
China,2020,Urban,Both Sexes,5 - 9,Census - de jure - complete tabulation,"Final figure, complete",2024,55538765,"1,2,3"
China,2020,Urban,Both Sexes,6,Census - de jure - complete tabulation,"Final figure, complete",2024,11682523,"1,2,3"
China,2020,Urban,Both Sexes,7,Census - de jure - complete tabulation,"Final figure, complete",2024,11085814,"1,2,3"
China,2020,Urban,Both Sexes,8,Census - de jure - complete tabulation,"Final figure, complete",2024,11878026,"1,2,3"
China,2020,Urban,Both Sexes,9,Census - de jure - complete tabulation,"Final figure, complete",2024,10626678,"1,2,3"
China,2020,Urban,Both Sexes,10,Census - de jure - complete tabulation,"Final figure, complete",2024,10245210,"1,2,3"
China,2020,Urban,Both Sexes,10 - 14,Census - de jure - complete tabulation,"Final figure, complete",2024,49758539,"1,2,3"
China,2020,Urban,Both Sexes,11,Census - de jure - complete tabulation,"Final figure, complete",2024,10264214,"1,2,3"
China,2020,Urban,Both Sexes,12,Census - de jure - complete tabulation,"Final figure, complete",2024,10111715,"1,2,3"
China,2020,Urban,Both Sexes,13,Census - de jure - complete tabulation,"Final figure, complete",2024,9753848,"1,2,3"
China,2020,Urban,Both Sexes,14,Census - de jure - complete tabulation,"Final figure, complete",2024,9383552,"1,2,3"
China,2020,Urban,Both Sexes,15,Census - de jure - complete tabulation,"Final figure, complete",2024,10299879,"1,2,3"
China,2020,Urban,Both Sexes,15 - 19,Census - de jure - complete tabulation,"Final figure, complete",2024,53173349,"1,2,3"
China,2020,Urban,Both Sexes,16,Census - de jure - complete tabulation,"Final figure, complete",2024,11446478,"1,2,3"
China,2020,Urban,Both Sexes,17,Census - de jure - complete tabulation,"Final figure, complete",2024,10439016,"1,2,3"
China,2020,Urban,Both Sexes,18,Census - de jure - complete tabulation,"Final figure, complete",2024,10340220,"1,2,3"
China,2020,Urban,Both Sexes,19,Census - de jure - complete tabulation,"Final figure, complete",2024,10647756,"1,2,3"
China,2020,Urban,Both Sexes,20,Census - de jure - complete tabulation,"Final figure, complete",2024,10855089,"1,2,3"
China,2020,Urban,Both Sexes,20 - 24,Census - de jure - complete tabulation,"Final figure, complete",2024,53443339,"1,2,3"
China,2020,Urban,Both Sexes,21,Census - de jure - complete tabulation,"Final figure, complete",2024,10139516,"1,2,3"
China,2020,Urban,Both Sexes,22,Census - de jure - complete tabulation,"Final figure, complete",2024,10739189,"1,2,3"
China,2020,Urban,Both Sexes,23,Census - de jure - complete tabulation,"Final figure, complete",2024,10666506,"1,2,3"
China,2020,Urban,Both Sexes,24,Census - de jure - complete tabulation,"Final figure, complete",2024,11043039,"1,2,3"
China,2020,Urban,Both Sexes,25,Census - de jure - complete tabulation,"Final figure, complete",2024,11950766,"1,2,3"
China,2020,Urban,Both Sexes,25 - 29,Census - de jure - complete tabulation,"Final figure, complete",2024,64495842,"1,2,3"
China,2020,Urban,Both Sexes,26,Census - de jure - complete tabulation,"Final figure, complete",2024,11820799,"1,2,3"
China,2020,Urban,Both Sexes,27,Census - de jure - complete tabulation,"Final figure, complete",2024,12847528,"1,2,3"
China,2020,Urban,Both Sexes,28,Census - de jure - complete tabulation,"Final figure, complete",2024,13405827,"1,2,3"
China,2020,Urban,Both Sexes,29,Census - de jure - complete tabulation,"Final figure, complete",2024,14470922,"1,2,3"
China,2020,Urban,Both Sexes,30,Census - de jure - complete tabulation,"Final figure, complete",2024,18364157,"1,2,3"
China,2020,Urban,Both Sexes,30 - 34,Census - de jure - complete tabulation,"Final figure, complete",2024,89003234,"1,2,3"
China,2020,Urban,Both Sexes,31,Census - de jure - complete tabulation,"Final figure, complete",2024,18183418,"1,2,3"
China,2020,Urban,Both Sexes,32,Census - de jure - complete tabulation,"Final figure, complete",2024,17302964,"1,2,3"
China,2020,Urban,Both Sexes,33,Census - de jure - complete tabulation,"Final figure, complete",2024,18724813,"1,2,3"
China,2020,Urban,Both Sexes,34,Census - de jure - complete tabulation,"Final figure, complete",2024,16427882,"1,2,3"
China,2020,Urban,Both Sexes,35,Census - de jure - complete tabulation,"Final figure, complete",2024,14077309,"1,2,3"
China,2020,Urban,Both Sexes,35 - 39,Census - de jure - complete tabulation,"Final figure, complete",2024,71207913,"1,2,3"
China,2020,Urban,Both Sexes,36,Census - de jure - complete tabulation,"Final figure, complete",2024,14021313,"1,2,3"
China,2020,Urban,Both Sexes,37,Census - de jure - complete tabulation,"Final figure, complete",2024,13781360,"1,2,3"
China,2020,Urban,Both Sexes,38,Census - de jure - complete tabulation,"Final figure, complete",2024,15758723,"1,2,3"
China,2020,Urban,Both Sexes,39,Census - de jure - complete tabulation,"Final figure, complete",2024,13569208,"1,2,3"
China,2020,Urban,Both Sexes,40,Census - de jure - complete tabulation,"Final figure, complete",2024,12338278,"1,2,3"
China,2020,Urban,Both Sexes,40 - 44,Census - de jure - complete tabulation,"Final figure, complete",2024,64422861,"1,2,3"
China,2020,Urban,Both Sexes,41,Census - de jure - complete tabulation,"Final figure, complete",2024,13605145,"1,2,3"
China,2020,Urban,Both Sexes,42,Census - de jure - complete tabulation,"Final figure, complete",2024,12913763,"1,2,3"
China,2020,Urban,Both Sexes,43,Census - de jure - complete tabulation,"Final figure, complete",2024,12209444,"1,2,3"
China,2020,Urban,Both Sexes,44,Census - de jure - complete tabulation,"Final figure, complete",2024,13356231,"1,2,3"
China,2020,Urban,Both Sexes,45,Census - de jure - complete tabulation,"Final figure, complete",2024,13507522,"1,2,3"
China,2020,Urban,Both Sexes,45 - 49,Census - de jure - complete tabulation,"Final figure, complete",2024,73843832,"1,2,3"
China,2020,Urban,Both Sexes,46,Census - de jure - complete tabulation,"Final figure, complete",2024,14520355,"1,2,3"
China,2020,Urban,Both Sexes,47,Census - de jure - complete tabulation,"Final figure, complete",2024,15058331,"1,2,3"
China,2020,Urban,Both Sexes,48,Census - de jure - complete tabulation,"Final figure, complete",2024,15231509,"1,2,3"
China,2020,Urban,Both Sexes,49,Census - de jure - complete tabulation,"Final figure, complete",2024,15526115,"1,2,3"
China,2020,Urban,Both Sexes,50,Census - de jure - complete tabulation,"Final figure, complete",2024,16135430,"1,2,3"
China,2020,Urban,Both Sexes,50 - 54,Census - de jure - complete tabulation,"Final figure, complete",2024,72583477,"1,2,3"
China,2020,Urban,Both Sexes,51,Census - de jure - complete tabulation,"Final figure, complete",2024,14934722,"1,2,3"
China,2020,Urban,Both Sexes,52,Census - de jure - complete tabulation,"Final figure, complete",2024,15653981,"1,2,3"
China,2020,Urban,Both Sexes,53,Census - de jure - complete tabulation,"Final figure, complete",2024,12173426,"1,2,3"
China,2020,Urban,Both Sexes,54,Census - de jure - complete tabulation,"Final figure, complete",2024,13685918,"1,2,3"
China,2020,Urban,Both Sexes,55,Census - de jure - complete tabulation,"Final figure, complete",2024,13571621,"1,2,3"
China,2020,Urban,Both Sexes,55 - 59,Census - de jure - complete tabulation,"Final figure, complete",2024,59997410,"1,2,3"
China,2020,Urban,Both Sexes,56,Census - de jure - complete tabulation,"Final figure, complete",2024,13425716,"1,2,3"
China,2020,Urban,Both Sexes,57,Census - de jure - complete tabulation,"Final figure, complete",2024,15639325,"1,2,3"
China,2020,Urban,Both Sexes,58,Census - de jure - complete tabulation,"Final figure, complete",2024,11127407,"1,2,3"
China,2020,Urban,Both Sexes,59,Census - de jure - complete tabulation,"Final figure, complete",2024,6233341,"1,2,3"
China,2020,Urban,Both Sexes,60,Census - de jure - complete tabulation,"Final figure, complete",2024,7700342,"1,2,3"
China,2020,Urban,Both Sexes,60 - 64,Census - de jure - complete tabulation,"Final figure, complete",2024,42379520,"1,2,3"
China,2020,Urban,Both Sexes,61,Census - de jure - complete tabulation,"Final figure, complete",2024,7161884,"1,2,3"
China,2020,Urban,Both Sexes,62,Census - de jure - complete tabulation,"Final figure, complete",2024,8975417,"1,2,3"
China,2020,Urban,Both Sexes,63,Census - de jure - complete tabulation,"Final figure, complete",2024,9779174,"1,2,3"
China,2020,Urban,Both Sexes,64,Census - de jure - complete tabulation,"Final figure, complete",2024,8762703,"1,2,3"
China,2020,Urban,Both Sexes,65,Census - de jure - complete tabulation,"Final figure, complete",2024,8974766,"1,2,3"
China,2020,Urban,Both Sexes,65 - 69,Census - de jure - complete tabulation,"Final figure, complete",2024,39727498,"1,2,3"
China,2020,Urban,Both Sexes,66,Census - de jure - complete tabulation,"Final figure, complete",2024,8884807,"1,2,3"
China,2020,Urban,Both Sexes,67,Census - de jure - complete tabulation,"Final figure, complete",2024,7792738,"1,2,3"
China,2020,Urban,Both Sexes,68,Census - de jure - complete tabulation,"Final figure, complete",2024,7634783,"1,2,3"
China,2020,Urban,Both Sexes,69,Census - de jure - complete tabulation,"Final figure, complete",2024,6440404,"1,2,3"
China,2020,Urban,Both Sexes,70,Census - de jure - complete tabulation,"Final figure, complete",2024,6063433,"1,2,3"
China,2020,Urban,Both Sexes,70 - 74,Census - de jure - complete tabulation,"Final figure, complete",2024,25494493,"1,2,3"
China,2020,Urban,Both Sexes,71,Census - de jure - complete tabulation,"Final figure, complete",2024,5775813,"1,2,3"
China,2020,Urban,Both Sexes,72,Census - de jure - complete tabulation,"Final figure, complete",2024,4874793,"1,2,3"
China,2020,Urban,Both Sexes,73,Census - de jure - complete tabulation,"Final figure, complete",2024,4617961,"1,2,3"
China,2020,Urban,Both Sexes,74,Census - de jure - complete tabulation,"Final figure, complete",2024,4162493,"1,2,3"
China,2020,Urban,Both Sexes,75,Census - de jure - complete tabulation,"Final figure, complete",2024,3628725,"1,2,3"
China,2020,Urban,Both Sexes,75 - 79,Census - de jure - complete tabulation,"Final figure, complete",2024,15931050,"1,2,3"
China,2020,Urban,Both Sexes,76,Census - de jure - complete tabulation,"Final figure, complete",2024,3435862,"1,2,3"
China,2020,Urban,Both Sexes,77,Census - de jure - complete tabulation,"Final figure, complete",2024,3047930,"1,2,3"
China,2020,Urban,Both Sexes,78,Census - de jure - complete tabulation,"Final figure, complete",2024,2941826,"1,2,3"
China,2020,Urban,Both Sexes,79,Census - de jure - complete tabulation,"Final figure, complete",2024,2876707,"1,2,3"
China,2020,Urban,Both Sexes,80,Census - de jure - complete tabulation,"Final figure, complete",2024,2600441,"1,2,3"
China,2020,Urban,Both Sexes,80 - 84,Census - de jure - complete tabulation,"Final figure, complete",2024,10855579,"1,2,3"
China,2020,Urban,Both Sexes,81,Census - de jure - complete tabulation,"Final figure, complete",2024,2214865,"1,2,3"
China,2020,Urban,Both Sexes,82,Census - de jure - complete tabulation,"Final figure, complete",2024,2257336,"1,2,3"
China,2020,Urban,Both Sexes,83,Census - de jure - complete tabulation,"Final figure, complete",2024,1977891,"1,2,3"
China,2020,Urban,Both Sexes,84,Census - de jure - complete tabulation,"Final figure, complete",2024,1805046,"1,2,3"
China,2020,Urban,Both Sexes,85,Census - de jure - complete tabulation,"Final figure, complete",2024,1563550,"1,2,3"
China,2020,Urban,Both Sexes,85 - 89,Census - de jure - complete tabulation,"Final figure, complete",2024,5798914,"1,2,3"
China,2020,Urban,Both Sexes,86,Census - de jure - complete tabulation,"Final figure, complete",2024,1349077,"1,2,3"
China,2020,Urban,Both Sexes,87,Census - de jure - complete tabulation,"Final figure, complete",2024,1221477,"1,2,3"
China,2020,Urban,Both Sexes,88,Census - de jure - complete tabulation,"Final figure, complete",2024,921751,"1,2,3"
China,2020,Urban,Both Sexes,89,Census - de jure - complete tabulation,"Final figure, complete",2024,743059,"1,2,3"
China,2020,Urban,Both Sexes,90,Census - de jure - complete tabulation,"Final figure, complete",2024,654039,"1,2,3"
China,2020,Urban,Both Sexes,90 - 94,Census - de jure - complete tabulation,"Final figure, complete",2024,1967696,"1,2,3"
China,2020,Urban,Both Sexes,91,Census - de jure - complete tabulation,"Final figure, complete",2024,456677,"1,2,3"
China,2020,Urban,Both Sexes,92,Census - de jure - complete tabulation,"Final figure, complete",2024,382602,"1,2,3"
China,2020,Urban,Both Sexes,93,Census - de jure - complete tabulation,"Final figure, complete",2024,274967,"1,2,3"
China,2020,Urban,Both Sexes,94,Census - de jure - complete tabulation,"Final figure, complete",2024,199411,"1,2,3"
China,2020,Urban,Both Sexes,95,Census - de jure - complete tabulation,"Final figure, complete",2024,155841,"1,2,3"
China,2020,Urban,Both Sexes,95 - 99,Census - de jure - complete tabulation,"Final figure, complete",2024,443868,"1,2,3"
China,2020,Urban,Both Sexes,96,Census - de jure - complete tabulation,"Final figure, complete",2024,111823,"1,2,3"
China,2020,Urban,Both Sexes,97,Census - de jure - complete tabulation,"Final figure, complete",2024,77451,"1,2,3"
China,2020,Urban,Both Sexes,98,Census - de jure - complete tabulation,"Final figure, complete",2024,55087,"1,2,3"
China,2020,Urban,Both Sexes,99,Census - de jure - complete tabulation,"Final figure, complete",2024,43666,"1,2,3"
China,2020,Urban,Both Sexes,100 +,Census - de jure - complete tabulation,"Final figure, complete",2024,63306,"1,2,3"
China,2020,Urban,Male,Total,Census - de jure - complete tabulation,"Final figure, complete",2024,456821352,"1,2,3"
China,2020,Urban,Male,0,Census - de jure - complete tabulation,"Final figure, complete",2024,3838557,"1,2,3"
China,2020,Urban,Male,0 - 4,Census - de jure - complete tabulation,"Final figure, complete",2024,26232494,"1,2,3"
China,2020,Urban,Male,1,Census - de jure - complete tabulation,"Final figure, complete",2024,4863438,"1,2,3"
China,2020,Urban,Male,2,Census - de jure - complete tabulation,"Final figure, complete",2024,5148884,"1,2,3"
China,2020,Urban,Male,3,Census - de jure - complete tabulation,"Final figure, complete",2024,6312498,"1,2,3"
China,2020,Urban,Male,4,Census - de jure - complete tabulation,"Final figure, complete",2024,6069117,"1,2,3"
China,2020,Urban,Male,5,Census - de jure - complete tabulation,"Final figure, complete",2024,5446522,"1,2,3"
China,2020,Urban,Male,5 - 9,Census - de jure - complete tabulation,"Final figure, complete",2024,29612628,"1,2,3"
China,2020,Urban,Male,6,Census - de jure - complete tabulation,"Final figure, complete",2024,6219086,"1,2,3"
China,2020,Urban,Male,7,Census - de jure - complete tabulation,"Final figure, complete",2024,5908613,"1,2,3"
China,2020,Urban,Male,8,Census - de jure - complete tabulation,"Final figure, complete",2024,6346008,"1,2,3"
China,2020,Urban,Male,9,Census - de jure - complete tabulation,"Final figure, complete",2024,5692399,"1,2,3"
China,2020,Urban,Male,10,Census - de jure - complete tabulation,"Final figure, complete",2024,5499087,"1,2,3"
China,2020,Urban,Male,10 - 14,Census - de jure - complete tabulation,"Final figure, complete",2024,26630523,"1,2,3"
China,2020,Urban,Male,11,Census - de jure - complete tabulation,"Final figure, complete",2024,5503513,"1,2,3"
China,2020,Urban,Male,12,Census - de jure - complete tabulation,"Final figure, complete",2024,5409405,"1,2,3"
China,2020,Urban,Male,13,Census - de jure - complete tabulation,"Final figure, complete",2024,5212748,"1,2,3"
China,2020,Urban,Male,14,Census - de jure - complete tabulation,"Final figure, complete",2024,5005770,"1,2,3"
China,2020,Urban,Male,15,Census - de jure - complete tabulation,"Final figure, complete",2024,5469811,"1,2,3"
China,2020,Urban,Male,15 - 19,Census - de jure - complete tabulation,"Final figure, complete",2024,28166361,"1,2,3"
China,2020,Urban,Male,16,Census - de jure - complete tabulation,"Final figure, complete",2024,6083972,"1,2,3"
China,2020,Urban,Male,17,Census - de jure - complete tabulation,"Final figure, complete",2024,5548383,"1,2,3"
China,2020,Urban,Male,18,Census - de jure - complete tabulation,"Final figure, complete",2024,5488537,"1,2,3"
China,2020,Urban,Male,19,Census - de jure - complete tabulation,"Final figure, complete",2024,5575658,"1,2,3"
China,2020,Urban,Male,20,Census - de jure - complete tabulation,"Final figure, complete",2024,5656089,"1,2,3"
China,2020,Urban,Male,20 - 24,Census - de jure - complete tabulation,"Final figure, complete",2024,27814344,"1,2,3"
China,2020,Urban,Male,21,Census - de jure - complete tabulation,"Final figure, complete",2024,5281603,"1,2,3"
China,2020,Urban,Male,22,Census - de jure - complete tabulation,"Final figure, complete",2024,5602178,"1,2,3"
China,2020,Urban,Male,23,Census - de jure - complete tabulation,"Final figure, complete",2024,5551949,"1,2,3"
China,2020,Urban,Male,24,Census - de jure - complete tabulation,"Final figure, complete",2024,5722525,"1,2,3"
China,2020,Urban,Male,25,Census - de jure - complete tabulation,"Final figure, complete",2024,6190106,"1,2,3"
China,2020,Urban,Male,25 - 29,Census - de jure - complete tabulation,"Final figure, complete",2024,33194027,"1,2,3"
China,2020,Urban,Male,26,Census - de jure - complete tabulation,"Final figure, complete",2024,6100264,"1,2,3"
China,2020,Urban,Male,27,Census - de jure - complete tabulation,"Final figure, complete",2024,6604505,"1,2,3"
China,2020,Urban,Male,28,Census - de jure - complete tabulation,"Final figure, complete",2024,6884698,"1,2,3"
China,2020,Urban,Male,29,Census - de jure - complete tabulation,"Final figure, complete",2024,7414454,"1,2,3"
China,2020,Urban,Male,30,Census - de jure - complete tabulation,"Final figure, complete",2024,9334817,"1,2,3"
China,2020,Urban,Male,30 - 34,Census - de jure - complete tabulation,"Final figure, complete",2024,44938054,"1,2,3"
China,2020,Urban,Male,31,Census - de jure - complete tabulation,"Final figure, complete",2024,9181658,"1,2,3"
China,2020,Urban,Male,32,Census - de jure - complete tabulation,"Final figure, complete",2024,8719681,"1,2,3"
China,2020,Urban,Male,33,Census - de jure - complete tabulation,"Final figure, complete",2024,9428290,"1,2,3"
China,2020,Urban,Male,34,Census - de jure - complete tabulation,"Final figure, complete",2024,8273608,"1,2,3"
China,2020,Urban,Male,35,Census - de jure - complete tabulation,"Final figure, complete",2024,7120189,"1,2,3"
China,2020,Urban,Male,35 - 39,Census - de jure - complete tabulation,"Final figure, complete",2024,36013499,"1,2,3"
China,2020,Urban,Male,36,Census - de jure - complete tabulation,"Final figure, complete",2024,7097441,"1,2,3"
China,2020,Urban,Male,37,Census - de jure - complete tabulation,"Final figure, complete",2024,6978022,"1,2,3"
China,2020,Urban,Male,38,Census - de jure - complete tabulation,"Final figure, complete",2024,7967547,"1,2,3"
China,2020,Urban,Male,39,Census - de jure - complete tabulation,"Final figure, complete",2024,6850300,"1,2,3"
China,2020,Urban,Male,40,Census - de jure - complete tabulation,"Final figure, complete",2024,6239363,"1,2,3"
China,2020,Urban,Male,40 - 44,Census - de jure - complete tabulation,"Final figure, complete",2024,32585948,"1,2,3"
China,2020,Urban,Male,41,Census - de jure - complete tabulation,"Final figure, complete",2024,6884648,"1,2,3"
China,2020,Urban,Male,42,Census - de jure - complete tabulation,"Final figure, complete",2024,6519300,"1,2,3"
China,2020,Urban,Male,43,Census - de jure - complete tabulation,"Final figure, complete",2024,6176027,"1,2,3"
China,2020,Urban,Male,44,Census - de jure - complete tabulation,"Final figure, complete",2024,6766610,"1,2,3"
China,2020,Urban,Male,45,Census - de jure - complete tabulation,"Final figure, complete",2024,6824535,"1,2,3"
China,2020,Urban,Male,45 - 49,Census - de jure - complete tabulation,"Final figure, complete",2024,37378632,"1,2,3"
China,2020,Urban,Male,46,Census - de jure - complete tabulation,"Final figure, complete",2024,7333660,"1,2,3"
China,2020,Urban,Male,47,Census - de jure - complete tabulation,"Final figure, complete",2024,7627576,"1,2,3"
China,2020,Urban,Male,48,Census - de jure - complete tabulation,"Final figure, complete",2024,7721269,"1,2,3"
China,2020,Urban,Male,49,Census - de jure - complete tabulation,"Final figure, complete",2024,7871592,"1,2,3"
China,2020,Urban,Male,50,Census - de jure - complete tabulation,"Final figure, complete",2024,8120519,"1,2,3"
China,2020,Urban,Male,50 - 54,Census - de jure - complete tabulation,"Final figure, complete",2024,36458844,"1,2,3"
China,2020,Urban,Male,51,Census - de jure - complete tabulation,"Final figure, complete",2024,7511890,"1,2,3"
China,2020,Urban,Male,52,Census - de jure - complete tabulation,"Final figure, complete",2024,7860785,"1,2,3"
China,2020,Urban,Male,53,Census - de jure - complete tabulation,"Final figure, complete",2024,6095430,"1,2,3"
China,2020,Urban,Male,54,Census - de jure - complete tabulation,"Final figure, complete",2024,6870220,"1,2,3"
China,2020,Urban,Male,55,Census - de jure - complete tabulation,"Final figure, complete",2024,6802191,"1,2,3"
China,2020,Urban,Male,55 - 59,Census - de jure - complete tabulation,"Final figure, complete",2024,29865454,"1,2,3"
China,2020,Urban,Male,56,Census - de jure - complete tabulation,"Final figure, complete",2024,6692698,"1,2,3"
China,2020,Urban,Male,57,Census - de jure - complete tabulation,"Final figure, complete",2024,7815625,"1,2,3"
China,2020,Urban,Male,58,Census - de jure - complete tabulation,"Final figure, complete",2024,5519033,"1,2,3"
China,2020,Urban,Male,59,Census - de jure - complete tabulation,"Final figure, complete",2024,3035907,"1,2,3"
China,2020,Urban,Male,60,Census - de jure - complete tabulation,"Final figure, complete",2024,3804249,"1,2,3"
China,2020,Urban,Male,60 - 64,Census - de jure - complete tabulation,"Final figure, complete",2024,20947032,"1,2,3"
China,2020,Urban,Male,61,Census - de jure - complete tabulation,"Final figure, complete",2024,3574407,"1,2,3"
China,2020,Urban,Male,62,Census - de jure - complete tabulation,"Final figure, complete",2024,4474111,"1,2,3"
China,2020,Urban,Male,63,Census - de jure - complete tabulation,"Final figure, complete",2024,4823793,"1,2,3"
China,2020,Urban,Male,64,Census - de jure - complete tabulation,"Final figure, complete",2024,4270472,"1,2,3"
China,2020,Urban,Male,65,Census - de jure - complete tabulation,"Final figure, complete",2024,4374460,"1,2,3"
China,2020,Urban,Male,65 - 69,Census - de jure - complete tabulation,"Final figure, complete",2024,19139147,"1,2,3"
China,2020,Urban,Male,66,Census - de jure - complete tabulation,"Final figure, complete",2024,4294037,"1,2,3"
China,2020,Urban,Male,67,Census - de jure - complete tabulation,"Final figure, complete",2024,3732731,"1,2,3"
China,2020,Urban,Male,68,Census - de jure - complete tabulation,"Final figure, complete",2024,3661979,"1,2,3"
China,2020,Urban,Male,69,Census - de jure - complete tabulation,"Final figure, complete",2024,3075940,"1,2,3"
China,2020,Urban,Male,70,Census - de jure - complete tabulation,"Final figure, complete",2024,2919418,"1,2,3"
China,2020,Urban,Male,70 - 74,Census - de jure - complete tabulation,"Final figure, complete",2024,12213005,"1,2,3"
China,2020,Urban,Male,71,Census - de jure - complete tabulation,"Final figure, complete",2024,2787307,"1,2,3"
China,2020,Urban,Male,72,Census - de jure - complete tabulation,"Final figure, complete",2024,2320957,"1,2,3"
China,2020,Urban,Male,73,Census - de jure - complete tabulation,"Final figure, complete",2024,2210120,"1,2,3"
China,2020,Urban,Male,74,Census - de jure - complete tabulation,"Final figure, complete",2024,1975203,"1,2,3"
China,2020,Urban,Male,75,Census - de jure - complete tabulation,"Final figure, complete",2024,1701817,"1,2,3"
China,2020,Urban,Male,75 - 79,Census - de jure - complete tabulation,"Final figure, complete",2024,7389998,"1,2,3"
China,2020,Urban,Male,76,Census - de jure - complete tabulation,"Final figure, complete",2024,1612386,"1,2,3"
China,2020,Urban,Male,77,Census - de jure - complete tabulation,"Final figure, complete",2024,1408665,"1,2,3"
China,2020,Urban,Male,78,Census - de jure - complete tabulation,"Final figure, complete",2024,1352215,"1,2,3"
China,2020,Urban,Male,79,Census - de jure - complete tabulation,"Final figure, complete",2024,1314915,"1,2,3"
China,2020,Urban,Male,80,Census - de jure - complete tabulation,"Final figure, complete",2024,1187377,"1,2,3"
China,2020,Urban,Male,80 - 84,Census - de jure - complete tabulation,"Final figure, complete",2024,4841537,"1,2,3"
China,2020,Urban,Male,81,Census - de jure - complete tabulation,"Final figure, complete",2024,985459,"1,2,3"
China,2020,Urban,Male,82,Census - de jure - complete tabulation,"Final figure, complete",2024,1008561,"1,2,3"
China,2020,Urban,Male,83,Census - de jure - complete tabulation,"Final figure, complete",2024,877190,"1,2,3"
China,2020,Urban,Male,84,Census - de jure - complete tabulation,"Final figure, complete",2024,782950,"1,2,3"
China,2020,Urban,Male,85,Census - de jure - complete tabulation,"Final figure, complete",2024,657797,"1,2,3"
China,2020,Urban,Male,85 - 89,Census - de jure - complete tabulation,"Final figure, complete",2024,2433461,"1,2,3"
China,2020,Urban,Male,86,Census - de jure - complete tabulation,"Final figure, complete",2024,563543,"1,2,3"
China,2020,Urban,Male,87,Census - de jure - complete tabulation,"Final figure, complete",2024,515560,"1,2,3"
China,2020,Urban,Male,88,Census - de jure - complete tabulation,"Final figure, complete",2024,382756,"1,2,3"
China,2020,Urban,Male,89,Census - de jure - complete tabulation,"Final figure, complete",2024,313805,"1,2,3"
China,2020,Urban,Male,90,Census - de jure - complete tabulation,"Final figure, complete",2024,273018,"1,2,3"
China,2020,Urban,Male,90 - 94,Census - de jure - complete tabulation,"Final figure, complete",2024,787155,"1,2,3"
China,2020,Urban,Male,91,Census - de jure - complete tabulation,"Final figure, complete",2024,182302,"1,2,3"
China,2020,Urban,Male,92,Census - de jure - complete tabulation,"Final figure, complete",2024,150077,"1,2,3"
China,2020,Urban,Male,93,Census - de jure - complete tabulation,"Final figure, complete",2024,105798,"1,2,3"
China,2020,Urban,Male,94,Census - de jure - complete tabulation,"Final figure, complete",2024,75960,"1,2,3"
China,2020,Urban,Male,95,Census - de jure - complete tabulation,"Final figure, complete",2024,57256,"1,2,3"
China,2020,Urban,Male,95 - 99,Census - de jure - complete tabulation,"Final figure, complete",2024,158744,"1,2,3"
China,2020,Urban,Male,96,Census - de jure - complete tabulation,"Final figure, complete",2024,39828,"1,2,3"
China,2020,Urban,Male,97,Census - de jure - complete tabulation,"Final figure, complete",2024,26850,"1,2,3"
China,2020,Urban,Male,98,Census - de jure - complete tabulation,"Final figure, complete",2024,19346,"1,2,3"
China,2020,Urban,Male,99,Census - de jure - complete tabulation,"Final figure, complete",2024,15464,"1,2,3"
China,2020,Urban,Male,100 +,Census - de jure - complete tabulation,"Final figure, complete",2024,20465,"1,2,3"
China,2020,Urban,Female,Total,Census - de jure - complete tabulation,"Final figure, complete",2024,443169810,"1,2,3"
China,2020,Urban,Female,0,Census - de jure - complete tabulation,"Final figure, complete",2024,3457496,"1,2,3"
China,2020,Urban,Female,0 - 4,Census - de jure - complete tabulation,"Final figure, complete",2024,23628183,"1,2,3"
China,2020,Urban,Female,1,Census - de jure - complete tabulation,"Final figure, complete",2024,4389196,"1,2,3"
China,2020,Urban,Female,2,Census - de jure - complete tabulation,"Final figure, complete",2024,4650917,"1,2,3"
China,2020,Urban,Female,3,Census - de jure - complete tabulation,"Final figure, complete",2024,5708292,"1,2,3"
China,2020,Urban,Female,4,Census - de jure - complete tabulation,"Final figure, complete",2024,5422282,"1,2,3"
China,2020,Urban,Female,5,Census - de jure - complete tabulation,"Final figure, complete",2024,4819202,"1,2,3"
China,2020,Urban,Female,5 - 9,Census - de jure - complete tabulation,"Final figure, complete",2024,25926137,"1,2,3"
China,2020,Urban,Female,6,Census - de jure - complete tabulation,"Final figure, complete",2024,5463437,"1,2,3"
China,2020,Urban,Female,7,Census - de jure - complete tabulation,"Final figure, complete",2024,5177201,"1,2,3"
China,2020,Urban,Female,8,Census - de jure - complete tabulation,"Final figure, complete",2024,5532018,"1,2,3"
China,2020,Urban,Female,9,Census - de jure - complete tabulation,"Final figure, complete",2024,4934279,"1,2,3"
China,2020,Urban,Female,10,Census - de jure - complete tabulation,"Final figure, complete",2024,4746123,"1,2,3"
China,2020,Urban,Female,10 - 14,Census - de jure - complete tabulation,"Final figure, complete",2024,23128016,"1,2,3"
China,2020,Urban,Female,11,Census - de jure - complete tabulation,"Final figure, complete",2024,4760701,"1,2,3"
China,2020,Urban,Female,12,Census - de jure - complete tabulation,"Final figure, complete",2024,4702310,"1,2,3"
China,2020,Urban,Female,13,Census - de jure - complete tabulation,"Final figure, complete",2024,4541100,"1,2,3"
China,2020,Urban,Female,14,Census - de jure - complete tabulation,"Final figure, complete",2024,4377782,"1,2,3"
China,2020,Urban,Female,15,Census - de jure - complete tabulation,"Final figure, complete",2024,4830068,"1,2,3"
China,2020,Urban,Female,15 - 19,Census - de jure - complete tabulation,"Final figure, complete",2024,25006988,"1,2,3"
China,2020,Urban,Female,16,Census - de jure - complete tabulation,"Final figure, complete",2024,5362506,"1,2,3"
China,2020,Urban,Female,17,Census - de jure - complete tabulation,"Final figure, complete",2024,4890633,"1,2,3"
China,2020,Urban,Female,18,Census - de jure - complete tabulation,"Final figure, complete",2024,4851683,"1,2,3"
China,2020,Urban,Female,19,Census - de jure - complete tabulation,"Final figure, complete",2024,5072098,"1,2,3"
China,2020,Urban,Female,20,Census - de jure - complete tabulation,"Final figure, complete",2024,5199000,"1,2,3"
China,2020,Urban,Female,20 - 24,Census - de jure - complete tabulation,"Final figure, complete",2024,25628995,"1,2,3"
China,2020,Urban,Female,21,Census - de jure - complete tabulation,"Final figure, complete",2024,4857913,"1,2,3"
China,2020,Urban,Female,22,Census - de jure - complete tabulation,"Final figure, complete",2024,5137011,"1,2,3"
China,2020,Urban,Female,23,Census - de jure - complete tabulation,"Final figure, complete",2024,5114557,"1,2,3"
China,2020,Urban,Female,24,Census - de jure - complete tabulation,"Final figure, complete",2024,5320514,"1,2,3"
China,2020,Urban,Female,25,Census - de jure - complete tabulation,"Final figure, complete",2024,5760660,"1,2,3"
China,2020,Urban,Female,25 - 29,Census - de jure - complete tabulation,"Final figure, complete",2024,31301815,"1,2,3"
China,2020,Urban,Female,26,Census - de jure - complete tabulation,"Final figure, complete",2024,5720535,"1,2,3"
China,2020,Urban,Female,27,Census - de jure - complete tabulation,"Final figure, complete",2024,6243023,"1,2,3"
China,2020,Urban,Female,28,Census - de jure - complete tabulation,"Final figure, complete",2024,6521129,"1,2,3"
China,2020,Urban,Female,29,Census - de jure - complete tabulation,"Final figure, complete",2024,7056468,"1,2,3"
China,2020,Urban,Female,30,Census - de jure - complete tabulation,"Final figure, complete",2024,9029340,"1,2,3"
China,2020,Urban,Female,30 - 34,Census - de jure - complete tabulation,"Final figure, complete",2024,44065180,"1,2,3"
China,2020,Urban,Female,31,Census - de jure - complete tabulation,"Final figure, complete",2024,9001760,"1,2,3"
China,2020,Urban,Female,32,Census - de jure - complete tabulation,"Final figure, complete",2024,8583283,"1,2,3"
China,2020,Urban,Female,33,Census - de jure - complete tabulation,"Final figure, complete",2024,9296523,"1,2,3"
China,2020,Urban,Female,34,Census - de jure - complete tabulation,"Final figure, complete",2024,8154274,"1,2,3"
China,2020,Urban,Female,35,Census - de jure - complete tabulation,"Final figure, complete",2024,6957120,"1,2,3"
China,2020,Urban,Female,35 - 39,Census - de jure - complete tabulation,"Final figure, complete",2024,35194414,"1,2,3"
China,2020,Urban,Female,36,Census - de jure - complete tabulation,"Final figure, complete",2024,6923872,"1,2,3"
China,2020,Urban,Female,37,Census - de jure - complete tabulation,"Final figure, complete",2024,6803338,"1,2,3"
China,2020,Urban,Female,38,Census - de jure - complete tabulation,"Final figure, complete",2024,7791176,"1,2,3"
China,2020,Urban,Female,39,Census - de jure - complete tabulation,"Final figure, complete",2024,6718908,"1,2,3"
China,2020,Urban,Female,40,Census - de jure - complete tabulation,"Final figure, complete",2024,6098915,"1,2,3"
China,2020,Urban,Female,40 - 44,Census - de jure - complete tabulation,"Final figure, complete",2024,31836913,"1,2,3"
China,2020,Urban,Female,41,Census - de jure - complete tabulation,"Final figure, complete",2024,6720497,"1,2,3"
China,2020,Urban,Female,42,Census - de jure - complete tabulation,"Final figure, complete",2024,6394463,"1,2,3"
China,2020,Urban,Female,43,Census - de jure - complete tabulation,"Final figure, complete",2024,6033417,"1,2,3"
China,2020,Urban,Female,44,Census - de jure - complete tabulation,"Final figure, complete",2024,6589621,"1,2,3"
China,2020,Urban,Female,45,Census - de jure - complete tabulation,"Final figure, complete",2024,6682987,"1,2,3"
China,2020,Urban,Female,45 - 49,Census - de jure - complete tabulation,"Final figure, complete",2024,36465200,"1,2,3"
China,2020,Urban,Female,46,Census - de jure - complete tabulation,"Final figure, complete",2024,7186695,"1,2,3"
China,2020,Urban,Female,47,Census - de jure - complete tabulation,"Final figure, complete",2024,7430755,"1,2,3"
China,2020,Urban,Female,48,Census - de jure - complete tabulation,"Final figure, complete",2024,7510240,"1,2,3"
China,2020,Urban,Female,49,Census - de jure - complete tabulation,"Final figure, complete",2024,7654523,"1,2,3"
China,2020,Urban,Female,50,Census - de jure - complete tabulation,"Final figure, complete",2024,8014911,"1,2,3"
China,2020,Urban,Female,50 - 54,Census - de jure - complete tabulation,"Final figure, complete",2024,36124633,"1,2,3"
China,2020,Urban,Female,51,Census - de jure - complete tabulation,"Final figure, complete",2024,7422832,"1,2,3"
China,2020,Urban,Female,52,Census - de jure - complete tabulation,"Final figure, complete",2024,7793196,"1,2,3"
China,2020,Urban,Female,53,Census - de jure - complete tabulation,"Final figure, complete",2024,6077996,"1,2,3"
China,2020,Urban,Female,54,Census - de jure - complete tabulation,"Final figure, complete",2024,6815698,"1,2,3"
China,2020,Urban,Female,55,Census - de jure - complete tabulation,"Final figure, complete",2024,6769430,"1,2,3"
China,2020,Urban,Female,55 - 59,Census - de jure - complete tabulation,"Final figure, complete",2024,30131956,"1,2,3"
China,2020,Urban,Female,56,Census - de jure - complete tabulation,"Final figure, complete",2024,6733018,"1,2,3"
China,2020,Urban,Female,57,Census - de jure - complete tabulation,"Final figure, complete",2024,7823700,"1,2,3"
China,2020,Urban,Female,58,Census - de jure - complete tabulation,"Final figure, complete",2024,5608374,"1,2,3"
China,2020,Urban,Female,59,Census - de jure - complete tabulation,"Final figure, complete",2024,3197434,"1,2,3"
China,2020,Urban,Female,60,Census - de jure - complete tabulation,"Final figure, complete",2024,3896093,"1,2,3"
China,2020,Urban,Female,60 - 64,Census - de jure - complete tabulation,"Final figure, complete",2024,21432488,"1,2,3"
China,2020,Urban,Female,61,Census - de jure - complete tabulation,"Final figure, complete",2024,3587477,"1,2,3"
China,2020,Urban,Female,62,Census - de jure - complete tabulation,"Final figure, complete",2024,4501306,"1,2,3"
China,2020,Urban,Female,63,Census - de jure - complete tabulation,"Final figure, complete",2024,4955381,"1,2,3"
China,2020,Urban,Female,64,Census - de jure - complete tabulation,"Final figure, complete",2024,4492231,"1,2,3"
China,2020,Urban,Female,65,Census - de jure - complete tabulation,"Final figure, complete",2024,4600306,"1,2,3"
China,2020,Urban,Female,65 - 69,Census - de jure - complete tabulation,"Final figure, complete",2024,20588351,"1,2,3"
China,2020,Urban,Female,66,Census - de jure - complete tabulation,"Final figure, complete",2024,4590770,"1,2,3"
China,2020,Urban,Female,67,Census - de jure - complete tabulation,"Final figure, complete",2024,4060007,"1,2,3"
China,2020,Urban,Female,68,Census - de jure - complete tabulation,"Final figure, complete",2024,3972804,"1,2,3"
China,2020,Urban,Female,69,Census - de jure - complete tabulation,"Final figure, complete",2024,3364464,"1,2,3"
China,2020,Urban,Female,70,Census - de jure - complete tabulation,"Final figure, complete",2024,3144015,"1,2,3"
China,2020,Urban,Female,70 - 74,Census - de jure - complete tabulation,"Final figure, complete",2024,13281488,"1,2,3"
China,2020,Urban,Female,71,Census - de jure - complete tabulation,"Final figure, complete",2024,2988506,"1,2,3"
China,2020,Urban,Female,72,Census - de jure - complete tabulation,"Final figure, complete",2024,2553836,"1,2,3"
China,2020,Urban,Female,73,Census - de jure - complete tabulation,"Final figure, complete",2024,2407841,"1,2,3"
China,2020,Urban,Female,74,Census - de jure - complete tabulation,"Final figure, complete",2024,2187290,"1,2,3"
China,2020,Urban,Female,75,Census - de jure - complete tabulation,"Final figure, complete",2024,1926908,"1,2,3"
China,2020,Urban,Female,75 - 79,Census - de jure - complete tabulation,"Final figure, complete",2024,8541052,"1,2,3"
China,2020,Urban,Female,76,Census - de jure - complete tabulation,"Final figure, complete",2024,1823476,"1,2,3"
China,2020,Urban,Female,77,Census - de jure - complete tabulation,"Final figure, complete",2024,1639265,"1,2,3"
China,2020,Urban,Female,78,Census - de jure - complete tabulation,"Final figure, complete",2024,1589611,"1,2,3"
China,2020,Urban,Female,79,Census - de jure - complete tabulation,"Final figure, complete",2024,1561792,"1,2,3"
China,2020,Urban,Female,80,Census - de jure - complete tabulation,"Final figure, complete",2024,1413064,"1,2,3"
China,2020,Urban,Female,80 - 84,Census - de jure - complete tabulation,"Final figure, complete",2024,6014042,"1,2,3"
China,2020,Urban,Female,81,Census - de jure - complete tabulation,"Final figure, complete",2024,1229406,"1,2,3"
China,2020,Urban,Female,82,Census - de jure - complete tabulation,"Final figure, complete",2024,1248775,"1,2,3"
China,2020,Urban,Female,83,Census - de jure - complete tabulation,"Final figure, complete",2024,1100701,"1,2,3"
China,2020,Urban,Female,84,Census - de jure - complete tabulation,"Final figure, complete",2024,1022096,"1,2,3"
China,2020,Urban,Female,85,Census - de jure - complete tabulation,"Final figure, complete",2024,905753,"1,2,3"
China,2020,Urban,Female,85 - 89,Census - de jure - complete tabulation,"Final figure, complete",2024,3365453,"1,2,3"
China,2020,Urban,Female,86,Census - de jure - complete tabulation,"Final figure, complete",2024,785534,"1,2,3"
China,2020,Urban,Female,87,Census - de jure - complete tabulation,"Final figure, complete",2024,705917,"1,2,3"
China,2020,Urban,Female,88,Census - de jure - complete tabulation,"Final figure, complete",2024,538995,"1,2,3"
China,2020,Urban,Female,89,Census - de jure - complete tabulation,"Final figure, complete",2024,429254,"1,2,3"
China,2020,Urban,Female,90,Census - de jure - complete tabulation,"Final figure, complete",2024,381021,"1,2,3"
China,2020,Urban,Female,90 - 94,Census - de jure - complete tabulation,"Final figure, complete",2024,1180541,"1,2,3"
China,2020,Urban,Female,91,Census - de jure - complete tabulation,"Final figure, complete",2024,274375,"1,2,3"
China,2020,Urban,Female,92,Census - de jure - complete tabulation,"Final figure, complete",2024,232525,"1,2,3"
China,2020,Urban,Female,93,Census - de jure - complete tabulation,"Final figure, complete",2024,169169,"1,2,3"
China,2020,Urban,Female,94,Census - de jure - complete tabulation,"Final figure, complete",2024,123451,"1,2,3"
China,2020,Urban,Female,95,Census - de jure - complete tabulation,"Final figure, complete",2024,98585,"1,2,3"
China,2020,Urban,Female,95 - 99,Census - de jure - complete tabulation,"Final figure, complete",2024,285124,"1,2,3"
China,2020,Urban,Female,96,Census - de jure - complete tabulation,"Final figure, complete",2024,71995,"1,2,3"
China,2020,Urban,Female,97,Census - de jure - complete tabulation,"Final figure, complete",2024,50601,"1,2,3"
China,2020,Urban,Female,98,Census - de jure - complete tabulation,"Final figure, complete",2024,35741,"1,2,3"
China,2020,Urban,Female,99,Census - de jure - complete tabulation,"Final figure, complete",2024,28202,"1,2,3"
China,2020,Urban,Female,100 +,Census - de jure - complete tabulation,"Final figure, complete",2024,42841,"1,2,3"
China,2020,Rural,Both Sexes,Total,Census - de jure - complete tabulation,"Final figure, complete",2024,509787562,"1,2"
China,2020,Rural,Both Sexes,0,Census - de jure - complete tabulation,"Final figure, complete",2024,4692004,"1,2"
China,2020,Rural,Both Sexes,0 - 4,Census - de jure - complete tabulation,"Final figure, complete",2024,28023211,"1,2"
China,2020,Rural,Both Sexes,1,Census - de jure - complete tabulation,"Final figure, complete",2024,5131157,"1,2"
China,2020,Rural,Both Sexes,2,Census - de jure - complete tabulation,"Final figure, complete",2024,5466977,"1,2"
China,2020,Rural,Both Sexes,3,Census - de jure - complete tabulation,"Final figure, complete",2024,6397288,"1,2"
China,2020,Rural,Both Sexes,4,Census - de jure - complete tabulation,"Final figure, complete",2024,6335785,"1,2"
China,2020,Rural,Both Sexes,5,Census - de jure - complete tabulation,"Final figure, complete",2024,6281547,"1,2"
China,2020,Rural,Both Sexes,5 - 9,Census - de jure - complete tabulation,"Final figure, complete",2024,34705291,"1,2"
China,2020,Rural,Both Sexes,6,Census - de jure - complete tabulation,"Final figure, complete",2024,6909283,"1,2"
China,2020,Rural,Both Sexes,7,Census - de jure - complete tabulation,"Final figure, complete",2024,6877343,"1,2"
China,2020,Rural,Both Sexes,8,Census - de jure - complete tabulation,"Final figure, complete",2024,7475726,"1,2"
China,2020,Rural,Both Sexes,9,Census - de jure - complete tabulation,"Final figure, complete",2024,7161392,"1,2"
China,2020,Rural,Both Sexes,10,Census - de jure - complete tabulation,"Final figure, complete",2024,7102355,"1,2"
China,2020,Rural,Both Sexes,10 - 14,Census - de jure - complete tabulation,"Final figure, complete",2024,35497455,"1,2"
China,2020,Rural,Both Sexes,11,Census - de jure - complete tabulation,"Final figure, complete",2024,7430830,"1,2"
China,2020,Rural,Both Sexes,12,Census - de jure - complete tabulation,"Final figure, complete",2024,7245204,"1,2"
China,2020,Rural,Both Sexes,13,Census - de jure - complete tabulation,"Final figure, complete",2024,6923206,"1,2"
China,2020,Rural,Both Sexes,14,Census - de jure - complete tabulation,"Final figure, complete",2024,6795860,"1,2"
China,2020,Rural,Both Sexes,15,Census - de jure - complete tabulation,"Final figure, complete",2024,5023345,"1,2"
China,2020,Rural,Both Sexes,15 - 19,Census - de jure - complete tabulation,"Final figure, complete",2024,19510791,"1,2"
China,2020,Rural,Both Sexes,16,Census - de jure - complete tabulation,"Final figure, complete",2024,3771678,"1,2"
China,2020,Rural,Both Sexes,17,Census - de jure - complete tabulation,"Final figure, complete",2024,3291610,"1,2"
China,2020,Rural,Both Sexes,18,Census - de jure - complete tabulation,"Final figure, complete",2024,3702959,"1,2"
China,2020,Rural,Both Sexes,19,Census - de jure - complete tabulation,"Final figure, complete",2024,3721199,"1,2"
China,2020,Rural,Both Sexes,20,Census - de jure - complete tabulation,"Final figure, complete",2024,3708258,"1,2"
China,2020,Rural,Both Sexes,20 - 24,Census - de jure - complete tabulation,"Final figure, complete",2024,21498336,"1,2"
China,2020,Rural,Both Sexes,21,Census - de jure - complete tabulation,"Final figure, complete",2024,3795993,"1,2"
China,2020,Rural,Both Sexes,22,Census - de jure - complete tabulation,"Final figure, complete",2024,4510620,"1,2"
China,2020,Rural,Both Sexes,23,Census - de jure - complete tabulation,"Final figure, complete",2024,4659464,"1,2"
China,2020,Rural,Both Sexes,24,Census - de jure - complete tabulation,"Final figure, complete",2024,4824001,"1,2"
China,2020,Rural,Both Sexes,25,Census - de jure - complete tabulation,"Final figure, complete",2024,5195681,"1,2"
China,2020,Rural,Both Sexes,25 - 29,Census - de jure - complete tabulation,"Final figure, complete",2024,27351490,"1,2"
China,2020,Rural,Both Sexes,26,Census - de jure - complete tabulation,"Final figure, complete",2024,5006189,"1,2"
China,2020,Rural,Both Sexes,27,Census - de jure - complete tabulation,"Final figure, complete",2024,5451407,"1,2"
China,2020,Rural,Both Sexes,28,Census - de jure - complete tabulation,"Final figure, complete",2024,5654818,"1,2"
China,2020,Rural,Both Sexes,29,Census - de jure - complete tabulation,"Final figure, complete",2024,6043395,"1,2"
China,2020,Rural,Both Sexes,30,Census - de jure - complete tabulation,"Final figure, complete",2024,7608925,"1,2"
China,2020,Rural,Both Sexes,30 - 34,Census - de jure - complete tabulation,"Final figure, complete",2024,35141956,"1,2"
China,2020,Rural,Both Sexes,31,Census - de jure - complete tabulation,"Final figure, complete",2024,7267785,"1,2"
China,2020,Rural,Both Sexes,32,Census - de jure - complete tabulation,"Final figure, complete",2024,6734747,"1,2"
China,2020,Rural,Both Sexes,33,Census - de jure - complete tabulation,"Final figure, complete",2024,7222040,"1,2"
China,2020,Rural,Both Sexes,34,Census - de jure - complete tabulation,"Final figure, complete",2024,6308459,"1,2"
China,2020,Rural,Both Sexes,35,Census - de jure - complete tabulation,"Final figure, complete",2024,5509023,"1,2"
China,2020,Rural,Both Sexes,35 - 39,Census - de jure - complete tabulation,"Final figure, complete",2024,27805019,"1,2"
China,2020,Rural,Both Sexes,36,Census - de jure - complete tabulation,"Final figure, complete",2024,5478628,"1,2"
China,2020,Rural,Both Sexes,37,Census - de jure - complete tabulation,"Final figure, complete",2024,5282381,"1,2"
China,2020,Rural,Both Sexes,38,Census - de jure - complete tabulation,"Final figure, complete",2024,6040561,"1,2"
China,2020,Rural,Both Sexes,39,Census - de jure - complete tabulation,"Final figure, complete",2024,5494426,"1,2"
China,2020,Rural,Both Sexes,40,Census - de jure - complete tabulation,"Final figure, complete",2024,5202439,"1,2"
China,2020,Rural,Both Sexes,40 - 44,Census - de jure - complete tabulation,"Final figure, complete",2024,28532469,"1,2"
China,2020,Rural,Both Sexes,41,Census - de jure - complete tabulation,"Final figure, complete",2024,5734472,"1,2"
China,2020,Rural,Both Sexes,42,Census - de jure - complete tabulation,"Final figure, complete",2024,5650448,"1,2"
China,2020,Rural,Both Sexes,43,Census - de jure - complete tabulation,"Final figure, complete",2024,5548842,"1,2"
China,2020,Rural,Both Sexes,44,Census - de jure - complete tabulation,"Final figure, complete",2024,6396268,"1,2"
China,2020,Rural,Both Sexes,45,Census - de jure - complete tabulation,"Final figure, complete",2024,6752396,"1,2"
China,2020,Rural,Both Sexes,45 - 49,Census - de jure - complete tabulation,"Final figure, complete",2024,40381055,"1,2"
China,2020,Rural,Both Sexes,46,Census - de jure - complete tabulation,"Final figure, complete",2024,7688630,"1,2"
China,2020,Rural,Both Sexes,47,Census - de jure - complete tabulation,"Final figure, complete",2024,8175086,"1,2"
China,2020,Rural,Both Sexes,48,Census - de jure - complete tabulation,"Final figure, complete",2024,8630501,"1,2"
China,2020,Rural,Both Sexes,49,Census - de jure - complete tabulation,"Final figure, complete",2024,9134442,"1,2"
China,2020,Rural,Both Sexes,50,Census - de jure - complete tabulation,"Final figure, complete",2024,9926606,"1,2"
China,2020,Rural,Both Sexes,50 - 54,Census - de jure - complete tabulation,"Final figure, complete",2024,48580819,"1,2"
China,2020,Rural,Both Sexes,51,Census - de jure - complete tabulation,"Final figure, complete",2024,9509848,"1,2"
China,2020,Rural,Both Sexes,52,Census - de jure - complete tabulation,"Final figure, complete",2024,10451099,"1,2"
China,2020,Rural,Both Sexes,53,Census - de jure - complete tabulation,"Final figure, complete",2024,8786242,"1,2"
China,2020,Rural,Both Sexes,54,Census - de jure - complete tabulation,"Final figure, complete",2024,9907024,"1,2"
China,2020,Rural,Both Sexes,55,Census - de jure - complete tabulation,"Final figure, complete",2024,9534534,"1,2"
China,2020,Rural,Both Sexes,55 - 59,Census - de jure - complete tabulation,"Final figure, complete",2024,41403376,"1,2"
China,2020,Rural,Both Sexes,56,Census - de jure - complete tabulation,"Final figure, complete",2024,9133630,"1,2"
China,2020,Rural,Both Sexes,57,Census - de jure - complete tabulation,"Final figure, complete",2024,10404817,"1,2"
China,2020,Rural,Both Sexes,58,Census - de jure - complete tabulation,"Final figure, complete",2024,8004689,"1,2"
China,2020,Rural,Both Sexes,59,Census - de jure - complete tabulation,"Final figure, complete",2024,4325706,"1,2"
China,2020,Rural,Both Sexes,60,Census - de jure - complete tabulation,"Final figure, complete",2024,5199543,"1,2"
China,2020,Rural,Both Sexes,60 - 64,Census - de jure - complete tabulation,"Final figure, complete",2024,31003418,"1,2"
China,2020,Rural,Both Sexes,61,Census - de jure - complete tabulation,"Final figure, complete",2024,4974075,"1,2"
China,2020,Rural,Both Sexes,62,Census - de jure - complete tabulation,"Final figure, complete",2024,6488860,"1,2"
China,2020,Rural,Both Sexes,63,Census - de jure - complete tabulation,"Final figure, complete",2024,7452833,"1,2"
China,2020,Rural,Both Sexes,64,Census - de jure - complete tabulation,"Final figure, complete",2024,6888107,"1,2"
China,2020,Rural,Both Sexes,65,Census - de jure - complete tabulation,"Final figure, complete",2024,7320339,"1,2"
China,2020,Rural,Both Sexes,65 - 69,Census - de jure - complete tabulation,"Final figure, complete",2024,34278062,"1,2"
China,2020,Rural,Both Sexes,66,Census - de jure - complete tabulation,"Final figure, complete",2024,7363648,"1,2"
China,2020,Rural,Both Sexes,67,Census - de jure - complete tabulation,"Final figure, complete",2024,6827580,"1,2"
China,2020,Rural,Both Sexes,68,Census - de jure - complete tabulation,"Final figure, complete",2024,6915696,"1,2"
China,2020,Rural,Both Sexes,69,Census - de jure - complete tabulation,"Final figure, complete",2024,5850799,"1,2"
China,2020,Rural,Both Sexes,70,Census - de jure - complete tabulation,"Final figure, complete",2024,5537340,"1,2"
China,2020,Rural,Both Sexes,70 - 74,Census - de jure - complete tabulation,"Final figure, complete",2024,24095543,"1,2"
China,2020,Rural,Both Sexes,71,Census - de jure - complete tabulation,"Final figure, complete",2024,5452832,"1,2"
China,2020,Rural,Both Sexes,72,Census - de jure - complete tabulation,"Final figure, complete",2024,4677441,"1,2"
China,2020,Rural,Both Sexes,73,Census - de jure - complete tabulation,"Final figure, complete",2024,4428265,"1,2"
China,2020,Rural,Both Sexes,74,Census - de jure - complete tabulation,"Final figure, complete",2024,3999665,"1,2"
China,2020,Rural,Both Sexes,75,Census - de jure - complete tabulation,"Final figure, complete",2024,3550674,"1,2"
China,2020,Rural,Both Sexes,75 - 79,Census - de jure - complete tabulation,"Final figure, complete",2024,15307799,"1,2"
China,2020,Rural,Both Sexes,76,Census - de jure - complete tabulation,"Final figure, complete",2024,3383099,"1,2"
China,2020,Rural,Both Sexes,77,Census - de jure - complete tabulation,"Final figure, complete",2024,2971622,"1,2"
China,2020,Rural,Both Sexes,78,Census - de jure - complete tabulation,"Final figure, complete",2024,2730210,"1,2"
China,2020,Rural,Both Sexes,79,Census - de jure - complete tabulation,"Final figure, complete",2024,2672194,"1,2"
China,2020,Rural,Both Sexes,80,Census - de jure - complete tabulation,"Final figure, complete",2024,2318647,"1,2"
China,2020,Rural,Both Sexes,80 - 84,Census - de jure - complete tabulation,"Final figure, complete",2024,9527299,"1,2"
China,2020,Rural,Both Sexes,81,Census - de jure - complete tabulation,"Final figure, complete",2024,1924717,"1,2"
China,2020,Rural,Both Sexes,82,Census - de jure - complete tabulation,"Final figure, complete",2024,1985142,"1,2"
China,2020,Rural,Both Sexes,83,Census - de jure - complete tabulation,"Final figure, complete",2024,1733192,"1,2"
China,2020,Rural,Both Sexes,84,Census - de jure - complete tabulation,"Final figure, complete",2024,1565601,"1,2"
China,2020,Rural,Both Sexes,85,Census - de jure - complete tabulation,"Final figure, complete",2024,1345683,"1,2"
China,2020,Rural,Both Sexes,85 - 89,Census - de jure - complete tabulation,"Final figure, complete",2024,5027616,"1,2"
China,2020,Rural,Both Sexes,86,Census - de jure - complete tabulation,"Final figure, complete",2024,1169587,"1,2"
China,2020,Rural,Both Sexes,87,Census - de jure - complete tabulation,"Final figure, complete",2024,1063604,"1,2"
China,2020,Rural,Both Sexes,88,Census - de jure - complete tabulation,"Final figure, complete",2024,802688,"1,2"
China,2020,Rural,Both Sexes,89,Census - de jure - complete tabulation,"Final figure, complete",2024,646054,"1,2"
China,2020,Rural,Both Sexes,90,Census - de jure - complete tabulation,"Final figure, complete",2024,562077,"1,2"
China,2020,Rural,Both Sexes,90 - 94,Census - de jure - complete tabulation,"Final figure, complete",2024,1685053,"1,2"
China,2020,Rural,Both Sexes,91,Census - de jure - complete tabulation,"Final figure, complete",2024,386558,"1,2"
China,2020,Rural,Both Sexes,92,Census - de jure - complete tabulation,"Final figure, complete",2024,330361,"1,2"
China,2020,Rural,Both Sexes,93,Census - de jure - complete tabulation,"Final figure, complete",2024,236572,"1,2"
China,2020,Rural,Both Sexes,94,Census - de jure - complete tabulation,"Final figure, complete",2024,169485,"1,2"
China,2020,Rural,Both Sexes,95,Census - de jure - complete tabulation,"Final figure, complete",2024,133931,"1,2"
China,2020,Rural,Both Sexes,95 - 99,Census - de jure - complete tabulation,"Final figure, complete",2024,375944,"1,2"
China,2020,Rural,Both Sexes,96,Census - de jure - complete tabulation,"Final figure, complete",2024,94395,"1,2"
China,2020,Rural,Both Sexes,97,Census - de jure - complete tabulation,"Final figure, complete",2024,66285,"1,2"
China,2020,Rural,Both Sexes,98,Census - de jure - complete tabulation,"Final figure, complete",2024,45529,"1,2"
China,2020,Rural,Both Sexes,99,Census - de jure - complete tabulation,"Final figure, complete",2024,35804,"1,2"
China,2020,Rural,Both Sexes,100 +,Census - de jure - complete tabulation,"Final figure, complete",2024,55560,"1,2"
China,2020,Rural,Male,Total,Census - de jure - complete tabulation,"Final figure, complete",2024,264595042,"1,2"
China,2020,Rural,Male,0,Census - de jure - complete tabulation,"Final figure, complete",2024,2473852,"1,2"
China,2020,Rural,Male,0 - 4,Census - de jure - complete tabulation,"Final figure, complete",2024,14736837,"1,2"
China,2020,Rural,Male,1,Census - de jure - complete tabulation,"Final figure, complete",2024,2696543,"1,2"
China,2020,Rural,Male,2,Census - de jure - complete tabulation,"Final figure, complete",2024,2871539,"1,2"
China,2020,Rural,Male,3,Census - de jure - complete tabulation,"Final figure, complete",2024,3357507,"1,2"
China,2020,Rural,Male,4,Census - de jure - complete tabulation,"Final figure, complete",2024,3337396,"1,2"
China,2020,Rural,Male,5,Census - de jure - complete tabulation,"Final figure, complete",2024,3319326,"1,2"
China,2020,Rural,Male,5 - 9,Census - de jure - complete tabulation,"Final figure, complete",2024,18404830,"1,2"
China,2020,Rural,Male,6,Census - de jure - complete tabulation,"Final figure, complete",2024,3662437,"1,2"
China,2020,Rural,Male,7,Census - de jure - complete tabulation,"Final figure, complete",2024,3640368,"1,2"
China,2020,Rural,Male,8,Census - de jure - complete tabulation,"Final figure, complete",2024,3971670,"1,2"
China,2020,Rural,Male,9,Census - de jure - complete tabulation,"Final figure, complete",2024,3811029,"1,2"
China,2020,Rural,Male,10,Census - de jure - complete tabulation,"Final figure, complete",2024,3786325,"1,2"
China,2020,Rural,Male,10 - 14,Census - de jure - complete tabulation,"Final figure, complete",2024,18976267,"1,2"
China,2020,Rural,Male,11,Census - de jure - complete tabulation,"Final figure, complete",2024,3958511,"1,2"
China,2020,Rural,Male,12,Census - de jure - complete tabulation,"Final figure, complete",2024,3869674,"1,2"
China,2020,Rural,Male,13,Census - de jure - complete tabulation,"Final figure, complete",2024,3707907,"1,2"
China,2020,Rural,Male,14,Census - de jure - complete tabulation,"Final figure, complete",2024,3653850,"1,2"
China,2020,Rural,Male,15,Census - de jure - complete tabulation,"Final figure, complete",2024,2756184,"1,2"
China,2020,Rural,Male,15 - 19,Census - de jure - complete tabulation,"Final figure, complete",2024,10886982,"1,2"
China,2020,Rural,Male,16,Census - de jure - complete tabulation,"Final figure, complete",2024,2111936,"1,2"
China,2020,Rural,Male,17,Census - de jure - complete tabulation,"Final figure, complete",2024,1852658,"1,2"
China,2020,Rural,Male,18,Census - de jure - complete tabulation,"Final figure, complete",2024,2071658,"1,2"
China,2020,Rural,Male,19,Census - de jure - complete tabulation,"Final figure, complete",2024,2094546,"1,2"
China,2020,Rural,Male,20,Census - de jure - complete tabulation,"Final figure, complete",2024,2086768,"1,2"
China,2020,Rural,Male,20 - 24,Census - de jure - complete tabulation,"Final figure, complete",2024,11861651,"1,2"
China,2020,Rural,Male,21,Census - de jure - complete tabulation,"Final figure, complete",2024,2107809,"1,2"
China,2020,Rural,Male,22,Census - de jure - complete tabulation,"Final figure, complete",2024,2476005,"1,2"
China,2020,Rural,Male,23,Census - de jure - complete tabulation,"Final figure, complete",2024,2551511,"1,2"
China,2020,Rural,Male,24,Census - de jure - complete tabulation,"Final figure, complete",2024,2639558,"1,2"
China,2020,Rural,Male,25,Census - de jure - complete tabulation,"Final figure, complete",2024,2852368,"1,2"
China,2020,Rural,Male,25 - 29,Census - de jure - complete tabulation,"Final figure, complete",2024,14968243,"1,2"
China,2020,Rural,Male,26,Census - de jure - complete tabulation,"Final figure, complete",2024,2744907,"1,2"
China,2020,Rural,Male,27,Census - de jure - complete tabulation,"Final figure, complete",2024,2983923,"1,2"
China,2020,Rural,Male,28,Census - de jure - complete tabulation,"Final figure, complete",2024,3090697,"1,2"
China,2020,Rural,Male,29,Census - de jure - complete tabulation,"Final figure, complete",2024,3296348,"1,2"
China,2020,Rural,Male,30,Census - de jure - complete tabulation,"Final figure, complete",2024,4129106,"1,2"
China,2020,Rural,Male,30 - 34,Census - de jure - complete tabulation,"Final figure, complete",2024,18933754,"1,2"
China,2020,Rural,Male,31,Census - de jure - complete tabulation,"Final figure, complete",2024,3912969,"1,2"
China,2020,Rural,Male,32,Census - de jure - complete tabulation,"Final figure, complete",2024,3615395,"1,2"
China,2020,Rural,Male,33,Census - de jure - complete tabulation,"Final figure, complete",2024,3887684,"1,2"
China,2020,Rural,Male,34,Census - de jure - complete tabulation,"Final figure, complete",2024,3388600,"1,2"
China,2020,Rural,Male,35,Census - de jure - complete tabulation,"Final figure, complete",2024,2957244,"1,2"
China,2020,Rural,Male,35 - 39,Census - de jure - complete tabulation,"Final figure, complete",2024,14918538,"1,2"
China,2020,Rural,Male,36,Census - de jure - complete tabulation,"Final figure, complete",2024,2936818,"1,2"
China,2020,Rural,Male,37,Census - de jure - complete tabulation,"Final figure, complete",2024,2837692,"1,2"
China,2020,Rural,Male,38,Census - de jure - complete tabulation,"Final figure, complete",2024,3249573,"1,2"
China,2020,Rural,Male,39,Census - de jure - complete tabulation,"Final figure, complete",2024,2937211,"1,2"
China,2020,Rural,Male,40,Census - de jure - complete tabulation,"Final figure, complete",2024,2757928,"1,2"
China,2020,Rural,Male,40 - 44,Census - de jure - complete tabulation,"Final figure, complete",2024,15046746,"1,2"
China,2020,Rural,Male,41,Census - de jure - complete tabulation,"Final figure, complete",2024,3050337,"1,2"
China,2020,Rural,Male,42,Census - de jure - complete tabulation,"Final figure, complete",2024,2972905,"1,2"
China,2020,Rural,Male,43,Census - de jure - complete tabulation,"Final figure, complete",2024,2921012,"1,2"
China,2020,Rural,Male,44,Census - de jure - complete tabulation,"Final figure, complete",2024,3344564,"1,2"
China,2020,Rural,Male,45,Census - de jure - complete tabulation,"Final figure, complete",2024,3510598,"1,2"
China,2020,Rural,Male,45 - 49,Census - de jure - complete tabulation,"Final figure, complete",2024,20813054,"1,2"
China,2020,Rural,Male,46,Census - de jure - complete tabulation,"Final figure, complete",2024,3971653,"1,2"
China,2020,Rural,Male,47,Census - de jure - complete tabulation,"Final figure, complete",2024,4216723,"1,2"
China,2020,Rural,Male,48,Census - de jure - complete tabulation,"Final figure, complete",2024,4425848,"1,2"
China,2020,Rural,Male,49,Census - de jure - complete tabulation,"Final figure, complete",2024,4688232,"1,2"
China,2020,Rural,Male,50,Census - de jure - complete tabulation,"Final figure, complete",2024,5029452,"1,2"
China,2020,Rural,Male,50 - 54,Census - de jure - complete tabulation,"Final figure, complete",2024,24646626,"1,2"
China,2020,Rural,Male,51,Census - de jure - complete tabulation,"Final figure, complete",2024,4830974,"1,2"
China,2020,Rural,Male,52,Census - de jure - complete tabulation,"Final figure, complete",2024,5288723,"1,2"
China,2020,Rural,Male,53,Census - de jure - complete tabulation,"Final figure, complete",2024,4443801,"1,2"
China,2020,Rural,Male,54,Census - de jure - complete tabulation,"Final figure, complete",2024,5053676,"1,2"
China,2020,Rural,Male,55,Census - de jure - complete tabulation,"Final figure, complete",2024,4846533,"1,2"
China,2020,Rural,Male,55 - 59,Census - de jure - complete tabulation,"Final figure, complete",2024,20950572,"1,2"
China,2020,Rural,Male,56,Census - de jure - complete tabulation,"Final figure, complete",2024,4608985,"1,2"
China,2020,Rural,Male,57,Census - de jure - complete tabulation,"Final figure, complete",2024,5314867,"1,2"
China,2020,Rural,Male,58,Census - de jure - complete tabulation,"Final figure, complete",2024,4043199,"1,2"
China,2020,Rural,Male,59,Census - de jure - complete tabulation,"Final figure, complete",2024,2136988,"1,2"
China,2020,Rural,Male,60,Census - de jure - complete tabulation,"Final figure, complete",2024,2638095,"1,2"
China,2020,Rural,Male,60 - 64,Census - de jure - complete tabulation,"Final figure, complete",2024,15924093,"1,2"
China,2020,Rural,Male,61,Census - de jure - complete tabulation,"Final figure, complete",2024,2573701,"1,2"
China,2020,Rural,Male,62,Census - de jure - complete tabulation,"Final figure, complete",2024,3357908,"1,2"
China,2020,Rural,Male,63,Census - de jure - complete tabulation,"Final figure, complete",2024,3854262,"1,2"
China,2020,Rural,Male,64,Census - de jure - complete tabulation,"Final figure, complete",2024,3500127,"1,2"
China,2020,Rural,Male,65,Census - de jure - complete tabulation,"Final figure, complete",2024,3727290,"1,2"
China,2020,Rural,Male,65 - 69,Census - de jure - complete tabulation,"Final figure, complete",2024,17198776,"1,2"
China,2020,Rural,Male,66,Census - de jure - complete tabulation,"Final figure, complete",2024,3709766,"1,2"
China,2020,Rural,Male,67,Census - de jure - complete tabulation,"Final figure, complete",2024,3414981,"1,2"
China,2020,Rural,Male,68,Census - de jure - complete tabulation,"Final figure, complete",2024,3453286,"1,2"
China,2020,Rural,Male,69,Census - de jure - complete tabulation,"Final figure, complete",2024,2893453,"1,2"
China,2020,Rural,Male,70,Census - de jure - complete tabulation,"Final figure, complete",2024,2747662,"1,2"
China,2020,Rural,Male,70 - 74,Census - de jure - complete tabulation,"Final figure, complete",2024,11949728,"1,2"
China,2020,Rural,Male,71,Census - de jure - complete tabulation,"Final figure, complete",2024,2751992,"1,2"
China,2020,Rural,Male,72,Census - de jure - complete tabulation,"Final figure, complete",2024,2319421,"1,2"
China,2020,Rural,Male,73,Census - de jure - complete tabulation,"Final figure, complete",2024,2189461,"1,2"
China,2020,Rural,Male,74,Census - de jure - complete tabulation,"Final figure, complete",2024,1941192,"1,2"
China,2020,Rural,Male,75,Census - de jure - complete tabulation,"Final figure, complete",2024,1712204,"1,2"
China,2020,Rural,Male,75 - 79,Census - de jure - complete tabulation,"Final figure, complete",2024,7362435,"1,2"
China,2020,Rural,Male,76,Census - de jure - complete tabulation,"Final figure, complete",2024,1652921,"1,2"
China,2020,Rural,Male,77,Census - de jure - complete tabulation,"Final figure, complete",2024,1426674,"1,2"
China,2020,Rural,Male,78,Census - de jure - complete tabulation,"Final figure, complete",2024,1305269,"1,2"
China,2020,Rural,Male,79,Census - de jure - complete tabulation,"Final figure, complete",2024,1265367,"1,2"
China,2020,Rural,Male,80,Census - de jure - complete tabulation,"Final figure, complete",2024,1084364,"1,2"
China,2020,Rural,Male,80 - 84,Census - de jure - complete tabulation,"Final figure, complete",2024,4315466,"1,2"
China,2020,Rural,Male,81,Census - de jure - complete tabulation,"Final figure, complete",2024,883576,"1,2"
China,2020,Rural,Male,82,Census - de jure - complete tabulation,"Final figure, complete",2024,906263,"1,2"
China,2020,Rural,Male,83,Census - de jure - complete tabulation,"Final figure, complete",2024,768650,"1,2"
China,2020,Rural,Male,84,Census - de jure - complete tabulation,"Final figure, complete",2024,672613,"1,2"
China,2020,Rural,Male,85,Census - de jure - complete tabulation,"Final figure, complete",2024,555986,"1,2"
China,2020,Rural,Male,85 - 89,Census - de jure - complete tabulation,"Final figure, complete",2024,1992630,"1,2"
China,2020,Rural,Male,86,Census - de jure - complete tabulation,"Final figure, complete",2024,471092,"1,2"
China,2020,Rural,Male,87,Census - de jure - complete tabulation,"Final figure, complete",2024,419909,"1,2"
China,2020,Rural,Male,88,Census - de jure - complete tabulation,"Final figure, complete",2024,305043,"1,2"
China,2020,Rural,Male,89,Census - de jure - complete tabulation,"Final figure, complete",2024,240600,"1,2"
China,2020,Rural,Male,90,Census - de jure - complete tabulation,"Final figure, complete",2024,203386,"1,2"
China,2020,Rural,Male,90 - 94,Census - de jure - complete tabulation,"Final figure, complete",2024,580439,"1,2"
China,2020,Rural,Male,91,Census - de jure - complete tabulation,"Final figure, complete",2024,133332,"1,2"
China,2020,Rural,Male,92,Census - de jure - complete tabulation,"Final figure, complete",2024,112001,"1,2"
China,2020,Rural,Male,93,Census - de jure - complete tabulation,"Final figure, complete",2024,77722,"1,2"
China,2020,Rural,Male,94,Census - de jure - complete tabulation,"Final figure, complete",2024,53998,"1,2"
China,2020,Rural,Male,95,Census - de jure - complete tabulation,"Final figure, complete",2024,41099,"1,2"
China,2020,Rural,Male,95 - 99,Census - de jure - complete tabulation,"Final figure, complete",2024,112711,"1,2"
China,2020,Rural,Male,96,Census - de jure - complete tabulation,"Final figure, complete",2024,28239,"1,2"
China,2020,Rural,Male,97,Census - de jure - complete tabulation,"Final figure, complete",2024,19400,"1,2"
China,2020,Rural,Male,98,Census - de jure - complete tabulation,"Final figure, complete",2024,13489,"1,2"
China,2020,Rural,Male,99,Census - de jure - complete tabulation,"Final figure, complete",2024,10484,"1,2"
China,2020,Rural,Male,100 +,Census - de jure - complete tabulation,"Final figure, complete",2024,14664,"1,2"
China,2020,Rural,Female,Total,Census - de jure - complete tabulation,"Final figure, complete",2024,245192520,"1,2"
China,2020,Rural,Female,0,Census - de jure - complete tabulation,"Final figure, complete",2024,2218152,"1,2"
China,2020,Rural,Female,0 - 4,Census - de jure - complete tabulation,"Final figure, complete",2024,13286374,"1,2"
China,2020,Rural,Female,1,Census - de jure - complete tabulation,"Final figure, complete",2024,2434614,"1,2"
China,2020,Rural,Female,2,Census - de jure - complete tabulation,"Final figure, complete",2024,2595438,"1,2"
China,2020,Rural,Female,3,Census - de jure - complete tabulation,"Final figure, complete",2024,3039781,"1,2"
China,2020,Rural,Female,4,Census - de jure - complete tabulation,"Final figure, complete",2024,2998389,"1,2"
China,2020,Rural,Female,5,Census - de jure - complete tabulation,"Final figure, complete",2024,2962221,"1,2"
China,2020,Rural,Female,5 - 9,Census - de jure - complete tabulation,"Final figure, complete",2024,16300461,"1,2"
China,2020,Rural,Female,6,Census - de jure - complete tabulation,"Final figure, complete",2024,3246846,"1,2"
China,2020,Rural,Female,7,Census - de jure - complete tabulation,"Final figure, complete",2024,3236975,"1,2"
China,2020,Rural,Female,8,Census - de jure - complete tabulation,"Final figure, complete",2024,3504056,"1,2"
China,2020,Rural,Female,9,Census - de jure - complete tabulation,"Final figure, complete",2024,3350363,"1,2"
China,2020,Rural,Female,10,Census - de jure - complete tabulation,"Final figure, complete",2024,3316030,"1,2"
China,2020,Rural,Female,10 - 14,Census - de jure - complete tabulation,"Final figure, complete",2024,16521188,"1,2"
China,2020,Rural,Female,11,Census - de jure - complete tabulation,"Final figure, complete",2024,3472319,"1,2"
China,2020,Rural,Female,12,Census - de jure - complete tabulation,"Final figure, complete",2024,3375530,"1,2"
China,2020,Rural,Female,13,Census - de jure - complete tabulation,"Final figure, complete",2024,3215299,"1,2"
China,2020,Rural,Female,14,Census - de jure - complete tabulation,"Final figure, complete",2024,3142010,"1,2"
China,2020,Rural,Female,15,Census - de jure - complete tabulation,"Final figure, complete",2024,2267161,"1,2"
China,2020,Rural,Female,15 - 19,Census - de jure - complete tabulation,"Final figure, complete",2024,8623809,"1,2"
China,2020,Rural,Female,16,Census - de jure - complete tabulation,"Final figure, complete",2024,1659742,"1,2"
China,2020,Rural,Female,17,Census - de jure - complete tabulation,"Final figure, complete",2024,1438952,"1,2"
China,2020,Rural,Female,18,Census - de jure - complete tabulation,"Final figure, complete",2024,1631301,"1,2"
China,2020,Rural,Female,19,Census - de jure - complete tabulation,"Final figure, complete",2024,1626653,"1,2"
China,2020,Rural,Female,20,Census - de jure - complete tabulation,"Final figure, complete",2024,1621490,"1,2"
China,2020,Rural,Female,20 - 24,Census - de jure - complete tabulation,"Final figure, complete",2024,9636685,"1,2"
China,2020,Rural,Female,21,Census - de jure - complete tabulation,"Final figure, complete",2024,1688184,"1,2"
China,2020,Rural,Female,22,Census - de jure - complete tabulation,"Final figure, complete",2024,2034615,"1,2"
China,2020,Rural,Female,23,Census - de jure - complete tabulation,"Final figure, complete",2024,2107953,"1,2"
China,2020,Rural,Female,24,Census - de jure - complete tabulation,"Final figure, complete",2024,2184443,"1,2"
China,2020,Rural,Female,25,Census - de jure - complete tabulation,"Final figure, complete",2024,2343313,"1,2"
China,2020,Rural,Female,25 - 29,Census - de jure - complete tabulation,"Final figure, complete",2024,12383247,"1,2"
China,2020,Rural,Female,26,Census - de jure - complete tabulation,"Final figure, complete",2024,2261282,"1,2"
China,2020,Rural,Female,27,Census - de jure - complete tabulation,"Final figure, complete",2024,2467484,"1,2"
China,2020,Rural,Female,28,Census - de jure - complete tabulation,"Final figure, complete",2024,2564121,"1,2"
China,2020,Rural,Female,29,Census - de jure - complete tabulation,"Final figure, complete",2024,2747047,"1,2"
China,2020,Rural,Female,30,Census - de jure - complete tabulation,"Final figure, complete",2024,3479819,"1,2"
China,2020,Rural,Female,30 - 34,Census - de jure - complete tabulation,"Final figure, complete",2024,16208202,"1,2"
China,2020,Rural,Female,31,Census - de jure - complete tabulation,"Final figure, complete",2024,3354816,"1,2"
China,2020,Rural,Female,32,Census - de jure - complete tabulation,"Final figure, complete",2024,3119352,"1,2"
China,2020,Rural,Female,33,Census - de jure - complete tabulation,"Final figure, complete",2024,3334356,"1,2"
China,2020,Rural,Female,34,Census - de jure - complete tabulation,"Final figure, complete",2024,2919859,"1,2"
China,2020,Rural,Female,35,Census - de jure - complete tabulation,"Final figure, complete",2024,2551779,"1,2"
China,2020,Rural,Female,35 - 39,Census - de jure - complete tabulation,"Final figure, complete",2024,12886481,"1,2"
China,2020,Rural,Female,36,Census - de jure - complete tabulation,"Final figure, complete",2024,2541810,"1,2"
China,2020,Rural,Female,37,Census - de jure - complete tabulation,"Final figure, complete",2024,2444689,"1,2"
China,2020,Rural,Female,38,Census - de jure - complete tabulation,"Final figure, complete",2024,2790988,"1,2"
China,2020,Rural,Female,39,Census - de jure - complete tabulation,"Final figure, complete",2024,2557215,"1,2"
China,2020,Rural,Female,40,Census - de jure - complete tabulation,"Final figure, complete",2024,2444511,"1,2"
China,2020,Rural,Female,40 - 44,Census - de jure - complete tabulation,"Final figure, complete",2024,13485723,"1,2"
China,2020,Rural,Female,41,Census - de jure - complete tabulation,"Final figure, complete",2024,2684135,"1,2"
China,2020,Rural,Female,42,Census - de jure - complete tabulation,"Final figure, complete",2024,2677543,"1,2"
China,2020,Rural,Female,43,Census - de jure - complete tabulation,"Final figure, complete",2024,2627830,"1,2"
China,2020,Rural,Female,44,Census - de jure - complete tabulation,"Final figure, complete",2024,3051704,"1,2"
China,2020,Rural,Female,45,Census - de jure - complete tabulation,"Final figure, complete",2024,3241798,"1,2"
China,2020,Rural,Female,45 - 49,Census - de jure - complete tabulation,"Final figure, complete",2024,19568001,"1,2"
China,2020,Rural,Female,46,Census - de jure - complete tabulation,"Final figure, complete",2024,3716977,"1,2"
China,2020,Rural,Female,47,Census - de jure - complete tabulation,"Final figure, complete",2024,3958363,"1,2"
China,2020,Rural,Female,48,Census - de jure - complete tabulation,"Final figure, complete",2024,4204653,"1,2"
China,2020,Rural,Female,49,Census - de jure - complete tabulation,"Final figure, complete",2024,4446210,"1,2"
China,2020,Rural,Female,50,Census - de jure - complete tabulation,"Final figure, complete",2024,4897154,"1,2"
China,2020,Rural,Female,50 - 54,Census - de jure - complete tabulation,"Final figure, complete",2024,23934193,"1,2"
China,2020,Rural,Female,51,Census - de jure - complete tabulation,"Final figure, complete",2024,4678874,"1,2"
China,2020,Rural,Female,52,Census - de jure - complete tabulation,"Final figure, complete",2024,5162376,"1,2"
China,2020,Rural,Female,53,Census - de jure - complete tabulation,"Final figure, complete",2024,4342441,"1,2"
China,2020,Rural,Female,54,Census - de jure - complete tabulation,"Final figure, complete",2024,4853348,"1,2"
China,2020,Rural,Female,55,Census - de jure - complete tabulation,"Final figure, complete",2024,4688001,"1,2"
China,2020,Rural,Female,55 - 59,Census - de jure - complete tabulation,"Final figure, complete",2024,20452804,"1,2"
China,2020,Rural,Female,56,Census - de jure - complete tabulation,"Final figure, complete",2024,4524645,"1,2"
China,2020,Rural,Female,57,Census - de jure - complete tabulation,"Final figure, complete",2024,5089950,"1,2"
China,2020,Rural,Female,58,Census - de jure - complete tabulation,"Final figure, complete",2024,3961490,"1,2"
China,2020,Rural,Female,59,Census - de jure - complete tabulation,"Final figure, complete",2024,2188718,"1,2"
China,2020,Rural,Female,60,Census - de jure - complete tabulation,"Final figure, complete",2024,2561448,"1,2"
China,2020,Rural,Female,60 - 64,Census - de jure - complete tabulation,"Final figure, complete",2024,15079325,"1,2"
China,2020,Rural,Female,61,Census - de jure - complete tabulation,"Final figure, complete",2024,2400374,"1,2"
China,2020,Rural,Female,62,Census - de jure - complete tabulation,"Final figure, complete",2024,3130952,"1,2"
China,2020,Rural,Female,63,Census - de jure - complete tabulation,"Final figure, complete",2024,3598571,"1,2"
China,2020,Rural,Female,64,Census - de jure - complete tabulation,"Final figure, complete",2024,3387980,"1,2"
China,2020,Rural,Female,65,Census - de jure - complete tabulation,"Final figure, complete",2024,3593049,"1,2"
China,2020,Rural,Female,65 - 69,Census - de jure - complete tabulation,"Final figure, complete",2024,17079286,"1,2"
China,2020,Rural,Female,66,Census - de jure - complete tabulation,"Final figure, complete",2024,3653882,"1,2"
China,2020,Rural,Female,67,Census - de jure - complete tabulation,"Final figure, complete",2024,3412599,"1,2"
China,2020,Rural,Female,68,Census - de jure - complete tabulation,"Final figure, complete",2024,3462410,"1,2"
China,2020,Rural,Female,69,Census - de jure - complete tabulation,"Final figure, complete",2024,2957346,"1,2"
China,2020,Rural,Female,70,Census - de jure - complete tabulation,"Final figure, complete",2024,2789678,"1,2"
China,2020,Rural,Female,70 - 74,Census - de jure - complete tabulation,"Final figure, complete",2024,12145815,"1,2"
China,2020,Rural,Female,71,Census - de jure - complete tabulation,"Final figure, complete",2024,2700840,"1,2"
China,2020,Rural,Female,72,Census - de jure - complete tabulation,"Final figure, complete",2024,2358020,"1,2"
China,2020,Rural,Female,73,Census - de jure - complete tabulation,"Final figure, complete",2024,2238804,"1,2"
China,2020,Rural,Female,74,Census - de jure - complete tabulation,"Final figure, complete",2024,2058473,"1,2"
China,2020,Rural,Female,75,Census - de jure - complete tabulation,"Final figure, complete",2024,1838470,"1,2"
China,2020,Rural,Female,75 - 79,Census - de jure - complete tabulation,"Final figure, complete",2024,7945364,"1,2"
China,2020,Rural,Female,76,Census - de jure - complete tabulation,"Final figure, complete",2024,1730178,"1,2"
China,2020,Rural,Female,77,Census - de jure - complete tabulation,"Final figure, complete",2024,1544948,"1,2"
China,2020,Rural,Female,78,Census - de jure - complete tabulation,"Final figure, complete",2024,1424941,"1,2"
China,2020,Rural,Female,79,Census - de jure - complete tabulation,"Final figure, complete",2024,1406827,"1,2"
China,2020,Rural,Female,80,Census - de jure - complete tabulation,"Final figure, complete",2024,1234283,"1,2"
China,2020,Rural,Female,80 - 84,Census - de jure - complete tabulation,"Final figure, complete",2024,5211833,"1,2"
China,2020,Rural,Female,81,Census - de jure - complete tabulation,"Final figure, complete",2024,1041141,"1,2"
China,2020,Rural,Female,82,Census - de jure - complete tabulation,"Final figure, complete",2024,1078879,"1,2"
China,2020,Rural,Female,83,Census - de jure - complete tabulation,"Final figure, complete",2024,964542,"1,2"
China,2020,Rural,Female,84,Census - de jure - complete tabulation,"Final figure, complete",2024,892988,"1,2"
China,2020,Rural,Female,85,Census - de jure - complete tabulation,"Final figure, complete",2024,789697,"1,2"
China,2020,Rural,Female,85 - 89,Census - de jure - complete tabulation,"Final figure, complete",2024,3034986,"1,2"
China,2020,Rural,Female,86,Census - de jure - complete tabulation,"Final figure, complete",2024,698495,"1,2"
China,2020,Rural,Female,87,Census - de jure - complete tabulation,"Final figure, complete",2024,643695,"1,2"
China,2020,Rural,Female,88,Census - de jure - complete tabulation,"Final figure, complete",2024,497645,"1,2"
China,2020,Rural,Female,89,Census - de jure - complete tabulation,"Final figure, complete",2024,405454,"1,2"
China,2020,Rural,Female,90,Census - de jure - complete tabulation,"Final figure, complete",2024,358691,"1,2"
China,2020,Rural,Female,90 - 94,Census - de jure - complete tabulation,"Final figure, complete",2024,1104614,"1,2"
China,2020,Rural,Female,91,Census - de jure - complete tabulation,"Final figure, complete",2024,253226,"1,2"
China,2020,Rural,Female,92,Census - de jure - complete tabulation,"Final figure, complete",2024,218360,"1,2"
China,2020,Rural,Female,93,Census - de jure - complete tabulation,"Final figure, complete",2024,158850,"1,2"
China,2020,Rural,Female,94,Census - de jure - complete tabulation,"Final figure, complete",2024,115487,"1,2"
China,2020,Rural,Female,95,Census - de jure - complete tabulation,"Final figure, complete",2024,92832,"1,2"
China,2020,Rural,Female,95 - 99,Census - de jure - complete tabulation,"Final figure, complete",2024,263233,"1,2"
China,2020,Rural,Female,96,Census - de jure - complete tabulation,"Final figure, complete",2024,66156,"1,2"
China,2020,Rural,Female,97,Census - de jure - complete tabulation,"Final figure, complete",2024,46885,"1,2"
China,2020,Rural,Female,98,Census - de jure - complete tabulation,"Final figure, complete",2024,32040,"1,2"
China,2020,Rural,Female,99,Census - de jure - complete tabulation,"Final figure, complete",2024,25320,"1,2"
China,2020,Rural,Female,100 +,Census - de jure - complete tabulation,"Final figure, complete",2024,40896,"1,2"
China,2010,Total,Both Sexes,Total,Census - de jure - complete tabulation,"Final figure, complete",2012,1332810869,"1,4"
China,2010,Total,Both Sexes,0,Census - de jure - complete tabulation,"Final figure, complete",2012,13786434,"1,4"
China,2010,Total,Both Sexes,0 - 4,Census - de jure - complete tabulation,"Final figure, complete",2012,75532610,"1,4"
China,2010,Total,Both Sexes,1,Census - de jure - complete tabulation,"Final figure, complete",2012,15657955,"1,4"
China,2010,Total,Both Sexes,2,Census - de jure - complete tabulation,"Final figure, complete",2012,15617375,"1,4"
China,2010,Total,Both Sexes,3,Census - de jure - complete tabulation,"Final figure, complete",2012,15250805,"1,4"
China,2010,Total,Both Sexes,4,Census - de jure - complete tabulation,"Final figure, complete",2012,15220041,"1,4"
China,2010,Total,Both Sexes,5,Census - de jure - complete tabulation,"Final figure, complete",2012,14732137,"1,4"
China,2010,Total,Both Sexes,5 - 9,Census - de jure - complete tabulation,"Final figure, complete",2012,70881549,"1,4"
China,2010,Total,Both Sexes,6,Census - de jure - complete tabulation,"Final figure, complete",2012,14804470,"1,4"
China,2010,Total,Both Sexes,7,Census - de jure - complete tabulation,"Final figure, complete",2012,13429161,"1,4"
China,2010,Total,Both Sexes,8,Census - de jure - complete tabulation,"Final figure, complete",2012,13666956,"1,4"
China,2010,Total,Both Sexes,9,Census - de jure - complete tabulation,"Final figure, complete",2012,14248825,"1,4"
China,2010,Total,Both Sexes,10,Census - de jure - complete tabulation,"Final figure, complete",2012,14454357,"1,4"
China,2010,Total,Both Sexes,10 - 14,Census - de jure - complete tabulation,"Final figure, complete",2012,74908462,"1,4"
China,2010,Total,Both Sexes,11,Census - de jure - complete tabulation,"Final figure, complete",2012,13935714,"1,4"
China,2010,Total,Both Sexes,12,Census - de jure - complete tabulation,"Final figure, complete",2012,15399559,"1,4"
China,2010,Total,Both Sexes,13,Census - de jure - complete tabulation,"Final figure, complete",2012,15225032,"1,4"
China,2010,Total,Both Sexes,14,Census - de jure - complete tabulation,"Final figure, complete",2012,15893800,"1,4"
China,2010,Total,Both Sexes,15,Census - de jure - complete tabulation,"Final figure, complete",2012,18024484,"1,4"
China,2010,Total,Both Sexes,15 - 19,Census - de jure - complete tabulation,"Final figure, complete",2012,99889114,"1,4"
China,2010,Total,Both Sexes,16,Census - de jure - complete tabulation,"Final figure, complete",2012,18790521,"1,4"
China,2010,Total,Both Sexes,17,Census - de jure - complete tabulation,"Final figure, complete",2012,20775369,"1,4"
China,2010,Total,Both Sexes,18,Census - de jure - complete tabulation,"Final figure, complete",2012,20755274,"1,4"
China,2010,Total,Both Sexes,19,Census - de jure - complete tabulation,"Final figure, complete",2012,21543466,"1,4"
China,2010,Total,Both Sexes,20,Census - de jure - complete tabulation,"Final figure, complete",2012,28026954,"1,4"
China,2010,Total,Both Sexes,20 - 24,Census - de jure - complete tabulation,"Final figure, complete",2012,127412518,"1,4"
China,2010,Total,Both Sexes,21,Census - de jure - complete tabulation,"Final figure, complete",2012,26556649,"1,4"
China,2010,Total,Both Sexes,22,Census - de jure - complete tabulation,"Final figure, complete",2012,24474192,"1,4"
China,2010,Total,Both Sexes,23,Census - de jure - complete tabulation,"Final figure, complete",2012,25695955,"1,4"
China,2010,Total,Both Sexes,24,Census - de jure - complete tabulation,"Final figure, complete",2012,22658768,"1,4"
China,2010,Total,Both Sexes,25,Census - de jure - complete tabulation,"Final figure, complete",2012,19933683,"1,4"
China,2010,Total,Both Sexes,25 - 29,Census - de jure - complete tabulation,"Final figure, complete",2012,101013852,"1,4"
China,2010,Total,Both Sexes,26,Census - de jure - complete tabulation,"Final figure, complete",2012,19709177,"1,4"
China,2010,Total,Both Sexes,27,Census - de jure - complete tabulation,"Final figure, complete",2012,19480836,"1,4"
China,2010,Total,Both Sexes,28,Census - de jure - complete tabulation,"Final figure, complete",2012,22322147,"1,4"
China,2010,Total,Both Sexes,29,Census - de jure - complete tabulation,"Final figure, complete",2012,19568009,"1,4"
China,2010,Total,Both Sexes,30,Census - de jure - complete tabulation,"Final figure, complete",2012,18928369,"1,4"
China,2010,Total,Both Sexes,30 - 34,Census - de jure - complete tabulation,"Final figure, complete",2012,97138203,"1,4"
China,2010,Total,Both Sexes,31,Census - de jure - complete tabulation,"Final figure, complete",2012,19866458,"1,4"
China,2010,Total,Both Sexes,32,Census - de jure - complete tabulation,"Final figure, complete",2012,19474874,"1,4"
China,2010,Total,Both Sexes,33,Census - de jure - complete tabulation,"Final figure, complete",2012,18179478,"1,4"
China,2010,Total,Both Sexes,34,Census - de jure - complete tabulation,"Final figure, complete",2012,20689024,"1,4"
China,2010,Total,Both Sexes,35,Census - de jure - complete tabulation,"Final figure, complete",2012,21186516,"1,4"
China,2010,Total,Both Sexes,35 - 39,Census - de jure - complete tabulation,"Final figure, complete",2012,118025959,"1,4"
China,2010,Total,Both Sexes,36,Census - de jure - complete tabulation,"Final figure, complete",2012,22906980,"1,4"
China,2010,Total,Both Sexes,37,Census - de jure - complete tabulation,"Final figure, complete",2012,23990208,"1,4"
China,2010,Total,Both Sexes,38,Census - de jure - complete tabulation,"Final figure, complete",2012,24730460,"1,4"
China,2010,Total,Both Sexes,39,Census - de jure - complete tabulation,"Final figure, complete",2012,25211795,"1,4"
China,2010,Total,Both Sexes,40,Census - de jure - complete tabulation,"Final figure, complete",2012,27397219,"1,4"
China,2010,Total,Both Sexes,40 - 44,Census - de jure - complete tabulation,"Final figure, complete",2012,124753964,"1,4"
China,2010,Total,Both Sexes,41,Census - de jure - complete tabulation,"Final figure, complete",2012,24956297,"1,4"
China,2010,Total,Both Sexes,42,Census - de jure - complete tabulation,"Final figure, complete",2012,27032542,"1,4"
China,2010,Total,Both Sexes,43,Census - de jure - complete tabulation,"Final figure, complete",2012,21355748,"1,4"
China,2010,Total,Both Sexes,44,Census - de jure - complete tabulation,"Final figure, complete",2012,24012158,"1,4"
China,2010,Total,Both Sexes,45,Census - de jure - complete tabulation,"Final figure, complete",2012,23962574,"1,4"
China,2010,Total,Both Sexes,45 - 49,Census - de jure - complete tabulation,"Final figure, complete",2012,105594553,"1,4"
China,2010,Total,Both Sexes,46,Census - de jure - complete tabulation,"Final figure, complete",2012,23355778,"1,4"
China,2010,Total,Both Sexes,47,Census - de jure - complete tabulation,"Final figure, complete",2012,26972157,"1,4"
China,2010,Total,Both Sexes,48,Census - de jure - complete tabulation,"Final figure, complete",2012,20075084,"1,4"
China,2010,Total,Both Sexes,49,Census - de jure - complete tabulation,"Final figure, complete",2012,11228960,"1,4"
China,2010,Total,Both Sexes,50,Census - de jure - complete tabulation,"Final figure, complete",2012,14097008,"1,4"
China,2010,Total,Both Sexes,50 - 54,Census - de jure - complete tabulation,"Final figure, complete",2012,78753171,"1,4"
China,2010,Total,Both Sexes,51,Census - de jure - complete tabulation,"Final figure, complete",2012,12838832,"1,4"
China,2010,Total,Both Sexes,52,Census - de jure - complete tabulation,"Final figure, complete",2012,16617709,"1,4"
China,2010,Total,Both Sexes,53,Census - de jure - complete tabulation,"Final figure, complete",2012,18351980,"1,4"
China,2010,Total,Both Sexes,54,Census - de jure - complete tabulation,"Final figure, complete",2012,16847642,"1,4"
China,2010,Total,Both Sexes,55,Census - de jure - complete tabulation,"Final figure, complete",2012,17610528,"1,4"
China,2010,Total,Both Sexes,55 - 59,Census - de jure - complete tabulation,"Final figure, complete",2012,81312474,"1,4"
China,2010,Total,Both Sexes,56,Census - de jure - complete tabulation,"Final figure, complete",2012,17738127,"1,4"
China,2010,Total,Both Sexes,57,Census - de jure - complete tabulation,"Final figure, complete",2012,16093888,"1,4"
China,2010,Total,Both Sexes,58,Census - de jure - complete tabulation,"Final figure, complete",2012,16167933,"1,4"
China,2010,Total,Both Sexes,59,Census - de jure - complete tabulation,"Final figure, complete",2012,13701998,"1,4"
China,2010,Total,Both Sexes,60,Census - de jure - complete tabulation,"Final figure, complete",2012,13618204,"1,4"
China,2010,Total,Both Sexes,60 - 64,Census - de jure - complete tabulation,"Final figure, complete",2012,58667282,"1,4"
China,2010,Total,Both Sexes,61,Census - de jure - complete tabulation,"Final figure, complete",2012,13029125,"1,4"
China,2010,Total,Both Sexes,62,Census - de jure - complete tabulation,"Final figure, complete",2012,11276853,"1,4"
China,2010,Total,Both Sexes,63,Census - de jure - complete tabulation,"Final figure, complete",2012,10791633,"1,4"
China,2010,Total,Both Sexes,64,Census - de jure - complete tabulation,"Final figure, complete",2012,9951467,"1,4"
China,2010,Total,Both Sexes,65,Census - de jure - complete tabulation,"Final figure, complete",2012,9073411,"1,4"
China,2010,Total,Both Sexes,65 - 69,Census - de jure - complete tabulation,"Final figure, complete",2012,41113282,"1,4"
China,2010,Total,Both Sexes,66,Census - de jure - complete tabulation,"Final figure, complete",2012,8640965,"1,4"
China,2010,Total,Both Sexes,67,Census - de jure - complete tabulation,"Final figure, complete",2012,7942141,"1,4"
China,2010,Total,Both Sexes,68,Census - de jure - complete tabulation,"Final figure, complete",2012,7740868,"1,4"
China,2010,Total,Both Sexes,69,Census - de jure - complete tabulation,"Final figure, complete",2012,7715897,"1,4"
China,2010,Total,Both Sexes,70,Census - de jure - complete tabulation,"Final figure, complete",2012,7389412,"1,4"
China,2010,Total,Both Sexes,70 - 74,Census - de jure - complete tabulation,"Final figure, complete",2012,32972397,"1,4"
China,2010,Total,Both Sexes,71,Census - de jure - complete tabulation,"Final figure, complete",2012,6265718,"1,4"
China,2010,Total,Both Sexes,72,Census - de jure - complete tabulation,"Final figure, complete",2012,6893225,"1,4"
China,2010,Total,Both Sexes,73,Census - de jure - complete tabulation,"Final figure, complete",2012,6343869,"1,4"
China,2010,Total,Both Sexes,74,Census - de jure - complete tabulation,"Final figure, complete",2012,6080173,"1,4"
China,2010,Total,Both Sexes,75,Census - de jure - complete tabulation,"Final figure, complete",2012,5632477,"1,4"
China,2010,Total,Both Sexes,75 - 79,Census - de jure - complete tabulation,"Final figure, complete",2012,23852133,"1,4"
China,2010,Total,Both Sexes,76,Census - de jure - complete tabulation,"Final figure, complete",2012,5175500,"1,4"
China,2010,Total,Both Sexes,77,Census - de jure - complete tabulation,"Final figure, complete",2012,5082383,"1,4"
China,2010,Total,Both Sexes,78,Census - de jure - complete tabulation,"Final figure, complete",2012,4254858,"1,4"
China,2010,Total,Both Sexes,79,Census - de jure - complete tabulation,"Final figure, complete",2012,3706915,"1,4"
China,2010,Total,Both Sexes,80,Census - de jure - complete tabulation,"Final figure, complete",2012,3737259,"1,4"
China,2010,Total,Both Sexes,80 - 84,Census - de jure - complete tabulation,"Final figure, complete",2012,13373198,"1,4"
China,2010,Total,Both Sexes,81,Census - de jure - complete tabulation,"Final figure, complete",2012,2816693,"1,4"
China,2010,Total,Both Sexes,82,Census - de jure - complete tabulation,"Final figure, complete",2012,2757918,"1,4"
China,2010,Total,Both Sexes,83,Census - de jure - complete tabulation,"Final figure, complete",2012,2237138,"1,4"
China,2010,Total,Both Sexes,84,Census - de jure - complete tabulation,"Final figure, complete",2012,1824190,"1,4"
China,2010,Total,Both Sexes,85,Census - de jure - complete tabulation,"Final figure, complete",2012,1648160,"1,4"
China,2010,Total,Both Sexes,85 - 89,Census - de jure - complete tabulation,"Final figure, complete",2012,5631928,"1,4"
China,2010,Total,Both Sexes,86,Census - de jure - complete tabulation,"Final figure, complete",2012,1344215,"1,4"
China,2010,Total,Both Sexes,87,Census - de jure - complete tabulation,"Final figure, complete",2012,1065276,"1,4"
China,2010,Total,Both Sexes,88,Census - de jure - complete tabulation,"Final figure, complete",2012,858879,"1,4"
China,2010,Total,Both Sexes,89,Census - de jure - complete tabulation,"Final figure, complete",2012,715398,"1,4"
China,2010,Total,Both Sexes,90,Census - de jure - complete tabulation,"Final figure, complete",2012,553805,"1,4"
China,2010,Total,Both Sexes,90 - 94,Census - de jure - complete tabulation,"Final figure, complete",2012,1578307,"1,4"
China,2010,Total,Both Sexes,91,Census - de jure - complete tabulation,"Final figure, complete",2012,371079,"1,4"
China,2010,Total,Both Sexes,92,Census - de jure - complete tabulation,"Final figure, complete",2012,287676,"1,4"
China,2010,Total,Both Sexes,93,Census - de jure - complete tabulation,"Final figure, complete",2012,209291,"1,4"
China,2010,Total,Both Sexes,94,Census - de jure - complete tabulation,"Final figure, complete",2012,156456,"1,4"
China,2010,Total,Both Sexes,95,Census - de jure - complete tabulation,"Final figure, complete",2012,117522,"1,4"
China,2010,Total,Both Sexes,95 - 99,Census - de jure - complete tabulation,"Final figure, complete",2012,369979,"1,4"
China,2010,Total,Both Sexes,96,Census - de jure - complete tabulation,"Final figure, complete",2012,90889,"1,4"
China,2010,Total,Both Sexes,97,Census - de jure - complete tabulation,"Final figure, complete",2012,68648,"1,4"
China,2010,Total,Both Sexes,98,Census - de jure - complete tabulation,"Final figure, complete",2012,54689,"1,4"
China,2010,Total,Both Sexes,99,Census - de jure - complete tabulation,"Final figure, complete",2012,38231,"1,4"
China,2010,Total,Both Sexes,100 +,Census - de jure - complete tabulation,"Final figure, complete",2012,35934,"1,4"
China,2010,Total,Male,Total,Census - de jure - complete tabulation,"Final figure, complete",2012,682329104,"1,4"
China,2010,Total,Male,0,Census - de jure - complete tabulation,"Final figure, complete",2012,7461199,"1,4"
China,2010,Total,Male,0 - 4,Census - de jure - complete tabulation,"Final figure, complete",2012,41062566,"1,4"
China,2010,Total,Male,1,Census - de jure - complete tabulation,"Final figure, complete",2012,8574973,"1,4"
China,2010,Total,Male,2,Census - de jure - complete tabulation,"Final figure, complete",2012,8507697,"1,4"
China,2010,Total,Male,3,Census - de jure - complete tabulation,"Final figure, complete",2012,8272491,"1,4"
China,2010,Total,Male,4,Census - de jure - complete tabulation,"Final figure, complete",2012,8246206,"1,4"
China,2010,Total,Male,5,Census - de jure - complete tabulation,"Final figure, complete",2012,7988151,"1,4"
China,2010,Total,Male,5 - 9,Census - de jure - complete tabulation,"Final figure, complete",2012,38464665,"1,4"
China,2010,Total,Male,6,Census - de jure - complete tabulation,"Final figure, complete",2012,8034452,"1,4"
China,2010,Total,Male,7,Census - de jure - complete tabulation,"Final figure, complete",2012,7292300,"1,4"
China,2010,Total,Male,8,Census - de jure - complete tabulation,"Final figure, complete",2012,7423559,"1,4"
China,2010,Total,Male,9,Census - de jure - complete tabulation,"Final figure, complete",2012,7726203,"1,4"
China,2010,Total,Male,10,Census - de jure - complete tabulation,"Final figure, complete",2012,7830808,"1,4"
China,2010,Total,Male,10 - 14,Census - de jure - complete tabulation,"Final figure, complete",2012,40267277,"1,4"
China,2010,Total,Male,11,Census - de jure - complete tabulation,"Final figure, complete",2012,7522558,"1,4"
China,2010,Total,Male,12,Census - de jure - complete tabulation,"Final figure, complete",2012,8288987,"1,4"
China,2010,Total,Male,13,Census - de jure - complete tabulation,"Final figure, complete",2012,8161000,"1,4"
China,2010,Total,Male,14,Census - de jure - complete tabulation,"Final figure, complete",2012,8463924,"1,4"
China,2010,Total,Male,15,Census - de jure - complete tabulation,"Final figure, complete",2012,9524898,"1,4"
China,2010,Total,Male,15 - 19,Census - de jure - complete tabulation,"Final figure, complete",2012,51904830,"1,4"
China,2010,Total,Male,16,Census - de jure - complete tabulation,"Final figure, complete",2012,9795181,"1,4"
China,2010,Total,Male,17,Census - de jure - complete tabulation,"Final figure, complete",2012,10760828,"1,4"
China,2010,Total,Male,18,Census - de jure - complete tabulation,"Final figure, complete",2012,10744556,"1,4"
China,2010,Total,Male,19,Census - de jure - complete tabulation,"Final figure, complete",2012,11079367,"1,4"
China,2010,Total,Male,20,Census - de jure - complete tabulation,"Final figure, complete",2012,14201091,"1,4"
China,2010,Total,Male,20 - 24,Census - de jure - complete tabulation,"Final figure, complete",2012,64008573,"1,4"
China,2010,Total,Male,21,Census - de jure - complete tabulation,"Final figure, complete",2012,13357755,"1,4"
China,2010,Total,Male,22,Census - de jure - complete tabulation,"Final figure, complete",2012,12281148,"1,4"
China,2010,Total,Male,23,Census - de jure - complete tabulation,"Final figure, complete",2012,12876542,"1,4"
China,2010,Total,Male,24,Census - de jure - complete tabulation,"Final figure, complete",2012,11292037,"1,4"
China,2010,Total,Male,25,Census - de jure - complete tabulation,"Final figure, complete",2012,9969984,"1,4"
China,2010,Total,Male,25 - 29,Census - de jure - complete tabulation,"Final figure, complete",2012,50837038,"1,4"
China,2010,Total,Male,26,Census - de jure - complete tabulation,"Final figure, complete",2012,9879292,"1,4"
China,2010,Total,Male,27,Census - de jure - complete tabulation,"Final figure, complete",2012,9801611,"1,4"
China,2010,Total,Male,28,Census - de jure - complete tabulation,"Final figure, complete",2012,11271599,"1,4"
China,2010,Total,Male,29,Census - de jure - complete tabulation,"Final figure, complete",2012,9914552,"1,4"
China,2010,Total,Male,30,Census - de jure - complete tabulation,"Final figure, complete",2012,9604727,"1,4"
China,2010,Total,Male,30 - 34,Census - de jure - complete tabulation,"Final figure, complete",2012,49521822,"1,4"
China,2010,Total,Male,31,Census - de jure - complete tabulation,"Final figure, complete",2012,10141582,"1,4"
China,2010,Total,Male,32,Census - de jure - complete tabulation,"Final figure, complete",2012,9909833,"1,4"
China,2010,Total,Male,33,Census - de jure - complete tabulation,"Final figure, complete",2012,9289224,"1,4"
China,2010,Total,Male,34,Census - de jure - complete tabulation,"Final figure, complete",2012,10576456,"1,4"
China,2010,Total,Male,35,Census - de jure - complete tabulation,"Final figure, complete",2012,10817432,"1,4"
China,2010,Total,Male,35 - 39,Census - de jure - complete tabulation,"Final figure, complete",2012,60391104,"1,4"
China,2010,Total,Male,36,Census - de jure - complete tabulation,"Final figure, complete",2012,11690644,"1,4"
China,2010,Total,Male,37,Census - de jure - complete tabulation,"Final figure, complete",2012,12283353,"1,4"
China,2010,Total,Male,38,Census - de jure - complete tabulation,"Final figure, complete",2012,12662559,"1,4"
China,2010,Total,Male,39,Census - de jure - complete tabulation,"Final figure, complete",2012,12937116,"1,4"
China,2010,Total,Male,40,Census - de jure - complete tabulation,"Final figure, complete",2012,13993123,"1,4"
China,2010,Total,Male,40 - 44,Census - de jure - complete tabulation,"Final figure, complete",2012,63608678,"1,4"
China,2010,Total,Male,41,Census - de jure - complete tabulation,"Final figure, complete",2012,12723691,"1,4"
China,2010,Total,Male,42,Census - de jure - complete tabulation,"Final figure, complete",2012,13782610,"1,4"
China,2010,Total,Male,43,Census - de jure - complete tabulation,"Final figure, complete",2012,10856214,"1,4"
China,2010,Total,Male,44,Census - de jure - complete tabulation,"Final figure, complete",2012,12253040,"1,4"
China,2010,Total,Male,45,Census - de jure - complete tabulation,"Final figure, complete",2012,12252515,"1,4"
China,2010,Total,Male,45 - 49,Census - de jure - complete tabulation,"Final figure, complete",2012,53776418,"1,4"
China,2010,Total,Male,46,Census - de jure - complete tabulation,"Final figure, complete",2012,11867147,"1,4"
China,2010,Total,Male,47,Census - de jure - complete tabulation,"Final figure, complete",2012,13803796,"1,4"
China,2010,Total,Male,48,Census - de jure - complete tabulation,"Final figure, complete",2012,10224798,"1,4"
China,2010,Total,Male,49,Census - de jure - complete tabulation,"Final figure, complete",2012,5628162,"1,4"
China,2010,Total,Male,50,Census - de jure - complete tabulation,"Final figure, complete",2012,7205176,"1,4"
China,2010,Total,Male,50 - 54,Census - de jure - complete tabulation,"Final figure, complete",2012,40363234,"1,4"
China,2010,Total,Male,51,Census - de jure - complete tabulation,"Final figure, complete",2012,6624865,"1,4"
China,2010,Total,Male,52,Census - de jure - complete tabulation,"Final figure, complete",2012,8570000,"1,4"
China,2010,Total,Male,53,Census - de jure - complete tabulation,"Final figure, complete",2012,9422827,"1,4"
China,2010,Total,Male,54,Census - de jure - complete tabulation,"Final figure, complete",2012,8540366,"1,4"
China,2010,Total,Male,55,Census - de jure - complete tabulation,"Final figure, complete",2012,8973192,"1,4"
China,2010,Total,Male,55 - 59,Census - de jure - complete tabulation,"Final figure, complete",2012,41082938,"1,4"
China,2010,Total,Male,56,Census - de jure - complete tabulation,"Final figure, complete",2012,8981235,"1,4"
China,2010,Total,Male,57,Census - de jure - complete tabulation,"Final figure, complete",2012,8099033,"1,4"
China,2010,Total,Male,58,Census - de jure - complete tabulation,"Final figure, complete",2012,8153588,"1,4"
China,2010,Total,Male,59,Census - de jure - complete tabulation,"Final figure, complete",2012,6875890,"1,4"
China,2010,Total,Male,60,Census - de jure - complete tabulation,"Final figure, complete",2012,6917026,"1,4"
China,2010,Total,Male,60 - 64,Census - de jure - complete tabulation,"Final figure, complete",2012,29834426,"1,4"
China,2010,Total,Male,61,Census - de jure - complete tabulation,"Final figure, complete",2012,6690003,"1,4"
China,2010,Total,Male,62,Census - de jure - complete tabulation,"Final figure, complete",2012,5719180,"1,4"
China,2010,Total,Male,63,Census - de jure - complete tabulation,"Final figure, complete",2012,5492805,"1,4"
China,2010,Total,Male,64,Census - de jure - complete tabulation,"Final figure, complete",2012,5015412,"1,4"
China,2010,Total,Male,65,Census - de jure - complete tabulation,"Final figure, complete",2012,4564266,"1,4"
China,2010,Total,Male,65 - 69,Census - de jure - complete tabulation,"Final figure, complete",2012,20748471,"1,4"
China,2010,Total,Male,66,Census - de jure - complete tabulation,"Final figure, complete",2012,4391409,"1,4"
China,2010,Total,Male,67,Census - de jure - complete tabulation,"Final figure, complete",2012,4003493,"1,4"
China,2010,Total,Male,68,Census - de jure - complete tabulation,"Final figure, complete",2012,3904424,"1,4"
China,2010,Total,Male,69,Census - de jure - complete tabulation,"Final figure, complete",2012,3884879,"1,4"
China,2010,Total,Male,70,Census - de jure - complete tabulation,"Final figure, complete",2012,3724605,"1,4"
China,2010,Total,Male,70 - 74,Census - de jure - complete tabulation,"Final figure, complete",2012,16403453,"1,4"
China,2010,Total,Male,71,Census - de jure - complete tabulation,"Final figure, complete",2012,3116177,"1,4"
China,2010,Total,Male,72,Census - de jure - complete tabulation,"Final figure, complete",2012,3449237,"1,4"
China,2010,Total,Male,73,Census - de jure - complete tabulation,"Final figure, complete",2012,3149307,"1,4"
China,2010,Total,Male,74,Census - de jure - complete tabulation,"Final figure, complete",2012,2964127,"1,4"
China,2010,Total,Male,75,Census - de jure - complete tabulation,"Final figure, complete",2012,2690547,"1,4"
China,2010,Total,Male,75 - 79,Census - de jure - complete tabulation,"Final figure, complete",2012,11278859,"1,4"
China,2010,Total,Male,76,Census - de jure - complete tabulation,"Final figure, complete",2012,2454168,"1,4"
China,2010,Total,Male,77,Census - de jure - complete tabulation,"Final figure, complete",2012,2420196,"1,4"
China,2010,Total,Male,78,Census - de jure - complete tabulation,"Final figure, complete",2012,1983724,"1,4"
China,2010,Total,Male,79,Census - de jure - complete tabulation,"Final figure, complete",2012,1730224,"1,4"
China,2010,Total,Male,80,Census - de jure - complete tabulation,"Final figure, complete",2012,1716514,"1,4"
China,2010,Total,Male,80 - 84,Census - de jure - complete tabulation,"Final figure, complete",2012,5917502,"1,4"
China,2010,Total,Male,81,Census - de jure - complete tabulation,"Final figure, complete",2012,1257795,"1,4"
China,2010,Total,Male,82,Census - de jure - complete tabulation,"Final figure, complete",2012,1212683,"1,4"
China,2010,Total,Male,83,Census - de jure - complete tabulation,"Final figure, complete",2012,964710,"1,4"
China,2010,Total,Male,84,Census - de jure - complete tabulation,"Final figure, complete",2012,765800,"1,4"
China,2010,Total,Male,85,Census - de jure - complete tabulation,"Final figure, complete",2012,672819,"1,4"
China,2010,Total,Male,85 - 89,Census - de jure - complete tabulation,"Final figure, complete",2012,2199810,"1,4"
China,2010,Total,Male,86,Census - de jure - complete tabulation,"Final figure, complete",2012,530641,"1,4"
China,2010,Total,Male,87,Census - de jure - complete tabulation,"Final figure, complete",2012,408984,"1,4"
China,2010,Total,Male,88,Census - de jure - complete tabulation,"Final figure, complete",2012,324282,"1,4"
China,2010,Total,Male,89,Census - de jure - complete tabulation,"Final figure, complete",2012,263084,"1,4"
China,2010,Total,Male,90,Census - de jure - complete tabulation,"Final figure, complete",2012,193982,"1,4"
China,2010,Total,Male,90 - 94,Census - de jure - complete tabulation,"Final figure, complete",2012,530872,"1,4"
China,2010,Total,Male,91,Census - de jure - complete tabulation,"Final figure, complete",2012,126484,"1,4"
China,2010,Total,Male,92,Census - de jure - complete tabulation,"Final figure, complete",2012,94157,"1,4"
China,2010,Total,Male,93,Census - de jure - complete tabulation,"Final figure, complete",2012,66717,"1,4"
China,2010,Total,Male,94,Census - de jure - complete tabulation,"Final figure, complete",2012,49532,"1,4"
China,2010,Total,Male,95,Census - de jure - complete tabulation,"Final figure, complete",2012,36268,"1,4"
China,2010,Total,Male,95 - 99,Census - de jure - complete tabulation,"Final figure, complete",2012,117716,"1,4"
China,2010,Total,Male,96,Census - de jure - complete tabulation,"Final figure, complete",2012,28664,"1,4"
China,2010,Total,Male,97,Census - de jure - complete tabulation,"Final figure, complete",2012,22045,"1,4"
China,2010,Total,Male,98,Census - de jure - complete tabulation,"Final figure, complete",2012,18355,"1,4"
China,2010,Total,Male,99,Census - de jure - complete tabulation,"Final figure, complete",2012,12384,"1,4"
China,2010,Total,Male,100 +,Census - de jure - complete tabulation,"Final figure, complete",2012,8852,"1,4"
China,2010,Total,Female,Total,Census - de jure - complete tabulation,"Final figure, complete",2012,650481765,"1,4"
China,2010,Total,Female,0,Census - de jure - complete tabulation,"Final figure, complete",2012,6325235,"1,4"
China,2010,Total,Female,0 - 4,Census - de jure - complete tabulation,"Final figure, complete",2012,34470044,"1,4"
China,2010,Total,Female,1,Census - de jure - complete tabulation,"Final figure, complete",2012,7082982,"1,4"
China,2010,Total,Female,2,Census - de jure - complete tabulation,"Final figure, complete",2012,7109678,"1,4"
China,2010,Total,Female,3,Census - de jure - complete tabulation,"Final figure, complete",2012,6978314,"1,4"
China,2010,Total,Female,4,Census - de jure - complete tabulation,"Final figure, complete",2012,6973835,"1,4"
China,2010,Total,Female,5,Census - de jure - complete tabulation,"Final figure, complete",2012,6743986,"1,4"
China,2010,Total,Female,5 - 9,Census - de jure - complete tabulation,"Final figure, complete",2012,32416884,"1,4"
China,2010,Total,Female,6,Census - de jure - complete tabulation,"Final figure, complete",2012,6770018,"1,4"
China,2010,Total,Female,7,Census - de jure - complete tabulation,"Final figure, complete",2012,6136861,"1,4"
China,2010,Total,Female,8,Census - de jure - complete tabulation,"Final figure, complete",2012,6243397,"1,4"
China,2010,Total,Female,9,Census - de jure - complete tabulation,"Final figure, complete",2012,6522622,"1,4"
China,2010,Total,Female,10,Census - de jure - complete tabulation,"Final figure, complete",2012,6623549,"1,4"
China,2010,Total,Female,10 - 14,Census - de jure - complete tabulation,"Final figure, complete",2012,34641185,"1,4"
China,2010,Total,Female,11,Census - de jure - complete tabulation,"Final figure, complete",2012,6413156,"1,4"
China,2010,Total,Female,12,Census - de jure - complete tabulation,"Final figure, complete",2012,7110572,"1,4"
China,2010,Total,Female,13,Census - de jure - complete tabulation,"Final figure, complete",2012,7064032,"1,4"
China,2010,Total,Female,14,Census - de jure - complete tabulation,"Final figure, complete",2012,7429876,"1,4"
China,2010,Total,Female,15,Census - de jure - complete tabulation,"Final figure, complete",2012,8499586,"1,4"
China,2010,Total,Female,15 - 19,Census - de jure - complete tabulation,"Final figure, complete",2012,47984284,"1,4"
China,2010,Total,Female,16,Census - de jure - complete tabulation,"Final figure, complete",2012,8995340,"1,4"
China,2010,Total,Female,17,Census - de jure - complete tabulation,"Final figure, complete",2012,10014541,"1,4"
China,2010,Total,Female,18,Census - de jure - complete tabulation,"Final figure, complete",2012,10010718,"1,4"
China,2010,Total,Female,19,Census - de jure - complete tabulation,"Final figure, complete",2012,10464099,"1,4"
China,2010,Total,Female,20,Census - de jure - complete tabulation,"Final figure, complete",2012,13825863,"1,4"
China,2010,Total,Female,20 - 24,Census - de jure - complete tabulation,"Final figure, complete",2012,63403945,"1,4"
China,2010,Total,Female,21,Census - de jure - complete tabulation,"Final figure, complete",2012,13198894,"1,4"
China,2010,Total,Female,22,Census - de jure - complete tabulation,"Final figure, complete",2012,12193044,"1,4"
China,2010,Total,Female,23,Census - de jure - complete tabulation,"Final figure, complete",2012,12819413,"1,4"
China,2010,Total,Female,24,Census - de jure - complete tabulation,"Final figure, complete",2012,11366731,"1,4"
China,2010,Total,Female,25,Census - de jure - complete tabulation,"Final figure, complete",2012,9963699,"1,4"
China,2010,Total,Female,25 - 29,Census - de jure - complete tabulation,"Final figure, complete",2012,50176814,"1,4"
China,2010,Total,Female,26,Census - de jure - complete tabulation,"Final figure, complete",2012,9829885,"1,4"
China,2010,Total,Female,27,Census - de jure - complete tabulation,"Final figure, complete",2012,9679225,"1,4"
China,2010,Total,Female,28,Census - de jure - complete tabulation,"Final figure, complete",2012,11050548,"1,4"
China,2010,Total,Female,29,Census - de jure - complete tabulation,"Final figure, complete",2012,9653457,"1,4"
China,2010,Total,Female,30,Census - de jure - complete tabulation,"Final figure, complete",2012,9323642,"1,4"
China,2010,Total,Female,30 - 34,Census - de jure - complete tabulation,"Final figure, complete",2012,47616381,"1,4"
China,2010,Total,Female,31,Census - de jure - complete tabulation,"Final figure, complete",2012,9724876,"1,4"
China,2010,Total,Female,32,Census - de jure - complete tabulation,"Final figure, complete",2012,9565041,"1,4"
China,2010,Total,Female,33,Census - de jure - complete tabulation,"Final figure, complete",2012,8890254,"1,4"
China,2010,Total,Female,34,Census - de jure - complete tabulation,"Final figure, complete",2012,10112568,"1,4"
China,2010,Total,Female,35,Census - de jure - complete tabulation,"Final figure, complete",2012,10369084,"1,4"
China,2010,Total,Female,35 - 39,Census - de jure - complete tabulation,"Final figure, complete",2012,57634855,"1,4"
China,2010,Total,Female,36,Census - de jure - complete tabulation,"Final figure, complete",2012,11216336,"1,4"
China,2010,Total,Female,37,Census - de jure - complete tabulation,"Final figure, complete",2012,11706855,"1,4"
China,2010,Total,Female,38,Census - de jure - complete tabulation,"Final figure, complete",2012,12067901,"1,4"
China,2010,Total,Female,39,Census - de jure - complete tabulation,"Final figure, complete",2012,12274679,"1,4"
China,2010,Total,Female,40,Census - de jure - complete tabulation,"Final figure, complete",2012,13404096,"1,4"
China,2010,Total,Female,40 - 44,Census - de jure - complete tabulation,"Final figure, complete",2012,61145286,"1,4"
China,2010,Total,Female,41,Census - de jure - complete tabulation,"Final figure, complete",2012,12232606,"1,4"
China,2010,Total,Female,42,Census - de jure - complete tabulation,"Final figure, complete",2012,13249932,"1,4"
China,2010,Total,Female,43,Census - de jure - complete tabulation,"Final figure, complete",2012,10499534,"1,4"
China,2010,Total,Female,44,Census - de jure - complete tabulation,"Final figure, complete",2012,11759118,"1,4"
China,2010,Total,Female,45,Census - de jure - complete tabulation,"Final figure, complete",2012,11710059,"1,4"
China,2010,Total,Female,45 - 49,Census - de jure - complete tabulation,"Final figure, complete",2012,51818135,"1,4"
China,2010,Total,Female,46,Census - de jure - complete tabulation,"Final figure, complete",2012,11488631,"1,4"
China,2010,Total,Female,47,Census - de jure - complete tabulation,"Final figure, complete",2012,13168361,"1,4"
China,2010,Total,Female,48,Census - de jure - complete tabulation,"Final figure, complete",2012,9850286,"1,4"
China,2010,Total,Female,49,Census - de jure - complete tabulation,"Final figure, complete",2012,5600798,"1,4"
China,2010,Total,Female,50,Census - de jure - complete tabulation,"Final figure, complete",2012,6891832,"1,4"
China,2010,Total,Female,50 - 54,Census - de jure - complete tabulation,"Final figure, complete",2012,38389937,"1,4"
China,2010,Total,Female,51,Census - de jure - complete tabulation,"Final figure, complete",2012,6213967,"1,4"
China,2010,Total,Female,52,Census - de jure - complete tabulation,"Final figure, complete",2012,8047709,"1,4"
China,2010,Total,Female,53,Census - de jure - complete tabulation,"Final figure, complete",2012,8929153,"1,4"
China,2010,Total,Female,54,Census - de jure - complete tabulation,"Final figure, complete",2012,8307276,"1,4"
China,2010,Total,Female,55,Census - de jure - complete tabulation,"Final figure, complete",2012,8637336,"1,4"
China,2010,Total,Female,55 - 59,Census - de jure - complete tabulation,"Final figure, complete",2012,40229536,"1,4"
China,2010,Total,Female,56,Census - de jure - complete tabulation,"Final figure, complete",2012,8756892,"1,4"
China,2010,Total,Female,57,Census - de jure - complete tabulation,"Final figure, complete",2012,7994855,"1,4"
China,2010,Total,Female,58,Census - de jure - complete tabulation,"Final figure, complete",2012,8014345,"1,4"
China,2010,Total,Female,59,Census - de jure - complete tabulation,"Final figure, complete",2012,6826108,"1,4"
China,2010,Total,Female,60,Census - de jure - complete tabulation,"Final figure, complete",2012,6701178,"1,4"
China,2010,Total,Female,60 - 64,Census - de jure - complete tabulation,"Final figure, complete",2012,28832856,"1,4"
China,2010,Total,Female,61,Census - de jure - complete tabulation,"Final figure, complete",2012,6339122,"1,4"
China,2010,Total,Female,62,Census - de jure - complete tabulation,"Final figure, complete",2012,5557673,"1,4"
China,2010,Total,Female,63,Census - de jure - complete tabulation,"Final figure, complete",2012,5298828,"1,4"
China,2010,Total,Female,64,Census - de jure - complete tabulation,"Final figure, complete",2012,4936055,"1,4"
China,2010,Total,Female,65,Census - de jure - complete tabulation,"Final figure, complete",2012,4509145,"1,4"
China,2010,Total,Female,65 - 69,Census - de jure - complete tabulation,"Final figure, complete",2012,20364811,"1,4"
China,2010,Total,Female,66,Census - de jure - complete tabulation,"Final figure, complete",2012,4249556,"1,4"
China,2010,Total,Female,67,Census - de jure - complete tabulation,"Final figure, complete",2012,3938648,"1,4"
China,2010,Total,Female,68,Census - de jure - complete tabulation,"Final figure, complete",2012,3836444,"1,4"
China,2010,Total,Female,69,Census - de jure - complete tabulation,"Final figure, complete",2012,3831018,"1,4"
China,2010,Total,Female,70,Census - de jure - complete tabulation,"Final figure, complete",2012,3664807,"1,4"
China,2010,Total,Female,70 - 74,Census - de jure - complete tabulation,"Final figure, complete",2012,16568944,"1,4"
China,2010,Total,Female,71,Census - de jure - complete tabulation,"Final figure, complete",2012,3149541,"1,4"
China,2010,Total,Female,72,Census - de jure - complete tabulation,"Final figure, complete",2012,3443988,"1,4"
China,2010,Total,Female,73,Census - de jure - complete tabulation,"Final figure, complete",2012,3194562,"1,4"
China,2010,Total,Female,74,Census - de jure - complete tabulation,"Final figure, complete",2012,3116046,"1,4"
China,2010,Total,Female,75,Census - de jure - complete tabulation,"Final figure, complete",2012,2941930,"1,4"
China,2010,Total,Female,75 - 79,Census - de jure - complete tabulation,"Final figure, complete",2012,12573274,"1,4"
China,2010,Total,Female,76,Census - de jure - complete tabulation,"Final figure, complete",2012,2721332,"1,4"
China,2010,Total,Female,77,Census - de jure - complete tabulation,"Final figure, complete",2012,2662187,"1,4"
China,2010,Total,Female,78,Census - de jure - complete tabulation,"Final figure, complete",2012,2271134,"1,4"
China,2010,Total,Female,79,Census - de jure - complete tabulation,"Final figure, complete",2012,1976691,"1,4"
China,2010,Total,Female,80,Census - de jure - complete tabulation,"Final figure, complete",2012,2020745,"1,4"
China,2010,Total,Female,80 - 84,Census - de jure - complete tabulation,"Final figure, complete",2012,7455696,"1,4"
China,2010,Total,Female,81,Census - de jure - complete tabulation,"Final figure, complete",2012,1558898,"1,4"
China,2010,Total,Female,82,Census - de jure - complete tabulation,"Final figure, complete",2012,1545235,"1,4"
China,2010,Total,Female,83,Census - de jure - complete tabulation,"Final figure, complete",2012,1272428,"1,4"
China,2010,Total,Female,84,Census - de jure - complete tabulation,"Final figure, complete",2012,1058390,"1,4"
China,2010,Total,Female,85,Census - de jure - complete tabulation,"Final figure, complete",2012,975341,"1,4"
China,2010,Total,Female,85 - 89,Census - de jure - complete tabulation,"Final figure, complete",2012,3432118,"1,4"
China,2010,Total,Female,86,Census - de jure - complete tabulation,"Final figure, complete",2012,813574,"1,4"
China,2010,Total,Female,87,Census - de jure - complete tabulation,"Final figure, complete",2012,656292,"1,4"
China,2010,Total,Female,88,Census - de jure - complete tabulation,"Final figure, complete",2012,534597,"1,4"
China,2010,Total,Female,89,Census - de jure - complete tabulation,"Final figure, complete",2012,452314,"1,4"
China,2010,Total,Female,90,Census - de jure - complete tabulation,"Final figure, complete",2012,359823,"1,4"
China,2010,Total,Female,90 - 94,Census - de jure - complete tabulation,"Final figure, complete",2012,1047435,"1,4"
China,2010,Total,Female,91,Census - de jure - complete tabulation,"Final figure, complete",2012,244595,"1,4"
China,2010,Total,Female,92,Census - de jure - complete tabulation,"Final figure, complete",2012,193519,"1,4"
China,2010,Total,Female,93,Census - de jure - complete tabulation,"Final figure, complete",2012,142574,"1,4"
China,2010,Total,Female,94,Census - de jure - complete tabulation,"Final figure, complete",2012,106924,"1,4"
China,2010,Total,Female,95,Census - de jure - complete tabulation,"Final figure, complete",2012,81254,"1,4"
China,2010,Total,Female,95 - 99,Census - de jure - complete tabulation,"Final figure, complete",2012,252263,"1,4"
China,2010,Total,Female,96,Census - de jure - complete tabulation,"Final figure, complete",2012,62225,"1,4"
China,2010,Total,Female,97,Census - de jure - complete tabulation,"Final figure, complete",2012,46603,"1,4"
China,2010,Total,Female,98,Census - de jure - complete tabulation,"Final figure, complete",2012,36334,"1,4"
China,2010,Total,Female,99,Census - de jure - complete tabulation,"Final figure, complete",2012,25847,"1,4"
China,2010,Total,Female,100 +,Census - de jure - complete tabulation,"Final figure, complete",2012,27082,"1,4"
China,2010,Urban,Both Sexes,Total,Census - de jure - complete tabulation,"Final figure, complete",2012,670005546,"1,4"
China,2010,Urban,Both Sexes,0,Census - de jure - complete tabulation,"Final figure, complete",2012,5375279,"1,4"
China,2010,Urban,Both Sexes,0 - 4,Census - de jure - complete tabulation,"Final figure, complete",2012,30936470,"1,4"
China,2010,Urban,Both Sexes,1,Census - de jure - complete tabulation,"Final figure, complete",2012,6422596,"1,4"
China,2010,Urban,Both Sexes,2,Census - de jure - complete tabulation,"Final figure, complete",2012,6437420,"1,4"
China,2010,Urban,Both Sexes,3,Census - de jure - complete tabulation,"Final figure, complete",2012,6440086,"1,4"
China,2010,Urban,Both Sexes,4,Census - de jure - complete tabulation,"Final figure, complete",2012,6261089,"1,4"
China,2010,Urban,Both Sexes,5,Census - de jure - complete tabulation,"Final figure, complete",2012,6231577,"1,4"
China,2010,Urban,Both Sexes,5 - 9,Census - de jure - complete tabulation,"Final figure, complete",2012,30565659,"1,4"
China,2010,Urban,Both Sexes,6,Census - de jure - complete tabulation,"Final figure, complete",2012,6334279,"1,4"
China,2010,Urban,Both Sexes,7,Census - de jure - complete tabulation,"Final figure, complete",2012,5701919,"1,4"
China,2010,Urban,Both Sexes,8,Census - de jure - complete tabulation,"Final figure, complete",2012,6029449,"1,4"
China,2010,Urban,Both Sexes,9,Census - de jure - complete tabulation,"Final figure, complete",2012,6268435,"1,4"
China,2010,Urban,Both Sexes,10,Census - de jure - complete tabulation,"Final figure, complete",2012,6482094,"1,4"
China,2010,Urban,Both Sexes,10 - 14,Census - de jure - complete tabulation,"Final figure, complete",2012,32807526,"1,4"
China,2010,Urban,Both Sexes,11,Census - de jure - complete tabulation,"Final figure, complete",2012,6132357,"1,4"
China,2010,Urban,Both Sexes,12,Census - de jure - complete tabulation,"Final figure, complete",2012,6657054,"1,4"
China,2010,Urban,Both Sexes,13,Census - de jure - complete tabulation,"Final figure, complete",2012,6583590,"1,4"
China,2010,Urban,Both Sexes,14,Census - de jure - complete tabulation,"Final figure, complete",2012,6952431,"1,4"
China,2010,Urban,Both Sexes,15,Census - de jure - complete tabulation,"Final figure, complete",2012,8547125,"1,4"
China,2010,Urban,Both Sexes,15 - 19,Census - de jure - complete tabulation,"Final figure, complete",2012,53589992,"1,4"
China,2010,Urban,Both Sexes,16,Census - de jure - complete tabulation,"Final figure, complete",2012,10041894,"1,4"
China,2010,Urban,Both Sexes,17,Census - de jure - complete tabulation,"Final figure, complete",2012,11578930,"1,4"
China,2010,Urban,Both Sexes,18,Census - de jure - complete tabulation,"Final figure, complete",2012,11487150,"1,4"
China,2010,Urban,Both Sexes,19,Census - de jure - complete tabulation,"Final figure, complete",2012,11934893,"1,4"
China,2010,Urban,Both Sexes,20,Census - de jure - complete tabulation,"Final figure, complete",2012,15689966,"1,4"
China,2010,Urban,Both Sexes,20 - 24,Census - de jure - complete tabulation,"Final figure, complete",2012,71058518,"1,4"
China,2010,Urban,Both Sexes,21,Census - de jure - complete tabulation,"Final figure, complete",2012,15061118,"1,4"
China,2010,Urban,Both Sexes,22,Census - de jure - complete tabulation,"Final figure, complete",2012,13674158,"1,4"
China,2010,Urban,Both Sexes,23,Census - de jure - complete tabulation,"Final figure, complete",2012,14135397,"1,4"
China,2010,Urban,Both Sexes,24,Census - de jure - complete tabulation,"Final figure, complete",2012,12497879,"1,4"
China,2010,Urban,Both Sexes,25,Census - de jure - complete tabulation,"Final figure, complete",2012,11035389,"1,4"
China,2010,Urban,Both Sexes,25 - 29,Census - de jure - complete tabulation,"Final figure, complete",2012,57679956,"1,4"
China,2010,Urban,Both Sexes,26,Census - de jure - complete tabulation,"Final figure, complete",2012,11063548,"1,4"
China,2010,Urban,Both Sexes,27,Census - de jure - complete tabulation,"Final figure, complete",2012,11235111,"1,4"
China,2010,Urban,Both Sexes,28,Census - de jure - complete tabulation,"Final figure, complete",2012,13032548,"1,4"
China,2010,Urban,Both Sexes,29,Census - de jure - complete tabulation,"Final figure, complete",2012,11313360,"1,4"
China,2010,Urban,Both Sexes,30,Census - de jure - complete tabulation,"Final figure, complete",2012,10862255,"1,4"
China,2010,Urban,Both Sexes,30 - 34,Census - de jure - complete tabulation,"Final figure, complete",2012,56010957,"1,4"
China,2010,Urban,Both Sexes,31,Census - de jure - complete tabulation,"Final figure, complete",2012,11581456,"1,4"
China,2010,Urban,Both Sexes,32,Census - de jure - complete tabulation,"Final figure, complete",2012,11292170,"1,4"
China,2010,Urban,Both Sexes,33,Census - de jure - complete tabulation,"Final figure, complete",2012,10498339,"1,4"
China,2010,Urban,Both Sexes,34,Census - de jure - complete tabulation,"Final figure, complete",2012,11776737,"1,4"
China,2010,Urban,Both Sexes,35,Census - de jure - complete tabulation,"Final figure, complete",2012,11942210,"1,4"
China,2010,Urban,Both Sexes,35 - 39,Census - de jure - complete tabulation,"Final figure, complete",2012,65025365,"1,4"
China,2010,Urban,Both Sexes,36,Census - de jure - complete tabulation,"Final figure, complete",2012,12681983,"1,4"
China,2010,Urban,Both Sexes,37,Census - de jure - complete tabulation,"Final figure, complete",2012,13272600,"1,4"
China,2010,Urban,Both Sexes,38,Census - de jure - complete tabulation,"Final figure, complete",2012,13505676,"1,4"
China,2010,Urban,Both Sexes,39,Census - de jure - complete tabulation,"Final figure, complete",2012,13622896,"1,4"
China,2010,Urban,Both Sexes,40,Census - de jure - complete tabulation,"Final figure, complete",2012,14576001,"1,4"
China,2010,Urban,Both Sexes,40 - 44,Census - de jure - complete tabulation,"Final figure, complete",2012,63786496,"1,4"
China,2010,Urban,Both Sexes,41,Census - de jure - complete tabulation,"Final figure, complete",2012,13081469,"1,4"
China,2010,Urban,Both Sexes,42,Census - de jure - complete tabulation,"Final figure, complete",2012,13881224,"1,4"
China,2010,Urban,Both Sexes,43,Census - de jure - complete tabulation,"Final figure, complete",2012,10477792,"1,4"
China,2010,Urban,Both Sexes,44,Census - de jure - complete tabulation,"Final figure, complete",2012,11770010,"1,4"
China,2010,Urban,Both Sexes,45,Census - de jure - complete tabulation,"Final figure, complete",2012,12009672,"1,4"
China,2010,Urban,Both Sexes,45 - 49,Census - de jure - complete tabulation,"Final figure, complete",2012,53629541,"1,4"
China,2010,Urban,Both Sexes,46,Census - de jure - complete tabulation,"Final figure, complete",2012,11935030,"1,4"
China,2010,Urban,Both Sexes,47,Census - de jure - complete tabulation,"Final figure, complete",2012,13971065,"1,4"
China,2010,Urban,Both Sexes,48,Census - de jure - complete tabulation,"Final figure, complete",2012,9983191,"1,4"
China,2010,Urban,Both Sexes,49,Census - de jure - complete tabulation,"Final figure, complete",2012,5730583,"1,4"
China,2010,Urban,Both Sexes,50,Census - de jure - complete tabulation,"Final figure, complete",2012,7324260,"1,4"
China,2010,Urban,Both Sexes,50 - 54,Census - de jure - complete tabulation,"Final figure, complete",2012,39186388,"1,4"
China,2010,Urban,Both Sexes,51,Census - de jure - complete tabulation,"Final figure, complete",2012,6561315,"1,4"
China,2010,Urban,Both Sexes,52,Census - de jure - complete tabulation,"Final figure, complete",2012,8324372,"1,4"
China,2010,Urban,Both Sexes,53,Census - de jure - complete tabulation,"Final figure, complete",2012,8902000,"1,4"
China,2010,Urban,Both Sexes,54,Census - de jure - complete tabulation,"Final figure, complete",2012,8074441,"1,4"
China,2010,Urban,Both Sexes,55,Census - de jure - complete tabulation,"Final figure, complete",2012,8296747,"1,4"
China,2010,Urban,Both Sexes,55 - 59,Census - de jure - complete tabulation,"Final figure, complete",2012,37437535,"1,4"
China,2010,Urban,Both Sexes,56,Census - de jure - complete tabulation,"Final figure, complete",2012,8320707,"1,4"
China,2010,Urban,Both Sexes,57,Census - de jure - complete tabulation,"Final figure, complete",2012,7356416,"1,4"
China,2010,Urban,Both Sexes,58,Census - de jure - complete tabulation,"Final figure, complete",2012,7276912,"1,4"
China,2010,Urban,Both Sexes,59,Census - de jure - complete tabulation,"Final figure, complete",2012,6186753,"1,4"
China,2010,Urban,Both Sexes,60,Census - de jure - complete tabulation,"Final figure, complete",2012,6167728,"1,4"
China,2010,Urban,Both Sexes,60 - 64,Census - de jure - complete tabulation,"Final figure, complete",2012,26036917,"1,4"
China,2010,Urban,Both Sexes,61,Census - de jure - complete tabulation,"Final figure, complete",2012,5788932,"1,4"
China,2010,Urban,Both Sexes,62,Census - de jure - complete tabulation,"Final figure, complete",2012,4954390,"1,4"
China,2010,Urban,Both Sexes,63,Census - de jure - complete tabulation,"Final figure, complete",2012,4751147,"1,4"
China,2010,Urban,Both Sexes,64,Census - de jure - complete tabulation,"Final figure, complete",2012,4374720,"1,4"
China,2010,Urban,Both Sexes,65,Census - de jure - complete tabulation,"Final figure, complete",2012,3940064,"1,4"
China,2010,Urban,Both Sexes,65 - 69,Census - de jure - complete tabulation,"Final figure, complete",2012,17910329,"1,4"
China,2010,Urban,Both Sexes,66,Census - de jure - complete tabulation,"Final figure, complete",2012,3717055,"1,4"
China,2010,Urban,Both Sexes,67,Census - de jure - complete tabulation,"Final figure, complete",2012,3430163,"1,4"
China,2010,Urban,Both Sexes,68,Census - de jure - complete tabulation,"Final figure, complete",2012,3424183,"1,4"
China,2010,Urban,Both Sexes,69,Census - de jure - complete tabulation,"Final figure, complete",2012,3398864,"1,4"
China,2010,Urban,Both Sexes,70,Census - de jure - complete tabulation,"Final figure, complete",2012,3315788,"1,4"
China,2010,Urban,Both Sexes,70 - 74,Census - de jure - complete tabulation,"Final figure, complete",2012,14777260,"1,4"
China,2010,Urban,Both Sexes,71,Census - de jure - complete tabulation,"Final figure, complete",2012,2834118,"1,4"
China,2010,Urban,Both Sexes,72,Census - de jure - complete tabulation,"Final figure, complete",2012,3081471,"1,4"
China,2010,Urban,Both Sexes,73,Census - de jure - complete tabulation,"Final figure, complete",2012,2831559,"1,4"
China,2010,Urban,Both Sexes,74,Census - de jure - complete tabulation,"Final figure, complete",2012,2714324,"1,4"
China,2010,Urban,Both Sexes,75,Census - de jure - complete tabulation,"Final figure, complete",2012,2517979,"1,4"
China,2010,Urban,Both Sexes,75 - 79,Census - de jure - complete tabulation,"Final figure, complete",2012,10531503,"1,4"
China,2010,Urban,Both Sexes,76,Census - de jure - complete tabulation,"Final figure, complete",2012,2298248,"1,4"
China,2010,Urban,Both Sexes,77,Census - de jure - complete tabulation,"Final figure, complete",2012,2244702,"1,4"
China,2010,Urban,Both Sexes,78,Census - de jure - complete tabulation,"Final figure, complete",2012,1856730,"1,4"
China,2010,Urban,Both Sexes,79,Census - de jure - complete tabulation,"Final figure, complete",2012,1613844,"1,4"
China,2010,Urban,Both Sexes,80,Census - de jure - complete tabulation,"Final figure, complete",2012,1624227,"1,4"
China,2010,Urban,Both Sexes,80 - 84,Census - de jure - complete tabulation,"Final figure, complete",2012,5762828,"1,4"
China,2010,Urban,Both Sexes,81,Census - de jure - complete tabulation,"Final figure, complete",2012,1224900,"1,4"
China,2010,Urban,Both Sexes,82,Census - de jure - complete tabulation,"Final figure, complete",2012,1175148,"1,4"
China,2010,Urban,Both Sexes,83,Census - de jure - complete tabulation,"Final figure, complete",2012,957935,"1,4"
China,2010,Urban,Both Sexes,84,Census - de jure - complete tabulation,"Final figure, complete",2012,780618,"1,4"
China,2010,Urban,Both Sexes,85,Census - de jure - complete tabulation,"Final figure, complete",2012,697531,"1,4"
China,2010,Urban,Both Sexes,85 - 89,Census - de jure - complete tabulation,"Final figure, complete",2012,2392190,"1,4"
China,2010,Urban,Both Sexes,86,Census - de jure - complete tabulation,"Final figure, complete",2012,568519,"1,4"
China,2010,Urban,Both Sexes,87,Census - de jure - complete tabulation,"Final figure, complete",2012,449577,"1,4"
China,2010,Urban,Both Sexes,88,Census - de jure - complete tabulation,"Final figure, complete",2012,370318,"1,4"
China,2010,Urban,Both Sexes,89,Census - de jure - complete tabulation,"Final figure, complete",2012,306245,"1,4"
China,2010,Urban,Both Sexes,90,Census - de jure - complete tabulation,"Final figure, complete",2012,234552,"1,4"
China,2010,Urban,Both Sexes,90 - 94,Census - de jure - complete tabulation,"Final figure, complete",2012,687763,"1,4"
China,2010,Urban,Both Sexes,91,Census - de jure - complete tabulation,"Final figure, complete",2012,161906,"1,4"
China,2010,Urban,Both Sexes,92,Census - de jure - complete tabulation,"Final figure, complete",2012,126867,"1,4"
China,2010,Urban,Both Sexes,93,Census - de jure - complete tabulation,"Final figure, complete",2012,93662,"1,4"
China,2010,Urban,Both Sexes,94,Census - de jure - complete tabulation,"Final figure, complete",2012,70776,"1,4"
China,2010,Urban,Both Sexes,95,Census - de jure - complete tabulation,"Final figure, complete",2012,54087,"1,4"
China,2010,Urban,Both Sexes,95 - 99,Census - de jure - complete tabulation,"Final figure, complete",2012,176542,"1,4"
China,2010,Urban,Both Sexes,96,Census - de jure - complete tabulation,"Final figure, complete",2012,42759,"1,4"
China,2010,Urban,Both Sexes,97,Census - de jure - complete tabulation,"Final figure, complete",2012,33041,"1,4"
China,2010,Urban,Both Sexes,98,Census - de jure - complete tabulation,"Final figure, complete",2012,27368,"1,4"
China,2010,Urban,Both Sexes,99,Census - de jure - complete tabulation,"Final figure, complete",2012,19287,"1,4"
China,2010,Urban,Both Sexes,100 +,Census - de jure - complete tabulation,"Final figure, complete",2012,15811,"1,4"
China,2010,Urban,Male,Total,Census - de jure - complete tabulation,"Final figure, complete",2012,343040783,"1,4"
China,2010,Urban,Male,0,Census - de jure - complete tabulation,"Final figure, complete",2012,2889097,"1,4"
China,2010,Urban,Male,0 - 4,Census - de jure - complete tabulation,"Final figure, complete",2012,16749729,"1,4"
China,2010,Urban,Male,1,Census - de jure - complete tabulation,"Final figure, complete",2012,3499940,"1,4"
China,2010,Urban,Male,2,Census - de jure - complete tabulation,"Final figure, complete",2012,3491673,"1,4"
China,2010,Urban,Male,3,Census - de jure - complete tabulation,"Final figure, complete",2012,3481651,"1,4"
China,2010,Urban,Male,4,Census - de jure - complete tabulation,"Final figure, complete",2012,3387368,"1,4"
China,2010,Urban,Male,5,Census - de jure - complete tabulation,"Final figure, complete",2012,3375773,"1,4"
China,2010,Urban,Male,5 - 9,Census - de jure - complete tabulation,"Final figure, complete",2012,16580910,"1,4"
China,2010,Urban,Male,6,Census - de jure - complete tabulation,"Final figure, complete",2012,3434610,"1,4"
China,2010,Urban,Male,7,Census - de jure - complete tabulation,"Final figure, complete",2012,3099498,"1,4"
China,2010,Urban,Male,8,Census - de jure - complete tabulation,"Final figure, complete",2012,3271155,"1,4"
China,2010,Urban,Male,9,Census - de jure - complete tabulation,"Final figure, complete",2012,3399874,"1,4"
China,2010,Urban,Male,10,Census - de jure - complete tabulation,"Final figure, complete",2012,3516968,"1,4"
China,2010,Urban,Male,10 - 14,Census - de jure - complete tabulation,"Final figure, complete",2012,17664790,"1,4"
China,2010,Urban,Male,11,Census - de jure - complete tabulation,"Final figure, complete",2012,3315087,"1,4"
China,2010,Urban,Male,12,Census - de jure - complete tabulation,"Final figure, complete",2012,3595850,"1,4"
China,2010,Urban,Male,13,Census - de jure - complete tabulation,"Final figure, complete",2012,3534506,"1,4"
China,2010,Urban,Male,14,Census - de jure - complete tabulation,"Final figure, complete",2012,3702379,"1,4"
China,2010,Urban,Male,15,Census - de jure - complete tabulation,"Final figure, complete",2012,4486427,"1,4"
China,2010,Urban,Male,15 - 19,Census - de jure - complete tabulation,"Final figure, complete",2012,27603777,"1,4"
China,2010,Urban,Male,16,Census - de jure - complete tabulation,"Final figure, complete",2012,5177039,"1,4"
China,2010,Urban,Male,17,Census - de jure - complete tabulation,"Final figure, complete",2012,5927757,"1,4"
China,2010,Urban,Male,18,Census - de jure - complete tabulation,"Final figure, complete",2012,5902404,"1,4"
China,2010,Urban,Male,19,Census - de jure - complete tabulation,"Final figure, complete",2012,6110150,"1,4"
China,2010,Urban,Male,20,Census - de jure - complete tabulation,"Final figure, complete",2012,7965933,"1,4"
China,2010,Urban,Male,20 - 24,Census - de jure - complete tabulation,"Final figure, complete",2012,36041784,"1,4"
China,2010,Urban,Male,21,Census - de jure - complete tabulation,"Final figure, complete",2012,7653337,"1,4"
China,2010,Urban,Male,22,Census - de jure - complete tabulation,"Final figure, complete",2012,6964330,"1,4"
China,2010,Urban,Male,23,Census - de jure - complete tabulation,"Final figure, complete",2012,7168660,"1,4"
China,2010,Urban,Male,24,Census - de jure - complete tabulation,"Final figure, complete",2012,6289524,"1,4"
China,2010,Urban,Male,25,Census - de jure - complete tabulation,"Final figure, complete",2012,5555047,"1,4"
China,2010,Urban,Male,25 - 29,Census - de jure - complete tabulation,"Final figure, complete",2012,28973516,"1,4"
China,2010,Urban,Male,26,Census - de jure - complete tabulation,"Final figure, complete",2012,5553333,"1,4"
China,2010,Urban,Male,27,Census - de jure - complete tabulation,"Final figure, complete",2012,5635314,"1,4"
China,2010,Urban,Male,28,Census - de jure - complete tabulation,"Final figure, complete",2012,6534253,"1,4"
China,2010,Urban,Male,29,Census - de jure - complete tabulation,"Final figure, complete",2012,5695569,"1,4"
China,2010,Urban,Male,30,Census - de jure - complete tabulation,"Final figure, complete",2012,5497846,"1,4"
China,2010,Urban,Male,30 - 34,Census - de jure - complete tabulation,"Final figure, complete",2012,28432073,"1,4"
China,2010,Urban,Male,31,Census - de jure - complete tabulation,"Final figure, complete",2012,5874146,"1,4"
China,2010,Urban,Male,32,Census - de jure - complete tabulation,"Final figure, complete",2012,5722101,"1,4"
China,2010,Urban,Male,33,Census - de jure - complete tabulation,"Final figure, complete",2012,5332132,"1,4"
China,2010,Urban,Male,34,Census - de jure - complete tabulation,"Final figure, complete",2012,6005848,"1,4"
China,2010,Urban,Male,35,Census - de jure - complete tabulation,"Final figure, complete",2012,6086693,"1,4"
China,2010,Urban,Male,35 - 39,Census - de jure - complete tabulation,"Final figure, complete",2012,33349280,"1,4"
China,2010,Urban,Male,36,Census - de jure - complete tabulation,"Final figure, complete",2012,6475509,"1,4"
China,2010,Urban,Male,37,Census - de jure - complete tabulation,"Final figure, complete",2012,6810241,"1,4"
China,2010,Urban,Male,38,Census - de jure - complete tabulation,"Final figure, complete",2012,6953583,"1,4"
China,2010,Urban,Male,39,Census - de jure - complete tabulation,"Final figure, complete",2012,7023254,"1,4"
China,2010,Urban,Male,40,Census - de jure - complete tabulation,"Final figure, complete",2012,7510800,"1,4"
China,2010,Urban,Male,40 - 44,Census - de jure - complete tabulation,"Final figure, complete",2012,32845769,"1,4"
China,2010,Urban,Male,41,Census - de jure - complete tabulation,"Final figure, complete",2012,6722746,"1,4"
China,2010,Urban,Male,42,Census - de jure - complete tabulation,"Final figure, complete",2012,7153387,"1,4"
China,2010,Urban,Male,43,Census - de jure - complete tabulation,"Final figure, complete",2012,5393827,"1,4"
China,2010,Urban,Male,44,Census - de jure - complete tabulation,"Final figure, complete",2012,6065009,"1,4"
China,2010,Urban,Male,45,Census - de jure - complete tabulation,"Final figure, complete",2012,6220564,"1,4"
China,2010,Urban,Male,45 - 49,Census - de jure - complete tabulation,"Final figure, complete",2012,27723132,"1,4"
China,2010,Urban,Male,46,Census - de jure - complete tabulation,"Final figure, complete",2012,6163026,"1,4"
China,2010,Urban,Male,47,Census - de jure - complete tabulation,"Final figure, complete",2012,7237991,"1,4"
China,2010,Urban,Male,48,Census - de jure - complete tabulation,"Final figure, complete",2012,5173467,"1,4"
China,2010,Urban,Male,49,Census - de jure - complete tabulation,"Final figure, complete",2012,2928084,"1,4"
China,2010,Urban,Male,50,Census - de jure - complete tabulation,"Final figure, complete",2012,3783305,"1,4"
China,2010,Urban,Male,50 - 54,Census - de jure - complete tabulation,"Final figure, complete",2012,20130395,"1,4"
China,2010,Urban,Male,51,Census - de jure - complete tabulation,"Final figure, complete",2012,3398406,"1,4"
China,2010,Urban,Male,52,Census - de jure - complete tabulation,"Final figure, complete",2012,4306232,"1,4"
China,2010,Urban,Male,53,Census - de jure - complete tabulation,"Final figure, complete",2012,4557560,"1,4"
China,2010,Urban,Male,54,Census - de jure - complete tabulation,"Final figure, complete",2012,4084892,"1,4"
China,2010,Urban,Male,55,Census - de jure - complete tabulation,"Final figure, complete",2012,4198946,"1,4"
China,2010,Urban,Male,55 - 59,Census - de jure - complete tabulation,"Final figure, complete",2012,18762887,"1,4"
China,2010,Urban,Male,56,Census - de jure - complete tabulation,"Final figure, complete",2012,4186432,"1,4"
China,2010,Urban,Male,57,Census - de jure - complete tabulation,"Final figure, complete",2012,3667990,"1,4"
China,2010,Urban,Male,58,Census - de jure - complete tabulation,"Final figure, complete",2012,3632239,"1,4"
China,2010,Urban,Male,59,Census - de jure - complete tabulation,"Final figure, complete",2012,3077280,"1,4"
China,2010,Urban,Male,60,Census - de jure - complete tabulation,"Final figure, complete",2012,3106933,"1,4"
China,2010,Urban,Male,60 - 64,Census - de jure - complete tabulation,"Final figure, complete",2012,13067045,"1,4"
China,2010,Urban,Male,61,Census - de jure - complete tabulation,"Final figure, complete",2012,2917830,"1,4"
China,2010,Urban,Male,62,Census - de jure - complete tabulation,"Final figure, complete",2012,2468204,"1,4"
China,2010,Urban,Male,63,Census - de jure - complete tabulation,"Final figure, complete",2012,2386725,"1,4"
China,2010,Urban,Male,64,Census - de jure - complete tabulation,"Final figure, complete",2012,2187353,"1,4"
China,2010,Urban,Male,65,Census - de jure - complete tabulation,"Final figure, complete",2012,1955906,"1,4"
China,2010,Urban,Male,65 - 69,Census - de jure - complete tabulation,"Final figure, complete",2012,8866594,"1,4"
China,2010,Urban,Male,66,Census - de jure - complete tabulation,"Final figure, complete",2012,1849417,"1,4"
China,2010,Urban,Male,67,Census - de jure - complete tabulation,"Final figure, complete",2012,1695879,"1,4"
China,2010,Urban,Male,68,Census - de jure - complete tabulation,"Final figure, complete",2012,1688732,"1,4"
China,2010,Urban,Male,69,Census - de jure - complete tabulation,"Final figure, complete",2012,1676660,"1,4"
China,2010,Urban,Male,70,Census - de jure - complete tabulation,"Final figure, complete",2012,1641565,"1,4"
China,2010,Urban,Male,70 - 74,Census - de jure - complete tabulation,"Final figure, complete",2012,7241891,"1,4"
China,2010,Urban,Male,71,Census - de jure - complete tabulation,"Final figure, complete",2012,1379366,"1,4"
China,2010,Urban,Male,72,Census - de jure - complete tabulation,"Final figure, complete",2012,1513051,"1,4"
China,2010,Urban,Male,73,Census - de jure - complete tabulation,"Final figure, complete",2012,1392794,"1,4"
China,2010,Urban,Male,74,Census - de jure - complete tabulation,"Final figure, complete",2012,1315115,"1,4"
China,2010,Urban,Male,75,Census - de jure - complete tabulation,"Final figure, complete",2012,1198920,"1,4"
China,2010,Urban,Male,75 - 79,Census - de jure - complete tabulation,"Final figure, complete",2012,5048471,"1,4"
China,2010,Urban,Male,76,Census - de jure - complete tabulation,"Final figure, complete",2012,1094161,"1,4"
China,2010,Urban,Male,77,Census - de jure - complete tabulation,"Final figure, complete",2012,1085489,"1,4"
China,2010,Urban,Male,78,Census - de jure - complete tabulation,"Final figure, complete",2012,885643,"1,4"
China,2010,Urban,Male,79,Census - de jure - complete tabulation,"Final figure, complete",2012,784258,"1,4"
China,2010,Urban,Male,80,Census - de jure - complete tabulation,"Final figure, complete",2012,779161,"1,4"
China,2010,Urban,Male,80 - 84,Census - de jure - complete tabulation,"Final figure, complete",2012,2665218,"1,4"
China,2010,Urban,Male,81,Census - de jure - complete tabulation,"Final figure, complete",2012,570384,"1,4"
China,2010,Urban,Male,82,Census - de jure - complete tabulation,"Final figure, complete",2012,538794,"1,4"
China,2010,Urban,Male,83,Census - de jure - complete tabulation,"Final figure, complete",2012,432986,"1,4"
China,2010,Urban,Male,84,Census - de jure - complete tabulation,"Final figure, complete",2012,343893,"1,4"
China,2010,Urban,Male,85,Census - de jure - complete tabulation,"Final figure, complete",2012,298646,"1,4"
China,2010,Urban,Male,85 - 89,Census - de jure - complete tabulation,"Final figure, complete",2012,982284,"1,4"
China,2010,Urban,Male,86,Census - de jure - complete tabulation,"Final figure, complete",2012,235522,"1,4"
China,2010,Urban,Male,87,Census - de jure - complete tabulation,"Final figure, complete",2012,181537,"1,4"
China,2010,Urban,Male,88,Census - de jure - complete tabulation,"Final figure, complete",2012,147244,"1,4"
China,2010,Urban,Male,89,Census - de jure - complete tabulation,"Final figure, complete",2012,119335,"1,4"
China,2010,Urban,Male,90,Census - de jure - complete tabulation,"Final figure, complete",2012,86571,"1,4"
China,2010,Urban,Male,90 - 94,Census - de jure - complete tabulation,"Final figure, complete",2012,246031,"1,4"
China,2010,Urban,Male,91,Census - de jure - complete tabulation,"Final figure, complete",2012,59051,"1,4"
China,2010,Urban,Male,92,Census - de jure - complete tabulation,"Final figure, complete",2012,44162,"1,4"
China,2010,Urban,Male,93,Census - de jure - complete tabulation,"Final figure, complete",2012,32096,"1,4"
China,2010,Urban,Male,94,Census - de jure - complete tabulation,"Final figure, complete",2012,24151,"1,4"
China,2010,Urban,Male,95,Census - de jure - complete tabulation,"Final figure, complete",2012,18018,"1,4"
China,2010,Urban,Male,95 - 99,Census - de jure - complete tabulation,"Final figure, complete",2012,60991,"1,4"
China,2010,Urban,Male,96,Census - de jure - complete tabulation,"Final figure, complete",2012,14578,"1,4"
China,2010,Urban,Male,97,Census - de jure - complete tabulation,"Final figure, complete",2012,11522,"1,4"
China,2010,Urban,Male,98,Census - de jure - complete tabulation,"Final figure, complete",2012,10021,"1,4"
China,2010,Urban,Male,99,Census - de jure - complete tabulation,"Final figure, complete",2012,6852,"1,4"
China,2010,Urban,Male,100 +,Census - de jure - complete tabulation,"Final figure, complete",2012,4216,"1,4"
China,2010,Urban,Female,Total,Census - de jure - complete tabulation,"Final figure, complete",2012,326964763,"1,4"
China,2010,Urban,Female,0,Census - de jure - complete tabulation,"Final figure, complete",2012,2486182,"1,4"
China,2010,Urban,Female,0 - 4,Census - de jure - complete tabulation,"Final figure, complete",2012,14186741,"1,4"
China,2010,Urban,Female,1,Census - de jure - complete tabulation,"Final figure, complete",2012,2922656,"1,4"
China,2010,Urban,Female,2,Census - de jure - complete tabulation,"Final figure, complete",2012,2945747,"1,4"
China,2010,Urban,Female,3,Census - de jure - complete tabulation,"Final figure, complete",2012,2958435,"1,4"
China,2010,Urban,Female,4,Census - de jure - complete tabulation,"Final figure, complete",2012,2873721,"1,4"
China,2010,Urban,Female,5,Census - de jure - complete tabulation,"Final figure, complete",2012,2855804,"1,4"
China,2010,Urban,Female,5 - 9,Census - de jure - complete tabulation,"Final figure, complete",2012,13984749,"1,4"
China,2010,Urban,Female,6,Census - de jure - complete tabulation,"Final figure, complete",2012,2899669,"1,4"
China,2010,Urban,Female,7,Census - de jure - complete tabulation,"Final figure, complete",2012,2602421,"1,4"
China,2010,Urban,Female,8,Census - de jure - complete tabulation,"Final figure, complete",2012,2758294,"1,4"
China,2010,Urban,Female,9,Census - de jure - complete tabulation,"Final figure, complete",2012,2868561,"1,4"
China,2010,Urban,Female,10,Census - de jure - complete tabulation,"Final figure, complete",2012,2965126,"1,4"
China,2010,Urban,Female,10 - 14,Census - de jure - complete tabulation,"Final figure, complete",2012,15142736,"1,4"
China,2010,Urban,Female,11,Census - de jure - complete tabulation,"Final figure, complete",2012,2817270,"1,4"
China,2010,Urban,Female,12,Census - de jure - complete tabulation,"Final figure, complete",2012,3061204,"1,4"
China,2010,Urban,Female,13,Census - de jure - complete tabulation,"Final figure, complete",2012,3049084,"1,4"
China,2010,Urban,Female,14,Census - de jure - complete tabulation,"Final figure, complete",2012,3250052,"1,4"
China,2010,Urban,Female,15,Census - de jure - complete tabulation,"Final figure, complete",2012,4060698,"1,4"
China,2010,Urban,Female,15 - 19,Census - de jure - complete tabulation,"Final figure, complete",2012,25986215,"1,4"
China,2010,Urban,Female,16,Census - de jure - complete tabulation,"Final figure, complete",2012,4864855,"1,4"
China,2010,Urban,Female,17,Census - de jure - complete tabulation,"Final figure, complete",2012,5651173,"1,4"
China,2010,Urban,Female,18,Census - de jure - complete tabulation,"Final figure, complete",2012,5584746,"1,4"
China,2010,Urban,Female,19,Census - de jure - complete tabulation,"Final figure, complete",2012,5824743,"1,4"
China,2010,Urban,Female,20,Census - de jure - complete tabulation,"Final figure, complete",2012,7724033,"1,4"
China,2010,Urban,Female,20 - 24,Census - de jure - complete tabulation,"Final figure, complete",2012,35016734,"1,4"
China,2010,Urban,Female,21,Census - de jure - complete tabulation,"Final figure, complete",2012,7407781,"1,4"
China,2010,Urban,Female,22,Census - de jure - complete tabulation,"Final figure, complete",2012,6709828,"1,4"
China,2010,Urban,Female,23,Census - de jure - complete tabulation,"Final figure, complete",2012,6966737,"1,4"
China,2010,Urban,Female,24,Census - de jure - complete tabulation,"Final figure, complete",2012,6208355,"1,4"
China,2010,Urban,Female,25,Census - de jure - complete tabulation,"Final figure, complete",2012,5480342,"1,4"
China,2010,Urban,Female,25 - 29,Census - de jure - complete tabulation,"Final figure, complete",2012,28706440,"1,4"
China,2010,Urban,Female,26,Census - de jure - complete tabulation,"Final figure, complete",2012,5510215,"1,4"
China,2010,Urban,Female,27,Census - de jure - complete tabulation,"Final figure, complete",2012,5599797,"1,4"
China,2010,Urban,Female,28,Census - de jure - complete tabulation,"Final figure, complete",2012,6498295,"1,4"
China,2010,Urban,Female,29,Census - de jure - complete tabulation,"Final figure, complete",2012,5617791,"1,4"
China,2010,Urban,Female,30,Census - de jure - complete tabulation,"Final figure, complete",2012,5364409,"1,4"
China,2010,Urban,Female,30 - 34,Census - de jure - complete tabulation,"Final figure, complete",2012,27578884,"1,4"
China,2010,Urban,Female,31,Census - de jure - complete tabulation,"Final figure, complete",2012,5707310,"1,4"
China,2010,Urban,Female,32,Census - de jure - complete tabulation,"Final figure, complete",2012,5570069,"1,4"
China,2010,Urban,Female,33,Census - de jure - complete tabulation,"Final figure, complete",2012,5166207,"1,4"
China,2010,Urban,Female,34,Census - de jure - complete tabulation,"Final figure, complete",2012,5770889,"1,4"
China,2010,Urban,Female,35,Census - de jure - complete tabulation,"Final figure, complete",2012,5855517,"1,4"
China,2010,Urban,Female,35 - 39,Census - de jure - complete tabulation,"Final figure, complete",2012,31676085,"1,4"
China,2010,Urban,Female,36,Census - de jure - complete tabulation,"Final figure, complete",2012,6206474,"1,4"
China,2010,Urban,Female,37,Census - de jure - complete tabulation,"Final figure, complete",2012,6462359,"1,4"
China,2010,Urban,Female,38,Census - de jure - complete tabulation,"Final figure, complete",2012,6552093,"1,4"
China,2010,Urban,Female,39,Census - de jure - complete tabulation,"Final figure, complete",2012,6599642,"1,4"
China,2010,Urban,Female,40,Census - de jure - complete tabulation,"Final figure, complete",2012,7065201,"1,4"
China,2010,Urban,Female,40 - 44,Census - de jure - complete tabulation,"Final figure, complete",2012,30940727,"1,4"
China,2010,Urban,Female,41,Census - de jure - complete tabulation,"Final figure, complete",2012,6358723,"1,4"
China,2010,Urban,Female,42,Census - de jure - complete tabulation,"Final figure, complete",2012,6727837,"1,4"
China,2010,Urban,Female,43,Census - de jure - complete tabulation,"Final figure, complete",2012,5083965,"1,4"
China,2010,Urban,Female,44,Census - de jure - complete tabulation,"Final figure, complete",2012,5705001,"1,4"
China,2010,Urban,Female,45,Census - de jure - complete tabulation,"Final figure, complete",2012,5789108,"1,4"
China,2010,Urban,Female,45 - 49,Census - de jure - complete tabulation,"Final figure, complete",2012,25906409,"1,4"
China,2010,Urban,Female,46,Census - de jure - complete tabulation,"Final figure, complete",2012,5772004,"1,4"
China,2010,Urban,Female,47,Census - de jure - complete tabulation,"Final figure, complete",2012,6733074,"1,4"
China,2010,Urban,Female,48,Census - de jure - complete tabulation,"Final figure, complete",2012,4809724,"1,4"
China,2010,Urban,Female,49,Census - de jure - complete tabulation,"Final figure, complete",2012,2802499,"1,4"
China,2010,Urban,Female,50,Census - de jure - complete tabulation,"Final figure, complete",2012,3540955,"1,4"
China,2010,Urban,Female,50 - 54,Census - de jure - complete tabulation,"Final figure, complete",2012,19055993,"1,4"
China,2010,Urban,Female,51,Census - de jure - complete tabulation,"Final figure, complete",2012,3162909,"1,4"
China,2010,Urban,Female,52,Census - de jure - complete tabulation,"Final figure, complete",2012,4018140,"1,4"
China,2010,Urban,Female,53,Census - de jure - complete tabulation,"Final figure, complete",2012,4344440,"1,4"
China,2010,Urban,Female,54,Census - de jure - complete tabulation,"Final figure, complete",2012,3989549,"1,4"
China,2010,Urban,Female,55,Census - de jure - complete tabulation,"Final figure, complete",2012,4097801,"1,4"
China,2010,Urban,Female,55 - 59,Census - de jure - complete tabulation,"Final figure, complete",2012,18674648,"1,4"
China,2010,Urban,Female,56,Census - de jure - complete tabulation,"Final figure, complete",2012,4134275,"1,4"
China,2010,Urban,Female,57,Census - de jure - complete tabulation,"Final figure, complete",2012,3688426,"1,4"
China,2010,Urban,Female,58,Census - de jure - complete tabulation,"Final figure, complete",2012,3644673,"1,4"
China,2010,Urban,Female,59,Census - de jure - complete tabulation,"Final figure, complete",2012,3109473,"1,4"
China,2010,Urban,Female,60,Census - de jure - complete tabulation,"Final figure, complete",2012,3060795,"1,4"
China,2010,Urban,Female,60 - 64,Census - de jure - complete tabulation,"Final figure, complete",2012,12969872,"1,4"
China,2010,Urban,Female,61,Census - de jure - complete tabulation,"Final figure, complete",2012,2871102,"1,4"
China,2010,Urban,Female,62,Census - de jure - complete tabulation,"Final figure, complete",2012,2486186,"1,4"
China,2010,Urban,Female,63,Census - de jure - complete tabulation,"Final figure, complete",2012,2364422,"1,4"
China,2010,Urban,Female,64,Census - de jure - complete tabulation,"Final figure, complete",2012,2187367,"1,4"
China,2010,Urban,Female,65,Census - de jure - complete tabulation,"Final figure, complete",2012,1984158,"1,4"
China,2010,Urban,Female,65 - 69,Census - de jure - complete tabulation,"Final figure, complete",2012,9043735,"1,4"
China,2010,Urban,Female,66,Census - de jure - complete tabulation,"Final figure, complete",2012,1867638,"1,4"
China,2010,Urban,Female,67,Census - de jure - complete tabulation,"Final figure, complete",2012,1734284,"1,4"
China,2010,Urban,Female,68,Census - de jure - complete tabulation,"Final figure, complete",2012,1735451,"1,4"
China,2010,Urban,Female,69,Census - de jure - complete tabulation,"Final figure, complete",2012,1722204,"1,4"
China,2010,Urban,Female,70,Census - de jure - complete tabulation,"Final figure, complete",2012,1674223,"1,4"
China,2010,Urban,Female,70 - 74,Census - de jure - complete tabulation,"Final figure, complete",2012,7535369,"1,4"
China,2010,Urban,Female,71,Census - de jure - complete tabulation,"Final figure, complete",2012,1454752,"1,4"
China,2010,Urban,Female,72,Census - de jure - complete tabulation,"Final figure, complete",2012,1568420,"1,4"
China,2010,Urban,Female,73,Census - de jure - complete tabulation,"Final figure, complete",2012,1438765,"1,4"
China,2010,Urban,Female,74,Census - de jure - complete tabulation,"Final figure, complete",2012,1399209,"1,4"
China,2010,Urban,Female,75,Census - de jure - complete tabulation,"Final figure, complete",2012,1319059,"1,4"
China,2010,Urban,Female,75 - 79,Census - de jure - complete tabulation,"Final figure, complete",2012,5483032,"1,4"
China,2010,Urban,Female,76,Census - de jure - complete tabulation,"Final figure, complete",2012,1204087,"1,4"
China,2010,Urban,Female,77,Census - de jure - complete tabulation,"Final figure, complete",2012,1159213,"1,4"
China,2010,Urban,Female,78,Census - de jure - complete tabulation,"Final figure, complete",2012,971087,"1,4"
China,2010,Urban,Female,79,Census - de jure - complete tabulation,"Final figure, complete",2012,829586,"1,4"
China,2010,Urban,Female,80,Census - de jure - complete tabulation,"Final figure, complete",2012,845066,"1,4"
China,2010,Urban,Female,80 - 84,Census - de jure - complete tabulation,"Final figure, complete",2012,3097610,"1,4"
China,2010,Urban,Female,81,Census - de jure - complete tabulation,"Final figure, complete",2012,654516,"1,4"
China,2010,Urban,Female,82,Census - de jure - complete tabulation,"Final figure, complete",2012,636354,"1,4"
China,2010,Urban,Female,83,Census - de jure - complete tabulation,"Final figure, complete",2012,524949,"1,4"
China,2010,Urban,Female,84,Census - de jure - complete tabulation,"Final figure, complete",2012,436725,"1,4"
China,2010,Urban,Female,85,Census - de jure - complete tabulation,"Final figure, complete",2012,398885,"1,4"
China,2010,Urban,Female,85 - 89,Census - de jure - complete tabulation,"Final figure, complete",2012,1409906,"1,4"
China,2010,Urban,Female,86,Census - de jure - complete tabulation,"Final figure, complete",2012,332997,"1,4"
China,2010,Urban,Female,87,Census - de jure - complete tabulation,"Final figure, complete",2012,268040,"1,4"
China,2010,Urban,Female,88,Census - de jure - complete tabulation,"Final figure, complete",2012,223074,"1,4"
China,2010,Urban,Female,89,Census - de jure - complete tabulation,"Final figure, complete",2012,186910,"1,4"
China,2010,Urban,Female,90,Census - de jure - complete tabulation,"Final figure, complete",2012,147981,"1,4"
China,2010,Urban,Female,90 - 94,Census - de jure - complete tabulation,"Final figure, complete",2012,441732,"1,4"
China,2010,Urban,Female,91,Census - de jure - complete tabulation,"Final figure, complete",2012,102855,"1,4"
China,2010,Urban,Female,92,Census - de jure - complete tabulation,"Final figure, complete",2012,82705,"1,4"
China,2010,Urban,Female,93,Census - de jure - complete tabulation,"Final figure, complete",2012,61566,"1,4"
China,2010,Urban,Female,94,Census - de jure - complete tabulation,"Final figure, complete",2012,46625,"1,4"
China,2010,Urban,Female,95,Census - de jure - complete tabulation,"Final figure, complete",2012,36069,"1,4"
China,2010,Urban,Female,95 - 99,Census - de jure - complete tabulation,"Final figure, complete",2012,115551,"1,4"
China,2010,Urban,Female,96,Census - de jure - complete tabulation,"Final figure, complete",2012,28181,"1,4"
China,2010,Urban,Female,97,Census - de jure - complete tabulation,"Final figure, complete",2012,21519,"1,4"
China,2010,Urban,Female,98,Census - de jure - complete tabulation,"Final figure, complete",2012,17347,"1,4"
China,2010,Urban,Female,99,Census - de jure - complete tabulation,"Final figure, complete",2012,12435,"1,4"
China,2010,Urban,Female,100 +,Census - de jure - complete tabulation,"Final figure, complete",2012,11595,"1,4"
China,2010,Rural,Both Sexes,Total,Census - de jure - complete tabulation,"Final figure, complete",2012,662805323,"1,4"
China,2010,Rural,Both Sexes,0,Census - de jure - complete tabulation,"Final figure, complete",2012,8411155,"1,4"
China,2010,Rural,Both Sexes,0 - 4,Census - de jure - complete tabulation,"Final figure, complete",2012,44596140,"1,4"
China,2010,Rural,Both Sexes,1,Census - de jure - complete tabulation,"Final figure, complete",2012,9235359,"1,4"
China,2010,Rural,Both Sexes,2,Census - de jure - complete tabulation,"Final figure, complete",2012,9179955,"1,4"
China,2010,Rural,Both Sexes,3,Census - de jure - complete tabulation,"Final figure, complete",2012,8810719,"1,4"
China,2010,Rural,Both Sexes,4,Census - de jure - complete tabulation,"Final figure, complete",2012,8958952,"1,4"
China,2010,Rural,Both Sexes,5,Census - de jure - complete tabulation,"Final figure, complete",2012,8500560,"1,4"
China,2010,Rural,Both Sexes,5 - 9,Census - de jure - complete tabulation,"Final figure, complete",2012,40315890,"1,4"
China,2010,Rural,Both Sexes,6,Census - de jure - complete tabulation,"Final figure, complete",2012,8470191,"1,4"
China,2010,Rural,Both Sexes,7,Census - de jure - complete tabulation,"Final figure, complete",2012,7727242,"1,4"
China,2010,Rural,Both Sexes,8,Census - de jure - complete tabulation,"Final figure, complete",2012,7637507,"1,4"
China,2010,Rural,Both Sexes,9,Census - de jure - complete tabulation,"Final figure, complete",2012,7980390,"1,4"
China,2010,Rural,Both Sexes,10,Census - de jure - complete tabulation,"Final figure, complete",2012,7972263,"1,4"
China,2010,Rural,Both Sexes,10 - 14,Census - de jure - complete tabulation,"Final figure, complete",2012,42100936,"1,4"
China,2010,Rural,Both Sexes,11,Census - de jure - complete tabulation,"Final figure, complete",2012,7803357,"1,4"
China,2010,Rural,Both Sexes,12,Census - de jure - complete tabulation,"Final figure, complete",2012,8742505,"1,4"
China,2010,Rural,Both Sexes,13,Census - de jure - complete tabulation,"Final figure, complete",2012,8641442,"1,4"
China,2010,Rural,Both Sexes,14,Census - de jure - complete tabulation,"Final figure, complete",2012,8941369,"1,4"
China,2010,Rural,Both Sexes,15,Census - de jure - complete tabulation,"Final figure, complete",2012,9477359,"1,4"
China,2010,Rural,Both Sexes,15 - 19,Census - de jure - complete tabulation,"Final figure, complete",2012,46299122,"1,4"
China,2010,Rural,Both Sexes,16,Census - de jure - complete tabulation,"Final figure, complete",2012,8748627,"1,4"
China,2010,Rural,Both Sexes,17,Census - de jure - complete tabulation,"Final figure, complete",2012,9196439,"1,4"
China,2010,Rural,Both Sexes,18,Census - de jure - complete tabulation,"Final figure, complete",2012,9268124,"1,4"
China,2010,Rural,Both Sexes,19,Census - de jure - complete tabulation,"Final figure, complete",2012,9608573,"1,4"
China,2010,Rural,Both Sexes,20,Census - de jure - complete tabulation,"Final figure, complete",2012,12336988,"1,4"
China,2010,Rural,Both Sexes,20 - 24,Census - de jure - complete tabulation,"Final figure, complete",2012,56354000,"1,4"
China,2010,Rural,Both Sexes,21,Census - de jure - complete tabulation,"Final figure, complete",2012,11495531,"1,4"
China,2010,Rural,Both Sexes,22,Census - de jure - complete tabulation,"Final figure, complete",2012,10800034,"1,4"
China,2010,Rural,Both Sexes,23,Census - de jure - complete tabulation,"Final figure, complete",2012,11560558,"1,4"
China,2010,Rural,Both Sexes,24,Census - de jure - complete tabulation,"Final figure, complete",2012,10160889,"1,4"
China,2010,Rural,Both Sexes,25,Census - de jure - complete tabulation,"Final figure, complete",2012,8898294,"1,4"
China,2010,Rural,Both Sexes,25 - 29,Census - de jure - complete tabulation,"Final figure, complete",2012,43333896,"1,4"
China,2010,Rural,Both Sexes,26,Census - de jure - complete tabulation,"Final figure, complete",2012,8645629,"1,4"
China,2010,Rural,Both Sexes,27,Census - de jure - complete tabulation,"Final figure, complete",2012,8245725,"1,4"
China,2010,Rural,Both Sexes,28,Census - de jure - complete tabulation,"Final figure, complete",2012,9289599,"1,4"
China,2010,Rural,Both Sexes,29,Census - de jure - complete tabulation,"Final figure, complete",2012,8254649,"1,4"
China,2010,Rural,Both Sexes,30,Census - de jure - complete tabulation,"Final figure, complete",2012,8066114,"1,4"
China,2010,Rural,Both Sexes,30 - 34,Census - de jure - complete tabulation,"Final figure, complete",2012,41127246,"1,4"
China,2010,Rural,Both Sexes,31,Census - de jure - complete tabulation,"Final figure, complete",2012,8285002,"1,4"
China,2010,Rural,Both Sexes,32,Census - de jure - complete tabulation,"Final figure, complete",2012,8182704,"1,4"
China,2010,Rural,Both Sexes,33,Census - de jure - complete tabulation,"Final figure, complete",2012,7681139,"1,4"
China,2010,Rural,Both Sexes,34,Census - de jure - complete tabulation,"Final figure, complete",2012,8912287,"1,4"
China,2010,Rural,Both Sexes,35,Census - de jure - complete tabulation,"Final figure, complete",2012,9244306,"1,4"
China,2010,Rural,Both Sexes,35 - 39,Census - de jure - complete tabulation,"Final figure, complete",2012,53000594,"1,4"
China,2010,Rural,Both Sexes,36,Census - de jure - complete tabulation,"Final figure, complete",2012,10224997,"1,4"
China,2010,Rural,Both Sexes,37,Census - de jure - complete tabulation,"Final figure, complete",2012,10717608,"1,4"
China,2010,Rural,Both Sexes,38,Census - de jure - complete tabulation,"Final figure, complete",2012,11224784,"1,4"
China,2010,Rural,Both Sexes,39,Census - de jure - complete tabulation,"Final figure, complete",2012,11588899,"1,4"
China,2010,Rural,Both Sexes,40,Census - de jure - complete tabulation,"Final figure, complete",2012,12821218,"1,4"
China,2010,Rural,Both Sexes,40 - 44,Census - de jure - complete tabulation,"Final figure, complete",2012,60967468,"1,4"
China,2010,Rural,Both Sexes,41,Census - de jure - complete tabulation,"Final figure, complete",2012,11874828,"1,4"
China,2010,Rural,Both Sexes,42,Census - de jure - complete tabulation,"Final figure, complete",2012,13151318,"1,4"
China,2010,Rural,Both Sexes,43,Census - de jure - complete tabulation,"Final figure, complete",2012,10877956,"1,4"
China,2010,Rural,Both Sexes,44,Census - de jure - complete tabulation,"Final figure, complete",2012,12242148,"1,4"
China,2010,Rural,Both Sexes,45,Census - de jure - complete tabulation,"Final figure, complete",2012,11952902,"1,4"
China,2010,Rural,Both Sexes,45 - 49,Census - de jure - complete tabulation,"Final figure, complete",2012,51965012,"1,4"
China,2010,Rural,Both Sexes,46,Census - de jure - complete tabulation,"Final figure, complete",2012,11420748,"1,4"
China,2010,Rural,Both Sexes,47,Census - de jure - complete tabulation,"Final figure, complete",2012,13001092,"1,4"
China,2010,Rural,Both Sexes,48,Census - de jure - complete tabulation,"Final figure, complete",2012,10091893,"1,4"
China,2010,Rural,Both Sexes,49,Census - de jure - complete tabulation,"Final figure, complete",2012,5498377,"1,4"
China,2010,Rural,Both Sexes,50,Census - de jure - complete tabulation,"Final figure, complete",2012,6772748,"1,4"
China,2010,Rural,Both Sexes,50 - 54,Census - de jure - complete tabulation,"Final figure, complete",2012,39566783,"1,4"
China,2010,Rural,Both Sexes,51,Census - de jure - complete tabulation,"Final figure, complete",2012,6277517,"1,4"
China,2010,Rural,Both Sexes,52,Census - de jure - complete tabulation,"Final figure, complete",2012,8293337,"1,4"
China,2010,Rural,Both Sexes,53,Census - de jure - complete tabulation,"Final figure, complete",2012,9449980,"1,4"
China,2010,Rural,Both Sexes,54,Census - de jure - complete tabulation,"Final figure, complete",2012,8773201,"1,4"
China,2010,Rural,Both Sexes,55,Census - de jure - complete tabulation,"Final figure, complete",2012,9313781,"1,4"
China,2010,Rural,Both Sexes,55 - 59,Census - de jure - complete tabulation,"Final figure, complete",2012,43874939,"1,4"
China,2010,Rural,Both Sexes,56,Census - de jure - complete tabulation,"Final figure, complete",2012,9417420,"1,4"
China,2010,Rural,Both Sexes,57,Census - de jure - complete tabulation,"Final figure, complete",2012,8737472,"1,4"
China,2010,Rural,Both Sexes,58,Census - de jure - complete tabulation,"Final figure, complete",2012,8891021,"1,4"
China,2010,Rural,Both Sexes,59,Census - de jure - complete tabulation,"Final figure, complete",2012,7515245,"1,4"
China,2010,Rural,Both Sexes,60,Census - de jure - complete tabulation,"Final figure, complete",2012,7450476,"1,4"
China,2010,Rural,Both Sexes,60 - 64,Census - de jure - complete tabulation,"Final figure, complete",2012,32630365,"1,4"
China,2010,Rural,Both Sexes,61,Census - de jure - complete tabulation,"Final figure, complete",2012,7240193,"1,4"
China,2010,Rural,Both Sexes,62,Census - de jure - complete tabulation,"Final figure, complete",2012,6322463,"1,4"
China,2010,Rural,Both Sexes,63,Census - de jure - complete tabulation,"Final figure, complete",2012,6040486,"1,4"
China,2010,Rural,Both Sexes,64,Census - de jure - complete tabulation,"Final figure, complete",2012,5576747,"1,4"
China,2010,Rural,Both Sexes,65,Census - de jure - complete tabulation,"Final figure, complete",2012,5133347,"1,4"
China,2010,Rural,Both Sexes,65 - 69,Census - de jure - complete tabulation,"Final figure, complete",2012,23202953,"1,4"
China,2010,Rural,Both Sexes,66,Census - de jure - complete tabulation,"Final figure, complete",2012,4923910,"1,4"
China,2010,Rural,Both Sexes,67,Census - de jure - complete tabulation,"Final figure, complete",2012,4511978,"1,4"
China,2010,Rural,Both Sexes,68,Census - de jure - complete tabulation,"Final figure, complete",2012,4316685,"1,4"
China,2010,Rural,Both Sexes,69,Census - de jure - complete tabulation,"Final figure, complete",2012,4317033,"1,4"
China,2010,Rural,Both Sexes,70,Census - de jure - complete tabulation,"Final figure, complete",2012,4073624,"1,4"
China,2010,Rural,Both Sexes,70 - 74,Census - de jure - complete tabulation,"Final figure, complete",2012,18195137,"1,4"
China,2010,Rural,Both Sexes,71,Census - de jure - complete tabulation,"Final figure, complete",2012,3431600,"1,4"
China,2010,Rural,Both Sexes,72,Census - de jure - complete tabulation,"Final figure, complete",2012,3811754,"1,4"
China,2010,Rural,Both Sexes,73,Census - de jure - complete tabulation,"Final figure, complete",2012,3512310,"1,4"
China,2010,Rural,Both Sexes,74,Census - de jure - complete tabulation,"Final figure, complete",2012,3365849,"1,4"
China,2010,Rural,Both Sexes,75,Census - de jure - complete tabulation,"Final figure, complete",2012,3114498,"1,4"
China,2010,Rural,Both Sexes,75 - 79,Census - de jure - complete tabulation,"Final figure, complete",2012,13320630,"1,4"
China,2010,Rural,Both Sexes,76,Census - de jure - complete tabulation,"Final figure, complete",2012,2877252,"1,4"
China,2010,Rural,Both Sexes,77,Census - de jure - complete tabulation,"Final figure, complete",2012,2837681,"1,4"
China,2010,Rural,Both Sexes,78,Census - de jure - complete tabulation,"Final figure, complete",2012,2398128,"1,4"
China,2010,Rural,Both Sexes,79,Census - de jure - complete tabulation,"Final figure, complete",2012,2093071,"1,4"
China,2010,Rural,Both Sexes,80,Census - de jure - complete tabulation,"Final figure, complete",2012,2113032,"1,4"
China,2010,Rural,Both Sexes,80 - 84,Census - de jure - complete tabulation,"Final figure, complete",2012,7610370,"1,4"
China,2010,Rural,Both Sexes,81,Census - de jure - complete tabulation,"Final figure, complete",2012,1591793,"1,4"
China,2010,Rural,Both Sexes,82,Census - de jure - complete tabulation,"Final figure, complete",2012,1582770,"1,4"
China,2010,Rural,Both Sexes,83,Census - de jure - complete tabulation,"Final figure, complete",2012,1279203,"1,4"
China,2010,Rural,Both Sexes,84,Census - de jure - complete tabulation,"Final figure, complete",2012,1043572,"1,4"
China,2010,Rural,Both Sexes,85,Census - de jure - complete tabulation,"Final figure, complete",2012,950629,"1,4"
China,2010,Rural,Both Sexes,85 - 89,Census - de jure - complete tabulation,"Final figure, complete",2012,3239738,"1,4"
China,2010,Rural,Both Sexes,86,Census - de jure - complete tabulation,"Final figure, complete",2012,775696,"1,4"
China,2010,Rural,Both Sexes,87,Census - de jure - complete tabulation,"Final figure, complete",2012,615699,"1,4"
China,2010,Rural,Both Sexes,88,Census - de jure - complete tabulation,"Final figure, complete",2012,488561,"1,4"
China,2010,Rural,Both Sexes,89,Census - de jure - complete tabulation,"Final figure, complete",2012,409153,"1,4"
China,2010,Rural,Both Sexes,90,Census - de jure - complete tabulation,"Final figure, complete",2012,319253,"1,4"
China,2010,Rural,Both Sexes,90 - 94,Census - de jure - complete tabulation,"Final figure, complete",2012,890544,"1,4"
China,2010,Rural,Both Sexes,91,Census - de jure - complete tabulation,"Final figure, complete",2012,209173,"1,4"
China,2010,Rural,Both Sexes,92,Census - de jure - complete tabulation,"Final figure, complete",2012,160809,"1,4"
China,2010,Rural,Both Sexes,93,Census - de jure - complete tabulation,"Final figure, complete",2012,115629,"1,4"
China,2010,Rural,Both Sexes,94,Census - de jure - complete tabulation,"Final figure, complete",2012,85680,"1,4"
China,2010,Rural,Both Sexes,95,Census - de jure - complete tabulation,"Final figure, complete",2012,63435,"1,4"
China,2010,Rural,Both Sexes,95 - 99,Census - de jure - complete tabulation,"Final figure, complete",2012,193437,"1,4"
China,2010,Rural,Both Sexes,96,Census - de jure - complete tabulation,"Final figure, complete",2012,48130,"1,4"
China,2010,Rural,Both Sexes,97,Census - de jure - complete tabulation,"Final figure, complete",2012,35607,"1,4"
China,2010,Rural,Both Sexes,98,Census - de jure - complete tabulation,"Final figure, complete",2012,27321,"1,4"
China,2010,Rural,Both Sexes,99,Census - de jure - complete tabulation,"Final figure, complete",2012,18944,"1,4"
China,2010,Rural,Both Sexes,100 +,Census - de jure - complete tabulation,"Final figure, complete",2012,20123,"1,4"
China,2010,Rural,Male,Total,Census - de jure - complete tabulation,"Final figure, complete",2012,339288321,"1,4"
China,2010,Rural,Male,0,Census - de jure - complete tabulation,"Final figure, complete",2012,4572102,"1,4"
China,2010,Rural,Male,0 - 4,Census - de jure - complete tabulation,"Final figure, complete",2012,24312837,"1,4"
China,2010,Rural,Male,1,Census - de jure - complete tabulation,"Final figure, complete",2012,5075033,"1,4"
China,2010,Rural,Male,2,Census - de jure - complete tabulation,"Final figure, complete",2012,5016024,"1,4"
China,2010,Rural,Male,3,Census - de jure - complete tabulation,"Final figure, complete",2012,4790840,"1,4"
China,2010,Rural,Male,4,Census - de jure - complete tabulation,"Final figure, complete",2012,4858838,"1,4"
China,2010,Rural,Male,5,Census - de jure - complete tabulation,"Final figure, complete",2012,4612378,"1,4"
China,2010,Rural,Male,5 - 9,Census - de jure - complete tabulation,"Final figure, complete",2012,21883755,"1,4"
China,2010,Rural,Male,6,Census - de jure - complete tabulation,"Final figure, complete",2012,4599842,"1,4"
China,2010,Rural,Male,7,Census - de jure - complete tabulation,"Final figure, complete",2012,4192802,"1,4"
China,2010,Rural,Male,8,Census - de jure - complete tabulation,"Final figure, complete",2012,4152404,"1,4"
China,2010,Rural,Male,9,Census - de jure - complete tabulation,"Final figure, complete",2012,4326329,"1,4"
China,2010,Rural,Male,10,Census - de jure - complete tabulation,"Final figure, complete",2012,4313840,"1,4"
China,2010,Rural,Male,10 - 14,Census - de jure - complete tabulation,"Final figure, complete",2012,22602487,"1,4"
China,2010,Rural,Male,11,Census - de jure - complete tabulation,"Final figure, complete",2012,4207471,"1,4"
China,2010,Rural,Male,12,Census - de jure - complete tabulation,"Final figure, complete",2012,4693137,"1,4"
China,2010,Rural,Male,13,Census - de jure - complete tabulation,"Final figure, complete",2012,4626494,"1,4"
China,2010,Rural,Male,14,Census - de jure - complete tabulation,"Final figure, complete",2012,4761545,"1,4"
China,2010,Rural,Male,15,Census - de jure - complete tabulation,"Final figure, complete",2012,5038471,"1,4"
China,2010,Rural,Male,15 - 19,Census - de jure - complete tabulation,"Final figure, complete",2012,24301053,"1,4"
China,2010,Rural,Male,16,Census - de jure - complete tabulation,"Final figure, complete",2012,4618142,"1,4"
China,2010,Rural,Male,17,Census - de jure - complete tabulation,"Final figure, complete",2012,4833071,"1,4"
China,2010,Rural,Male,18,Census - de jure - complete tabulation,"Final figure, complete",2012,4842152,"1,4"
China,2010,Rural,Male,19,Census - de jure - complete tabulation,"Final figure, complete",2012,4969217,"1,4"
China,2010,Rural,Male,20,Census - de jure - complete tabulation,"Final figure, complete",2012,6235158,"1,4"
China,2010,Rural,Male,20 - 24,Census - de jure - complete tabulation,"Final figure, complete",2012,27966789,"1,4"
China,2010,Rural,Male,21,Census - de jure - complete tabulation,"Final figure, complete",2012,5704418,"1,4"
China,2010,Rural,Male,22,Census - de jure - complete tabulation,"Final figure, complete",2012,5316818,"1,4"
China,2010,Rural,Male,23,Census - de jure - complete tabulation,"Final figure, complete",2012,5707882,"1,4"
China,2010,Rural,Male,24,Census - de jure - complete tabulation,"Final figure, complete",2012,5002513,"1,4"
China,2010,Rural,Male,25,Census - de jure - complete tabulation,"Final figure, complete",2012,4414937,"1,4"
China,2010,Rural,Male,25 - 29,Census - de jure - complete tabulation,"Final figure, complete",2012,21863522,"1,4"
China,2010,Rural,Male,26,Census - de jure - complete tabulation,"Final figure, complete",2012,4325959,"1,4"
China,2010,Rural,Male,27,Census - de jure - complete tabulation,"Final figure, complete",2012,4166297,"1,4"
China,2010,Rural,Male,28,Census - de jure - complete tabulation,"Final figure, complete",2012,4737346,"1,4"
China,2010,Rural,Male,29,Census - de jure - complete tabulation,"Final figure, complete",2012,4218983,"1,4"
China,2010,Rural,Male,30,Census - de jure - complete tabulation,"Final figure, complete",2012,4106881,"1,4"
China,2010,Rural,Male,30 - 34,Census - de jure - complete tabulation,"Final figure, complete",2012,21089749,"1,4"
China,2010,Rural,Male,31,Census - de jure - complete tabulation,"Final figure, complete",2012,4267436,"1,4"
China,2010,Rural,Male,32,Census - de jure - complete tabulation,"Final figure, complete",2012,4187732,"1,4"
China,2010,Rural,Male,33,Census - de jure - complete tabulation,"Final figure, complete",2012,3957092,"1,4"
China,2010,Rural,Male,34,Census - de jure - complete tabulation,"Final figure, complete",2012,4570608,"1,4"
China,2010,Rural,Male,35,Census - de jure - complete tabulation,"Final figure, complete",2012,4730739,"1,4"
China,2010,Rural,Male,35 - 39,Census - de jure - complete tabulation,"Final figure, complete",2012,27041824,"1,4"
China,2010,Rural,Male,36,Census - de jure - complete tabulation,"Final figure, complete",2012,5215135,"1,4"
China,2010,Rural,Male,37,Census - de jure - complete tabulation,"Final figure, complete",2012,5473112,"1,4"
China,2010,Rural,Male,38,Census - de jure - complete tabulation,"Final figure, complete",2012,5708976,"1,4"
China,2010,Rural,Male,39,Census - de jure - complete tabulation,"Final figure, complete",2012,5913862,"1,4"
China,2010,Rural,Male,40,Census - de jure - complete tabulation,"Final figure, complete",2012,6482323,"1,4"
China,2010,Rural,Male,40 - 44,Census - de jure - complete tabulation,"Final figure, complete",2012,30762909,"1,4"
China,2010,Rural,Male,41,Census - de jure - complete tabulation,"Final figure, complete",2012,6000945,"1,4"
China,2010,Rural,Male,42,Census - de jure - complete tabulation,"Final figure, complete",2012,6629223,"1,4"
China,2010,Rural,Male,43,Census - de jure - complete tabulation,"Final figure, complete",2012,5462387,"1,4"
China,2010,Rural,Male,44,Census - de jure - complete tabulation,"Final figure, complete",2012,6188031,"1,4"
China,2010,Rural,Male,45,Census - de jure - complete tabulation,"Final figure, complete",2012,6031951,"1,4"
China,2010,Rural,Male,45 - 49,Census - de jure - complete tabulation,"Final figure, complete",2012,26053286,"1,4"
China,2010,Rural,Male,46,Census - de jure - complete tabulation,"Final figure, complete",2012,5704121,"1,4"
China,2010,Rural,Male,47,Census - de jure - complete tabulation,"Final figure, complete",2012,6565805,"1,4"
China,2010,Rural,Male,48,Census - de jure - complete tabulation,"Final figure, complete",2012,5051331,"1,4"
China,2010,Rural,Male,49,Census - de jure - complete tabulation,"Final figure, complete",2012,2700078,"1,4"
China,2010,Rural,Male,50,Census - de jure - complete tabulation,"Final figure, complete",2012,3421871,"1,4"
China,2010,Rural,Male,50 - 54,Census - de jure - complete tabulation,"Final figure, complete",2012,20232839,"1,4"
China,2010,Rural,Male,51,Census - de jure - complete tabulation,"Final figure, complete",2012,3226459,"1,4"
China,2010,Rural,Male,52,Census - de jure - complete tabulation,"Final figure, complete",2012,4263768,"1,4"
China,2010,Rural,Male,53,Census - de jure - complete tabulation,"Final figure, complete",2012,4865267,"1,4"
China,2010,Rural,Male,54,Census - de jure - complete tabulation,"Final figure, complete",2012,4455474,"1,4"
China,2010,Rural,Male,55,Census - de jure - complete tabulation,"Final figure, complete",2012,4774246,"1,4"
China,2010,Rural,Male,55 - 59,Census - de jure - complete tabulation,"Final figure, complete",2012,22320051,"1,4"
China,2010,Rural,Male,56,Census - de jure - complete tabulation,"Final figure, complete",2012,4794803,"1,4"
China,2010,Rural,Male,57,Census - de jure - complete tabulation,"Final figure, complete",2012,4431043,"1,4"
China,2010,Rural,Male,58,Census - de jure - complete tabulation,"Final figure, complete",2012,4521349,"1,4"
China,2010,Rural,Male,59,Census - de jure - complete tabulation,"Final figure, complete",2012,3798610,"1,4"
China,2010,Rural,Male,60,Census - de jure - complete tabulation,"Final figure, complete",2012,3810093,"1,4"
China,2010,Rural,Male,60 - 64,Census - de jure - complete tabulation,"Final figure, complete",2012,16767381,"1,4"
China,2010,Rural,Male,61,Census - de jure - complete tabulation,"Final figure, complete",2012,3772173,"1,4"
China,2010,Rural,Male,62,Census - de jure - complete tabulation,"Final figure, complete",2012,3250976,"1,4"
China,2010,Rural,Male,63,Census - de jure - complete tabulation,"Final figure, complete",2012,3106080,"1,4"
China,2010,Rural,Male,64,Census - de jure - complete tabulation,"Final figure, complete",2012,2828059,"1,4"
China,2010,Rural,Male,65,Census - de jure - complete tabulation,"Final figure, complete",2012,2608360,"1,4"
China,2010,Rural,Male,65 - 69,Census - de jure - complete tabulation,"Final figure, complete",2012,11881877,"1,4"
China,2010,Rural,Male,66,Census - de jure - complete tabulation,"Final figure, complete",2012,2541992,"1,4"
China,2010,Rural,Male,67,Census - de jure - complete tabulation,"Final figure, complete",2012,2307614,"1,4"
China,2010,Rural,Male,68,Census - de jure - complete tabulation,"Final figure, complete",2012,2215692,"1,4"
China,2010,Rural,Male,69,Census - de jure - complete tabulation,"Final figure, complete",2012,2208219,"1,4"
China,2010,Rural,Male,70,Census - de jure - complete tabulation,"Final figure, complete",2012,2083040,"1,4"
China,2010,Rural,Male,70 - 74,Census - de jure - complete tabulation,"Final figure, complete",2012,9161562,"1,4"
China,2010,Rural,Male,71,Census - de jure - complete tabulation,"Final figure, complete",2012,1736811,"1,4"
China,2010,Rural,Male,72,Census - de jure - complete tabulation,"Final figure, complete",2012,1936186,"1,4"
China,2010,Rural,Male,73,Census - de jure - complete tabulation,"Final figure, complete",2012,1756513,"1,4"
China,2010,Rural,Male,74,Census - de jure - complete tabulation,"Final figure, complete",2012,1649012,"1,4"
China,2010,Rural,Male,75,Census - de jure - complete tabulation,"Final figure, complete",2012,1491627,"1,4"
China,2010,Rural,Male,75 - 79,Census - de jure - complete tabulation,"Final figure, complete",2012,6230388,"1,4"
China,2010,Rural,Male,76,Census - de jure - complete tabulation,"Final figure, complete",2012,1360007,"1,4"
China,2010,Rural,Male,77,Census - de jure - complete tabulation,"Final figure, complete",2012,1334707,"1,4"
China,2010,Rural,Male,78,Census - de jure - complete tabulation,"Final figure, complete",2012,1098081,"1,4"
China,2010,Rural,Male,79,Census - de jure - complete tabulation,"Final figure, complete",2012,945966,"1,4"
China,2010,Rural,Male,80,Census - de jure - complete tabulation,"Final figure, complete",2012,937353,"1,4"
China,2010,Rural,Male,80 - 84,Census - de jure - complete tabulation,"Final figure, complete",2012,3252284,"1,4"
China,2010,Rural,Male,81,Census - de jure - complete tabulation,"Final figure, complete",2012,687411,"1,4"
China,2010,Rural,Male,82,Census - de jure - complete tabulation,"Final figure, complete",2012,673889,"1,4"
China,2010,Rural,Male,83,Census - de jure - complete tabulation,"Final figure, complete",2012,531724,"1,4"
China,2010,Rural,Male,84,Census - de jure - complete tabulation,"Final figure, complete",2012,421907,"1,4"
China,2010,Rural,Male,85,Census - de jure - complete tabulation,"Final figure, complete",2012,374173,"1,4"
China,2010,Rural,Male,85 - 89,Census - de jure - complete tabulation,"Final figure, complete",2012,1217526,"1,4"
China,2010,Rural,Male,86,Census - de jure - complete tabulation,"Final figure, complete",2012,295119,"1,4"
China,2010,Rural,Male,87,Census - de jure - complete tabulation,"Final figure, complete",2012,227447,"1,4"
China,2010,Rural,Male,88,Census - de jure - complete tabulation,"Final figure, complete",2012,177038,"1,4"
China,2010,Rural,Male,89,Census - de jure - complete tabulation,"Final figure, complete",2012,143749,"1,4"
China,2010,Rural,Male,90,Census - de jure - complete tabulation,"Final figure, complete",2012,107411,"1,4"
China,2010,Rural,Male,90 - 94,Census - de jure - complete tabulation,"Final figure, complete",2012,284841,"1,4"
China,2010,Rural,Male,91,Census - de jure - complete tabulation,"Final figure, complete",2012,67433,"1,4"
China,2010,Rural,Male,92,Census - de jure - complete tabulation,"Final figure, complete",2012,49995,"1,4"
China,2010,Rural,Male,93,Census - de jure - complete tabulation,"Final figure, complete",2012,34621,"1,4"
China,2010,Rural,Male,94,Census - de jure - complete tabulation,"Final figure, complete",2012,25381,"1,4"
China,2010,Rural,Male,95,Census - de jure - complete tabulation,"Final figure, complete",2012,18250,"1,4"
China,2010,Rural,Male,95 - 99,Census - de jure - complete tabulation,"Final figure, complete",2012,56725,"1,4"
China,2010,Rural,Male,96,Census - de jure - complete tabulation,"Final figure, complete",2012,14086,"1,4"
China,2010,Rural,Male,97,Census - de jure - complete tabulation,"Final figure, complete",2012,10523,"1,4"
China,2010,Rural,Male,98,Census - de jure - complete tabulation,"Final figure, complete",2012,8334,"1,4"
China,2010,Rural,Male,99,Census - de jure - complete tabulation,"Final figure, complete",2012,5532,"1,4"
China,2010,Rural,Male,100 +,Census - de jure - complete tabulation,"Final figure, complete",2012,4636,"1,4"
China,2010,Rural,Female,Total,Census - de jure - complete tabulation,"Final figure, complete",2012,323517002,"1,4"
China,2010,Rural,Female,0,Census - de jure - complete tabulation,"Final figure, complete",2012,3839053,"1,4"
China,2010,Rural,Female,0 - 4,Census - de jure - complete tabulation,"Final figure, complete",2012,20283303,"1,4"
China,2010,Rural,Female,1,Census - de jure - complete tabulation,"Final figure, complete",2012,4160326,"1,4"
China,2010,Rural,Female,2,Census - de jure - complete tabulation,"Final figure, complete",2012,4163931,"1,4"
China,2010,Rural,Female,3,Census - de jure - complete tabulation,"Final figure, complete",2012,4019879,"1,4"
China,2010,Rural,Female,4,Census - de jure - complete tabulation,"Final figure, complete",2012,4100114,"1,4"
China,2010,Rural,Female,5,Census - de jure - complete tabulation,"Final figure, complete",2012,3888182,"1,4"
China,2010,Rural,Female,5 - 9,Census - de jure - complete tabulation,"Final figure, complete",2012,18432135,"1,4"
China,2010,Rural,Female,6,Census - de jure - complete tabulation,"Final figure, complete",2012,3870349,"1,4"
China,2010,Rural,Female,7,Census - de jure - complete tabulation,"Final figure, complete",2012,3534440,"1,4"
China,2010,Rural,Female,8,Census - de jure - complete tabulation,"Final figure, complete",2012,3485103,"1,4"
China,2010,Rural,Female,9,Census - de jure - complete tabulation,"Final figure, complete",2012,3654061,"1,4"
China,2010,Rural,Female,10,Census - de jure - complete tabulation,"Final figure, complete",2012,3658423,"1,4"
China,2010,Rural,Female,10 - 14,Census - de jure - complete tabulation,"Final figure, complete",2012,19498449,"1,4"
China,2010,Rural,Female,11,Census - de jure - complete tabulation,"Final figure, complete",2012,3595886,"1,4"
China,2010,Rural,Female,12,Census - de jure - complete tabulation,"Final figure, complete",2012,4049368,"1,4"
China,2010,Rural,Female,13,Census - de jure - complete tabulation,"Final figure, complete",2012,4014948,"1,4"
China,2010,Rural,Female,14,Census - de jure - complete tabulation,"Final figure, complete",2012,4179824,"1,4"
China,2010,Rural,Female,15,Census - de jure - complete tabulation,"Final figure, complete",2012,4438888,"1,4"
China,2010,Rural,Female,15 - 19,Census - de jure - complete tabulation,"Final figure, complete",2012,21998069,"1,4"
China,2010,Rural,Female,16,Census - de jure - complete tabulation,"Final figure, complete",2012,4130485,"1,4"
China,2010,Rural,Female,17,Census - de jure - complete tabulation,"Final figure, complete",2012,4363368,"1,4"
China,2010,Rural,Female,18,Census - de jure - complete tabulation,"Final figure, complete",2012,4425972,"1,4"
China,2010,Rural,Female,19,Census - de jure - complete tabulation,"Final figure, complete",2012,4639356,"1,4"
China,2010,Rural,Female,20,Census - de jure - complete tabulation,"Final figure, complete",2012,6101830,"1,4"
China,2010,Rural,Female,20 - 24,Census - de jure - complete tabulation,"Final figure, complete",2012,28387211,"1,4"
China,2010,Rural,Female,21,Census - de jure - complete tabulation,"Final figure, complete",2012,5791113,"1,4"
China,2010,Rural,Female,22,Census - de jure - complete tabulation,"Final figure, complete",2012,5483216,"1,4"
China,2010,Rural,Female,23,Census - de jure - complete tabulation,"Final figure, complete",2012,5852676,"1,4"
China,2010,Rural,Female,24,Census - de jure - complete tabulation,"Final figure, complete",2012,5158376,"1,4"
China,2010,Rural,Female,25,Census - de jure - complete tabulation,"Final figure, complete",2012,4483357,"1,4"
China,2010,Rural,Female,25 - 29,Census - de jure - complete tabulation,"Final figure, complete",2012,21470374,"1,4"
China,2010,Rural,Female,26,Census - de jure - complete tabulation,"Final figure, complete",2012,4319670,"1,4"
China,2010,Rural,Female,27,Census - de jure - complete tabulation,"Final figure, complete",2012,4079428,"1,4"
China,2010,Rural,Female,28,Census - de jure - complete tabulation,"Final figure, complete",2012,4552253,"1,4"
China,2010,Rural,Female,29,Census - de jure - complete tabulation,"Final figure, complete",2012,4035666,"1,4"
China,2010,Rural,Female,30,Census - de jure - complete tabulation,"Final figure, complete",2012,3959233,"1,4"
China,2010,Rural,Female,30 - 34,Census - de jure - complete tabulation,"Final figure, complete",2012,20037497,"1,4"
China,2010,Rural,Female,31,Census - de jure - complete tabulation,"Final figure, complete",2012,4017566,"1,4"
China,2010,Rural,Female,32,Census - de jure - complete tabulation,"Final figure, complete",2012,3994972,"1,4"
China,2010,Rural,Female,33,Census - de jure - complete tabulation,"Final figure, complete",2012,3724047,"1,4"
China,2010,Rural,Female,34,Census - de jure - complete tabulation,"Final figure, complete",2012,4341679,"1,4"
China,2010,Rural,Female,35,Census - de jure - complete tabulation,"Final figure, complete",2012,4513567,"1,4"
China,2010,Rural,Female,35 - 39,Census - de jure - complete tabulation,"Final figure, complete",2012,25958770,"1,4"
China,2010,Rural,Female,36,Census - de jure - complete tabulation,"Final figure, complete",2012,5009862,"1,4"
China,2010,Rural,Female,37,Census - de jure - complete tabulation,"Final figure, complete",2012,5244496,"1,4"
China,2010,Rural,Female,38,Census - de jure - complete tabulation,"Final figure, complete",2012,5515808,"1,4"
China,2010,Rural,Female,39,Census - de jure - complete tabulation,"Final figure, complete",2012,5675037,"1,4"
China,2010,Rural,Female,40,Census - de jure - complete tabulation,"Final figure, complete",2012,6338895,"1,4"
China,2010,Rural,Female,40 - 44,Census - de jure - complete tabulation,"Final figure, complete",2012,30204559,"1,4"
China,2010,Rural,Female,41,Census - de jure - complete tabulation,"Final figure, complete",2012,5873883,"1,4"
China,2010,Rural,Female,42,Census - de jure - complete tabulation,"Final figure, complete",2012,6522095,"1,4"
China,2010,Rural,Female,43,Census - de jure - complete tabulation,"Final figure, complete",2012,5415569,"1,4"
China,2010,Rural,Female,44,Census - de jure - complete tabulation,"Final figure, complete",2012,6054117,"1,4"
China,2010,Rural,Female,45,Census - de jure - complete tabulation,"Final figure, complete",2012,5920951,"1,4"
China,2010,Rural,Female,45 - 49,Census - de jure - complete tabulation,"Final figure, complete",2012,25911726,"1,4"
China,2010,Rural,Female,46,Census - de jure - complete tabulation,"Final figure, complete",2012,5716627,"1,4"
China,2010,Rural,Female,47,Census - de jure - complete tabulation,"Final figure, complete",2012,6435287,"1,4"
China,2010,Rural,Female,48,Census - de jure - complete tabulation,"Final figure, complete",2012,5040562,"1,4"
China,2010,Rural,Female,49,Census - de jure - complete tabulation,"Final figure, complete",2012,2798299,"1,4"
China,2010,Rural,Female,50,Census - de jure - complete tabulation,"Final figure, complete",2012,3350877,"1,4"
China,2010,Rural,Female,50 - 54,Census - de jure - complete tabulation,"Final figure, complete",2012,19333944,"1,4"
China,2010,Rural,Female,51,Census - de jure - complete tabulation,"Final figure, complete",2012,3051058,"1,4"
China,2010,Rural,Female,52,Census - de jure - complete tabulation,"Final figure, complete",2012,4029569,"1,4"
China,2010,Rural,Female,53,Census - de jure - complete tabulation,"Final figure, complete",2012,4584713,"1,4"
China,2010,Rural,Female,54,Census - de jure - complete tabulation,"Final figure, complete",2012,4317727,"1,4"
China,2010,Rural,Female,55,Census - de jure - complete tabulation,"Final figure, complete",2012,4539535,"1,4"
China,2010,Rural,Female,55 - 59,Census - de jure - complete tabulation,"Final figure, complete",2012,21554888,"1,4"
China,2010,Rural,Female,56,Census - de jure - complete tabulation,"Final figure, complete",2012,4622617,"1,4"
China,2010,Rural,Female,57,Census - de jure - complete tabulation,"Final figure, complete",2012,4306429,"1,4"
China,2010,Rural,Female,58,Census - de jure - complete tabulation,"Final figure, complete",2012,4369672,"1,4"
China,2010,Rural,Female,59,Census - de jure - complete tabulation,"Final figure, complete",2012,3716635,"1,4"
China,2010,Rural,Female,60,Census - de jure - complete tabulation,"Final figure, complete",2012,3640383,"1,4"
China,2010,Rural,Female,60 - 64,Census - de jure - complete tabulation,"Final figure, complete",2012,15862984,"1,4"
China,2010,Rural,Female,61,Census - de jure - complete tabulation,"Final figure, complete",2012,3468020,"1,4"
China,2010,Rural,Female,62,Census - de jure - complete tabulation,"Final figure, complete",2012,3071487,"1,4"
China,2010,Rural,Female,63,Census - de jure - complete tabulation,"Final figure, complete",2012,2934406,"1,4"
China,2010,Rural,Female,64,Census - de jure - complete tabulation,"Final figure, complete",2012,2748688,"1,4"
China,2010,Rural,Female,65,Census - de jure - complete tabulation,"Final figure, complete",2012,2524987,"1,4"
China,2010,Rural,Female,65 - 69,Census - de jure - complete tabulation,"Final figure, complete",2012,11321076,"1,4"
China,2010,Rural,Female,66,Census - de jure - complete tabulation,"Final figure, complete",2012,2381918,"1,4"
China,2010,Rural,Female,67,Census - de jure - complete tabulation,"Final figure, complete",2012,2204364,"1,4"
China,2010,Rural,Female,68,Census - de jure - complete tabulation,"Final figure, complete",2012,2100993,"1,4"
China,2010,Rural,Female,69,Census - de jure - complete tabulation,"Final figure, complete",2012,2108814,"1,4"
China,2010,Rural,Female,70,Census - de jure - complete tabulation,"Final figure, complete",2012,1990584,"1,4"
China,2010,Rural,Female,70 - 74,Census - de jure - complete tabulation,"Final figure, complete",2012,9033575,"1,4"
China,2010,Rural,Female,71,Census - de jure - complete tabulation,"Final figure, complete",2012,1694789,"1,4"
China,2010,Rural,Female,72,Census - de jure - complete tabulation,"Final figure, complete",2012,1875568,"1,4"
China,2010,Rural,Female,73,Census - de jure - complete tabulation,"Final figure, complete",2012,1755797,"1,4"
China,2010,Rural,Female,74,Census - de jure - complete tabulation,"Final figure, complete",2012,1716837,"1,4"
China,2010,Rural,Female,75,Census - de jure - complete tabulation,"Final figure, complete",2012,1622871,"1,4"
China,2010,Rural,Female,75 - 79,Census - de jure - complete tabulation,"Final figure, complete",2012,7090242,"1,4"
China,2010,Rural,Female,76,Census - de jure - complete tabulation,"Final figure, complete",2012,1517245,"1,4"
China,2010,Rural,Female,77,Census - de jure - complete tabulation,"Final figure, complete",2012,1502974,"1,4"
China,2010,Rural,Female,78,Census - de jure - complete tabulation,"Final figure, complete",2012,1300047,"1,4"
China,2010,Rural,Female,79,Census - de jure - complete tabulation,"Final figure, complete",2012,1147105,"1,4"
China,2010,Rural,Female,80,Census - de jure - complete tabulation,"Final figure, complete",2012,1175679,"1,4"
China,2010,Rural,Female,80 - 84,Census - de jure - complete tabulation,"Final figure, complete",2012,4358086,"1,4"
China,2010,Rural,Female,81,Census - de jure - complete tabulation,"Final figure, complete",2012,904382,"1,4"
China,2010,Rural,Female,82,Census - de jure - complete tabulation,"Final figure, complete",2012,908881,"1,4"
China,2010,Rural,Female,83,Census - de jure - complete tabulation,"Final figure, complete",2012,747479,"1,4"
China,2010,Rural,Female,84,Census - de jure - complete tabulation,"Final figure, complete",2012,621665,"1,4"
China,2010,Rural,Female,85,Census - de jure - complete tabulation,"Final figure, complete",2012,576456,"1,4"
China,2010,Rural,Female,85 - 89,Census - de jure - complete tabulation,"Final figure, complete",2012,2022212,"1,4"
China,2010,Rural,Female,86,Census - de jure - complete tabulation,"Final figure, complete",2012,480577,"1,4"
China,2010,Rural,Female,87,Census - de jure - complete tabulation,"Final figure, complete",2012,388252,"1,4"
China,2010,Rural,Female,88,Census - de jure - complete tabulation,"Final figure, complete",2012,311523,"1,4"
China,2010,Rural,Female,89,Census - de jure - complete tabulation,"Final figure, complete",2012,265404,"1,4"
China,2010,Rural,Female,90,Census - de jure - complete tabulation,"Final figure, complete",2012,211842,"1,4"
China,2010,Rural,Female,90 - 94,Census - de jure - complete tabulation,"Final figure, complete",2012,605703,"1,4"
China,2010,Rural,Female,91,Census - de jure - complete tabulation,"Final figure, complete",2012,141740,"1,4"
China,2010,Rural,Female,92,Census - de jure - complete tabulation,"Final figure, complete",2012,110814,"1,4"
China,2010,Rural,Female,93,Census - de jure - complete tabulation,"Final figure, complete",2012,81008,"1,4"
China,2010,Rural,Female,94,Census - de jure - complete tabulation,"Final figure, complete",2012,60299,"1,4"
China,2010,Rural,Female,95,Census - de jure - complete tabulation,"Final figure, complete",2012,45185,"1,4"
China,2010,Rural,Female,95 - 99,Census - de jure - complete tabulation,"Final figure, complete",2012,136712,"1,4"
China,2010,Rural,Female,96,Census - de jure - complete tabulation,"Final figure, complete",2012,34044,"1,4"
China,2010,Rural,Female,97,Census - de jure - complete tabulation,"Final figure, complete",2012,25084,"1,4"
China,2010,Rural,Female,98,Census - de jure - complete tabulation,"Final figure, complete",2012,18987,"1,4"
China,2010,Rural,Female,99,Census - de jure - complete tabulation,"Final figure, complete",2012,13412,"1,4"
China,2010,Rural,Female,100 +,Census - de jure - complete tabulation,"Final figure, complete",2012,15487,"1,4"
China,2000,Total,Both Sexes,Total,Census - de jure - complete tabulation,"Final figure, complete",2002,1242612226,1
China,2000,Total,Both Sexes,0,Census - de jure - complete tabulation,"Final figure, complete",2002,13793799,1
China,2000,Total,Both Sexes,1,Census - de jure - complete tabulation,"Final figure, complete",2002,11495247,1
China,2000,Total,Both Sexes,1 - 4,Census - de jure - complete tabulation,"Final figure, complete",2002,55184575,1
China,2000,Total,Both Sexes,2,Census - de jure - complete tabulation,"Final figure, complete",2002,14010711,1
China,2000,Total,Both Sexes,3,Census - de jure - complete tabulation,"Final figure, complete",2002,14454335,1
China,2000,Total,Both Sexes,4,Census - de jure - complete tabulation,"Final figure, complete",2002,15224282,1
China,2000,Total,Both Sexes,5,Census - de jure - complete tabulation,"Final figure, complete",2002,16933559,1
China,2000,Total,Both Sexes,5 - 9,Census - de jure - complete tabulation,"Final figure, complete",2002,90152587,1
China,2000,Total,Both Sexes,6,Census - de jure - complete tabulation,"Final figure, complete",2002,16470140,1
China,2000,Total,Both Sexes,7,Census - de jure - complete tabulation,"Final figure, complete",2002,17914756,1
China,2000,Total,Both Sexes,8,Census - de jure - complete tabulation,"Final figure, complete",2002,18752106,1
China,2000,Total,Both Sexes,9,Census - de jure - complete tabulation,"Final figure, complete",2002,20082026,1
China,2000,Total,Both Sexes,10,Census - de jure - complete tabulation,"Final figure, complete",2002,26210044,1
China,2000,Total,Both Sexes,10 - 14,Census - de jure - complete tabulation,"Final figure, complete",2002,125396633,1
China,2000,Total,Both Sexes,11,Census - de jure - complete tabulation,"Final figure, complete",2002,25137678,1
China,2000,Total,Both Sexes,12,Census - de jure - complete tabulation,"Final figure, complete",2002,24576191,1
China,2000,Total,Both Sexes,13,Census - de jure - complete tabulation,"Final figure, complete",2002,26282644,1
China,2000,Total,Both Sexes,14,Census - de jure - complete tabulation,"Final figure, complete",2002,23190076,1
China,2000,Total,Both Sexes,15,Census - de jure - complete tabulation,"Final figure, complete",2002,20429326,
China,2000,Total,Both Sexes,15 - 19,Census - de jure - complete tabulation,"Final figure, complete",2002,103031165,1
China,2000,Total,Both Sexes,16,Census - de jure - complete tabulation,"Final figure, complete",2002,20313426,1
China,2000,Total,Both Sexes,17,Census - de jure - complete tabulation,"Final figure, complete",2002,20065048,1
China,2000,Total,Both Sexes,18,Census - de jure - complete tabulation,"Final figure, complete",2002,23100427,1
China,2000,Total,Both Sexes,19,Census - de jure - complete tabulation,"Final figure, complete",2002,19122938,1
China,2000,Total,Both Sexes,20,Census - de jure - complete tabulation,"Final figure, complete",2002,18393809,
China,2000,Total,Both Sexes,20 - 24,Census - de jure - complete tabulation,"Final figure, complete",2002,94573174,1
China,2000,Total,Both Sexes,21,Census - de jure - complete tabulation,"Final figure, complete",2002,18924822,1
China,2000,Total,Both Sexes,22,Census - de jure - complete tabulation,"Final figure, complete",2002,18831591,1
China,2000,Total,Both Sexes,23,Census - de jure - complete tabulation,"Final figure, complete",2002,17931155,1
China,2000,Total,Both Sexes,24,Census - de jure - complete tabulation,"Final figure, complete",2002,20491797,1
China,2000,Total,Both Sexes,25,Census - de jure - complete tabulation,"Final figure, complete",2002,21136635,1
China,2000,Total,Both Sexes,25 - 29,Census - de jure - complete tabulation,"Final figure, complete",2002,117602265,1
China,2000,Total,Both Sexes,26,Census - de jure - complete tabulation,"Final figure, complete",2002,22874423,1
China,2000,Total,Both Sexes,27,Census - de jure - complete tabulation,"Final figure, complete",2002,23630435,1
China,2000,Total,Both Sexes,28,Census - de jure - complete tabulation,"Final figure, complete",2002,24800391,1
China,2000,Total,Both Sexes,29,Census - de jure - complete tabulation,"Final figure, complete",2002,25160381,1
China,2000,Total,Both Sexes,30,Census - de jure - complete tabulation,"Final figure, complete",2002,28012344,1
China,2000,Total,Both Sexes,30 - 34,Census - de jure - complete tabulation,"Final figure, complete",2002,127314298,1
China,2000,Total,Both Sexes,31,Census - de jure - complete tabulation,"Final figure, complete",2002,25018386,1
China,2000,Total,Both Sexes,32,Census - de jure - complete tabulation,"Final figure, complete",2002,27718516,1
China,2000,Total,Both Sexes,33,Census - de jure - complete tabulation,"Final figure, complete",2002,21736582,1
China,2000,Total,Both Sexes,34,Census - de jure - complete tabulation,"Final figure, complete",2002,24828470,1
China,2000,Total,Both Sexes,35,Census - de jure - complete tabulation,"Final figure, complete",2002,24799129,1
China,2000,Total,Both Sexes,35 - 39,Census - de jure - complete tabulation,"Final figure, complete",2002,109147295,1
China,2000,Total,Both Sexes,36,Census - de jure - complete tabulation,"Final figure, complete",2002,24144848,1
China,2000,Total,Both Sexes,37,Census - de jure - complete tabulation,"Final figure, complete",2002,27866189,1
China,2000,Total,Both Sexes,38,Census - de jure - complete tabulation,"Final figure, complete",2002,20923112,1
China,2000,Total,Both Sexes,39,Census - de jure - complete tabulation,"Final figure, complete",2002,11414017,1
China,2000,Total,Both Sexes,40,Census - de jure - complete tabulation,"Final figure, complete",2002,14684726,1
China,2000,Total,Both Sexes,40 - 44,Census - de jure - complete tabulation,"Final figure, complete",2002,81242945,1
China,2000,Total,Both Sexes,41,Census - de jure - complete tabulation,"Final figure, complete",2002,13059787,1
China,2000,Total,Both Sexes,42,Census - de jure - complete tabulation,"Final figure, complete",2002,17135981,1
China,2000,Total,Both Sexes,43,Census - de jure - complete tabulation,"Final figure, complete",2002,18998424,1
China,2000,Total,Both Sexes,44,Census - de jure - complete tabulation,"Final figure, complete",2002,17364027,1
China,2000,Total,Both Sexes,45,Census - de jure - complete tabulation,"Final figure, complete",2002,18612172,1
China,2000,Total,Both Sexes,45 - 49,Census - de jure - complete tabulation,"Final figure, complete",2002,85521045,1
China,2000,Total,Both Sexes,46,Census - de jure - complete tabulation,"Final figure, complete",2002,18513434,1
China,2000,Total,Both Sexes,47,Census - de jure - complete tabulation,"Final figure, complete",2002,16745695,1
China,2000,Total,Both Sexes,48,Census - de jure - complete tabulation,"Final figure, complete",2002,17236621,1
China,2000,Total,Both Sexes,49,Census - de jure - complete tabulation,"Final figure, complete",2002,14413123,1
China,2000,Total,Both Sexes,50,Census - de jure - complete tabulation,"Final figure, complete",2002,14711260,1
China,2000,Total,Both Sexes,50 - 54,Census - de jure - complete tabulation,"Final figure, complete",2002,63304200,1
China,2000,Total,Both Sexes,51,Census - de jure - complete tabulation,"Final figure, complete",2002,13913927,1
China,2000,Total,Both Sexes,52,Census - de jure - complete tabulation,"Final figure, complete",2002,12083027,1
China,2000,Total,Both Sexes,53,Census - de jure - complete tabulation,"Final figure, complete",2002,11737540,
China,2000,Total,Both Sexes,54,Census - de jure - complete tabulation,"Final figure, complete",2002,10858446,1
China,2000,Total,Both Sexes,55,Census - de jure - complete tabulation,"Final figure, complete",2002,10045173,1
China,2000,Total,Both Sexes,55 - 59,Census - de jure - complete tabulation,"Final figure, complete",2002,46370375,1
China,2000,Total,Both Sexes,56,Census - de jure - complete tabulation,"Final figure, complete",2002,9708711,1
China,2000,Total,Both Sexes,57,Census - de jure - complete tabulation,"Final figure, complete",2002,8821540,1
China,2000,Total,Both Sexes,58,Census - de jure - complete tabulation,"Final figure, complete",2002,8869780,1
China,2000,Total,Both Sexes,59,Census - de jure - complete tabulation,"Final figure, complete",2002,8925171,1
China,2000,Total,Both Sexes,60,Census - de jure - complete tabulation,"Final figure, complete",2002,9141141,1
China,2000,Total,Both Sexes,60 - 64,Census - de jure - complete tabulation,"Final figure, complete",2002,41703848,1
China,2000,Total,Both Sexes,61,Census - de jure - complete tabulation,"Final figure, complete",2002,7574442,1
China,2000,Total,Both Sexes,62,Census - de jure - complete tabulation,"Final figure, complete",2002,8611865,1
China,2000,Total,Both Sexes,63,Census - de jure - complete tabulation,"Final figure, complete",2002,8128275,1
China,2000,Total,Both Sexes,64,Census - de jure - complete tabulation,"Final figure, complete",2002,8248125,1
China,2000,Total,Both Sexes,65,Census - de jure - complete tabulation,"Final figure, complete",2002,7808592,1
China,2000,Total,Both Sexes,65 - 69,Census - de jure - complete tabulation,"Final figure, complete",2002,34780460,1
China,2000,Total,Both Sexes,66,Census - de jure - complete tabulation,"Final figure, complete",2002,7220066,1
China,2000,Total,Both Sexes,67,Census - de jure - complete tabulation,"Final figure, complete",2002,7456399,1
China,2000,Total,Both Sexes,68,Census - de jure - complete tabulation,"Final figure, complete",2002,6503311,1
China,2000,Total,Both Sexes,69,Census - de jure - complete tabulation,"Final figure, complete",2002,5792092,1
China,2000,Total,Both Sexes,70,Census - de jure - complete tabulation,"Final figure, complete",2002,6499332,1
China,2000,Total,Both Sexes,70 - 74,Census - de jure - complete tabulation,"Final figure, complete",2002,25574149,1
China,2000,Total,Both Sexes,71,Census - de jure - complete tabulation,"Final figure, complete",2002,5045743,1
China,2000,Total,Both Sexes,72,Census - de jure - complete tabulation,"Final figure, complete",2002,5359819,1
China,2000,Total,Both Sexes,73,Census - de jure - complete tabulation,"Final figure, complete",2002,4606896,1
China,2000,Total,Both Sexes,74,Census - de jure - complete tabulation,"Final figure, complete",2002,4062359,1
China,2000,Total,Both Sexes,75,Census - de jure - complete tabulation,"Final figure, complete",2002,4057266,1
China,2000,Total,Both Sexes,75 - 79,Census - de jure - complete tabulation,"Final figure, complete",2002,15928330,1
China,2000,Total,Both Sexes,76,Census - de jure - complete tabulation,"Final figure, complete",2002,3575411,1
China,2000,Total,Both Sexes,77,Census - de jure - complete tabulation,"Final figure, complete",2002,3025726,1
China,2000,Total,Both Sexes,78,Census - de jure - complete tabulation,"Final figure, complete",2002,2838736,1
China,2000,Total,Both Sexes,79,Census - de jure - complete tabulation,"Final figure, complete",2002,2431191,1
China,2000,Total,Both Sexes,80,Census - de jure - complete tabulation,"Final figure, complete",2002,2310212,
China,2000,Total,Both Sexes,80 - 84,Census - de jure - complete tabulation,"Final figure, complete",2002,7989158,1
China,2000,Total,Both Sexes,81,Census - de jure - complete tabulation,"Final figure, complete",2002,1740870,1
China,2000,Total,Both Sexes,82,Census - de jure - complete tabulation,"Final figure, complete",2002,1546079,1
China,2000,Total,Both Sexes,83,Census - de jure - complete tabulation,"Final figure, complete",2002,1304628,1
China,2000,Total,Both Sexes,84,Census - de jure - complete tabulation,"Final figure, complete",2002,1087369,1
China,2000,Total,Both Sexes,85,Census - de jure - complete tabulation,"Final figure, complete",2002,898283,1
China,2000,Total,Both Sexes,85 - 89,Census - de jure - complete tabulation,"Final figure, complete",2002,3030698,1
China,2000,Total,Both Sexes,86,Census - de jure - complete tabulation,"Final figure, complete",2002,772037,1
China,2000,Total,Both Sexes,87,Census - de jure - complete tabulation,"Final figure, complete",2002,583159,1
China,2000,Total,Both Sexes,88,Census - de jure - complete tabulation,"Final figure, complete",2002,441245,1
China,2000,Total,Both Sexes,89,Census - de jure - complete tabulation,"Final figure, complete",2002,335974,1
China,2000,Total,Both Sexes,90,Census - de jure - complete tabulation,"Final figure, complete",2002,285875,1
China,2000,Total,Both Sexes,90 - 94,Census - de jure - complete tabulation,"Final figure, complete",2002,783594,1
China,2000,Total,Both Sexes,91,Census - de jure - complete tabulation,"Final figure, complete",2002,181689,1
China,2000,Total,Both Sexes,92,Census - de jure - complete tabulation,"Final figure, complete",2002,140092,1
China,2000,Total,Both Sexes,93,Census - de jure - complete tabulation,"Final figure, complete",2002,100237,1
China,2000,Total,Both Sexes,94,Census - de jure - complete tabulation,"Final figure, complete",2002,75701,1
China,2000,Total,Both Sexes,95,Census - de jure - complete tabulation,"Final figure, complete",2002,58097,1
China,2000,Total,Both Sexes,95 - 99,Census - de jure - complete tabulation,"Final figure, complete",2002,169756,1
China,2000,Total,Both Sexes,96,Census - de jure - complete tabulation,"Final figure, complete",2002,42063,1
China,2000,Total,Both Sexes,97,Census - de jure - complete tabulation,"Final figure, complete",2002,31168,1
China,2000,Total,Both Sexes,98,Census - de jure - complete tabulation,"Final figure, complete",2002,23294,1
China,2000,Total,Both Sexes,99,Census - de jure - complete tabulation,"Final figure, complete",2002,15134,1
China,2000,Total,Both Sexes,100 +,Census - de jure - complete tabulation,"Final figure, complete",2002,17877,1
China,2000,Total,Male,Total,Census - de jure - complete tabulation,"Final figure, complete",2002,640275969,1
China,2000,Total,Male,0,Census - de jure - complete tabulation,"Final figure, complete",2002,7460206,1
China,2000,Total,Male,1,Census - de jure - complete tabulation,"Final figure, complete",2002,6332425,1
China,2000,Total,Male,1 - 4,Census - de jure - complete tabulation,"Final figure, complete",2002,30188488,1
China,2000,Total,Male,2,Census - de jure - complete tabulation,"Final figure, complete",2002,7701684,1
China,2000,Total,Male,3,Census - de jure - complete tabulation,"Final figure, complete",2002,7897234,1
China,2000,Total,Male,4,Census - de jure - complete tabulation,"Final figure, complete",2002,8257145,1
China,2000,Total,Male,5,Census - de jure - complete tabulation,"Final figure, complete",2002,9157597,1
China,2000,Total,Male,5 - 9,Census - de jure - complete tabulation,"Final figure, complete",2002,48303208,1
China,2000,Total,Male,6,Census - de jure - complete tabulation,"Final figure, complete",2002,8866012,1
China,2000,Total,Male,7,Census - de jure - complete tabulation,"Final figure, complete",2002,9590414,1
China,2000,Total,Male,8,Census - de jure - complete tabulation,"Final figure, complete",2002,10014222,1
China,2000,Total,Male,9,Census - de jure - complete tabulation,"Final figure, complete",2002,10674963,1
China,2000,Total,Male,10,Census - de jure - complete tabulation,"Final figure, complete",2002,13811030,1
China,2000,Total,Male,10 - 14,Census - de jure - complete tabulation,"Final figure, complete",2002,65344739,1
China,2000,Total,Male,11,Census - de jure - complete tabulation,"Final figure, complete",2002,13110848,1
China,2000,Total,Male,12,Census - de jure - complete tabulation,"Final figure, complete",2002,12779621,1
China,2000,Total,Male,13,Census - de jure - complete tabulation,"Final figure, complete",2002,13619530,1
China,2000,Total,Male,14,Census - de jure - complete tabulation,"Final figure, complete",2002,12023710,1
China,2000,Total,Male,15,Census - de jure - complete tabulation,"Final figure, complete",2002,10598460,
China,2000,Total,Male,15 - 19,Census - de jure - complete tabulation,"Final figure, complete",2002,52878170,1
China,2000,Total,Male,16,Census - de jure - complete tabulation,"Final figure, complete",2002,10468201,1
China,2000,Total,Male,17,Census - de jure - complete tabulation,"Final figure, complete",2002,10275677,1
China,2000,Total,Male,18,Census - de jure - complete tabulation,"Final figure, complete",2002,11783695,1
China,2000,Total,Male,19,Census - de jure - complete tabulation,"Final figure, complete",2002,9752137,1
China,2000,Total,Male,20,Census - de jure - complete tabulation,"Final figure, complete",2002,9315481,
China,2000,Total,Male,20 - 24,Census - de jure - complete tabulation,"Final figure, complete",2002,47937766,1
China,2000,Total,Male,21,Census - de jure - complete tabulation,"Final figure, complete",2002,9548059,1
China,2000,Total,Male,22,Census - de jure - complete tabulation,"Final figure, complete",2002,9519345,1
China,2000,Total,Male,23,Census - de jure - complete tabulation,"Final figure, complete",2002,9119685,1
China,2000,Total,Male,24,Census - de jure - complete tabulation,"Final figure, complete",2002,10435196,1
China,2000,Total,Male,25,Census - de jure - complete tabulation,"Final figure, complete",2002,10766946,1
China,2000,Total,Male,25 - 29,Census - de jure - complete tabulation,"Final figure, complete",2002,60230758,1
China,2000,Total,Male,26,Census - de jure - complete tabulation,"Final figure, complete",2002,11674361,1
China,2000,Total,Male,27,Census - de jure - complete tabulation,"Final figure, complete",2002,12123051,1
China,2000,Total,Male,28,Census - de jure - complete tabulation,"Final figure, complete",2002,12734628,1
China,2000,Total,Male,29,Census - de jure - complete tabulation,"Final figure, complete",2002,12931772,1
China,2000,Total,Male,30,Census - de jure - complete tabulation,"Final figure, complete",2002,14396367,1
China,2000,Total,Male,30 - 34,Census - de jure - complete tabulation,"Final figure, complete",2002,65360456,1
China,2000,Total,Male,31,Census - de jure - complete tabulation,"Final figure, complete",2002,12817157,1
China,2000,Total,Male,32,Census - de jure - complete tabulation,"Final figure, complete",2002,14262160,1
China,2000,Total,Male,33,Census - de jure - complete tabulation,"Final figure, complete",2002,11133712,1
China,2000,Total,Male,34,Census - de jure - complete tabulation,"Final figure, complete",2002,12751060,1
China,2000,Total,Male,35,Census - de jure - complete tabulation,"Final figure, complete",2002,12794614,1
China,2000,Total,Male,35 - 39,Census - de jure - complete tabulation,"Final figure, complete",2002,56141391,1
China,2000,Total,Male,36,Census - de jure - complete tabulation,"Final figure, complete",2002,12375386,1
China,2000,Total,Male,37,Census - de jure - complete tabulation,"Final figure, complete",2002,14366461,1
China,2000,Total,Male,38,Census - de jure - complete tabulation,"Final figure, complete",2002,10799386,1
China,2000,Total,Male,39,Census - de jure - complete tabulation,"Final figure, complete",2002,5805544,1
China,2000,Total,Male,40,Census - de jure - complete tabulation,"Final figure, complete",2002,7608987,1
China,2000,Total,Male,40 - 44,Census - de jure - complete tabulation,"Final figure, complete",2002,42243187,1
China,2000,Total,Male,41,Census - de jure - complete tabulation,"Final figure, complete",2002,6819876,1
China,2000,Total,Male,42,Census - de jure - complete tabulation,"Final figure, complete",2002,8985776,1
China,2000,Total,Male,43,Census - de jure - complete tabulation,"Final figure, complete",2002,9889275,1
China,2000,Total,Male,44,Census - de jure - complete tabulation,"Final figure, complete",2002,8939273,1
China,2000,Total,Male,45,Census - de jure - complete tabulation,"Final figure, complete",2002,9650322,1
China,2000,Total,Male,45 - 49,Census - de jure - complete tabulation,"Final figure, complete",2002,43939603,1
China,2000,Total,Male,46,Census - de jure - complete tabulation,"Final figure, complete",2002,9524972,1
China,2000,Total,Male,47,Census - de jure - complete tabulation,"Final figure, complete",2002,8575888,1
China,2000,Total,Male,48,Census - de jure - complete tabulation,"Final figure, complete",2002,8849449,1
China,2000,Total,Male,49,Census - de jure - complete tabulation,"Final figure, complete",2002,7338972,1
China,2000,Total,Male,50,Census - de jure - complete tabulation,"Final figure, complete",2002,7572176,1
China,2000,Total,Male,50 - 54,Census - de jure - complete tabulation,"Final figure, complete",2002,32804125,1
China,2000,Total,Male,51,Census - de jure - complete tabulation,"Final figure, complete",2002,7269012,1
China,2000,Total,Male,52,Census - de jure - complete tabulation,"Final figure, complete",2002,6256655,1
China,2000,Total,Male,53,Census - de jure - complete tabulation,"Final figure, complete",2002,6105349,
China,2000,Total,Male,54,Census - de jure - complete tabulation,"Final figure, complete",2002,5600933,1
China,2000,Total,Male,55,Census - de jure - complete tabulation,"Final figure, complete",2002,5184602,1
China,2000,Total,Male,55 - 59,Census - de jure - complete tabulation,"Final figure, complete",2002,24061506,1
China,2000,Total,Male,56,Census - de jure - complete tabulation,"Final figure, complete",2002,5059575,1
China,2000,Total,Male,57,Census - de jure - complete tabulation,"Final figure, complete",2002,4567728,1
China,2000,Total,Male,58,Census - de jure - complete tabulation,"Final figure, complete",2002,4602955,1
China,2000,Total,Male,59,Census - de jure - complete tabulation,"Final figure, complete",2002,4646646,1
China,2000,Total,Male,60,Census - de jure - complete tabulation,"Final figure, complete",2002,4769323,1
China,2000,Total,Male,60 - 64,Census - de jure - complete tabulation,"Final figure, complete",2002,21674478,1
China,2000,Total,Male,61,Census - de jure - complete tabulation,"Final figure, complete",2002,3921897,1
China,2000,Total,Male,62,Census - de jure - complete tabulation,"Final figure, complete",2002,4511488,1
China,2000,Total,Male,63,Census - de jure - complete tabulation,"Final figure, complete",2002,4229884,1
China,2000,Total,Male,64,Census - de jure - complete tabulation,"Final figure, complete",2002,4241886,1
China,2000,Total,Male,65,Census - de jure - complete tabulation,"Final figure, complete",2002,3942771,1
China,2000,Total,Male,65 - 69,Census - de jure - complete tabulation,"Final figure, complete",2002,17549348,1
China,2000,Total,Male,66,Census - de jure - complete tabulation,"Final figure, complete",2002,3645264,1
China,2000,Total,Male,67,Census - de jure - complete tabulation,"Final figure, complete",2002,3802499,1
China,2000,Total,Male,68,Census - de jure - complete tabulation,"Final figure, complete",2002,3250263,1
China,2000,Total,Male,69,Census - de jure - complete tabulation,"Final figure, complete",2002,2908551,1
China,2000,Total,Male,70,Census - de jure - complete tabulation,"Final figure, complete",2002,3221942,1
China,2000,Total,Male,70 - 74,Census - de jure - complete tabulation,"Final figure, complete",2002,12436154,1
China,2000,Total,Male,71,Census - de jure - complete tabulation,"Final figure, complete",2002,2469891,1
China,2000,Total,Male,72,Census - de jure - complete tabulation,"Final figure, complete",2002,2608469,1
China,2000,Total,Male,73,Census - de jure - complete tabulation,"Final figure, complete",2002,2217591,1
China,2000,Total,Male,74,Census - de jure - complete tabulation,"Final figure, complete",2002,1918261,1
China,2000,Total,Male,75,Census - de jure - complete tabulation,"Final figure, complete",2002,1886692,1
China,2000,Total,Male,75 - 79,Census - de jure - complete tabulation,"Final figure, complete",2002,7175811,1
China,2000,Total,Male,76,Census - de jure - complete tabulation,"Final figure, complete",2002,1627531,1
China,2000,Total,Male,77,Census - de jure - complete tabulation,"Final figure, complete",2002,1354234,1
China,2000,Total,Male,78,Census - de jure - complete tabulation,"Final figure, complete",2002,1254407,1
China,2000,Total,Male,79,Census - de jure - complete tabulation,"Final figure, complete",2002,1052947,1
China,2000,Total,Male,80,Census - de jure - complete tabulation,"Final figure, complete",2002,958077,
China,2000,Total,Male,80 - 84,Census - de jure - complete tabulation,"Final figure, complete",2002,3203868,1
China,2000,Total,Male,81,Census - de jure - complete tabulation,"Final figure, complete",2002,715350,1
China,2000,Total,Male,82,Census - de jure - complete tabulation,"Final figure, complete",2002,612890,1
China,2000,Total,Male,83,Census - de jure - complete tabulation,"Final figure, complete",2002,507775,1
China,2000,Total,Male,84,Census - de jure - complete tabulation,"Final figure, complete",2002,409776,1
China,2000,Total,Male,85,Census - de jure - complete tabulation,"Final figure, complete",2002,325809,1
China,2000,Total,Male,85 - 89,Census - de jure - complete tabulation,"Final figure, complete",2002,1056941,1
China,2000,Total,Male,86,Census - de jure - complete tabulation,"Final figure, complete",2002,275077,1
China,2000,Total,Male,87,Census - de jure - complete tabulation,"Final figure, complete",2002,200168,1
China,2000,Total,Male,88,Census - de jure - complete tabulation,"Final figure, complete",2002,147017,1
China,2000,Total,Male,89,Census - de jure - complete tabulation,"Final figure, complete",2002,108870,1
China,2000,Total,Male,90,Census - de jure - complete tabulation,"Final figure, complete",2002,88128,1
China,2000,Total,Male,90 - 94,Census - de jure - complete tabulation,"Final figure, complete",2002,229758,1
China,2000,Total,Male,91,Census - de jure - complete tabulation,"Final figure, complete",2002,53460,1
China,2000,Total,Male,92,Census - de jure - complete tabulation,"Final figure, complete",2002,40460,1
China,2000,Total,Male,93,Census - de jure - complete tabulation,"Final figure, complete",2002,27802,1
China,2000,Total,Male,94,Census - de jure - complete tabulation,"Final figure, complete",2002,19908,1
China,2000,Total,Male,95,Census - de jure - complete tabulation,"Final figure, complete",2002,16617,1
China,2000,Total,Male,95 - 99,Census - de jure - complete tabulation,"Final figure, complete",2002,51373,1
China,2000,Total,Male,96,Census - de jure - complete tabulation,"Final figure, complete",2002,12543,1
China,2000,Total,Male,97,Census - de jure - complete tabulation,"Final figure, complete",2002,10068,1
China,2000,Total,Male,98,Census - de jure - complete tabulation,"Final figure, complete",2002,7599,1
China,2000,Total,Male,99,Census - de jure - complete tabulation,"Final figure, complete",2002,4546,1
China,2000,Total,Male,100 +,Census - de jure - complete tabulation,"Final figure, complete",2002,4635,1
China,2000,Total,Female,Total,Census - de jure - complete tabulation,"Final figure, complete",2002,602336257,1
China,2000,Total,Female,0,Census - de jure - complete tabulation,"Final figure, complete",2002,6333593,1
China,2000,Total,Female,1,Census - de jure - complete tabulation,"Final figure, complete",2002,5162822,1
China,2000,Total,Female,1 - 4,Census - de jure - complete tabulation,"Final figure, complete",2002,24996087,1
China,2000,Total,Female,2,Census - de jure - complete tabulation,"Final figure, complete",2002,6309027,1
China,2000,Total,Female,3,Census - de jure - complete tabulation,"Final figure, complete",2002,6557101,1
China,2000,Total,Female,4,Census - de jure - complete tabulation,"Final figure, complete",2002,6967137,1
China,2000,Total,Female,5,Census - de jure - complete tabulation,"Final figure, complete",2002,7775962,1
China,2000,Total,Female,5 - 9,Census - de jure - complete tabulation,"Final figure, complete",2002,41849379,1
China,2000,Total,Female,6,Census - de jure - complete tabulation,"Final figure, complete",2002,7604128,1
China,2000,Total,Female,7,Census - de jure - complete tabulation,"Final figure, complete",2002,8324342,1
China,2000,Total,Female,8,Census - de jure - complete tabulation,"Final figure, complete",2002,8737884,1
China,2000,Total,Female,9,Census - de jure - complete tabulation,"Final figure, complete",2002,9407063,1
China,2000,Total,Female,10,Census - de jure - complete tabulation,"Final figure, complete",2002,12399014,1
China,2000,Total,Female,10 - 14,Census - de jure - complete tabulation,"Final figure, complete",2002,60051894,1
China,2000,Total,Female,11,Census - de jure - complete tabulation,"Final figure, complete",2002,12026830,1
China,2000,Total,Female,12,Census - de jure - complete tabulation,"Final figure, complete",2002,11796570,1
China,2000,Total,Female,13,Census - de jure - complete tabulation,"Final figure, complete",2002,12663114,1
China,2000,Total,Female,14,Census - de jure - complete tabulation,"Final figure, complete",2002,11166366,1
China,2000,Total,Female,15,Census - de jure - complete tabulation,"Final figure, complete",2002,9830866,
China,2000,Total,Female,15 - 19,Census - de jure - complete tabulation,"Final figure, complete",2002,50152995,1
China,2000,Total,Female,16,Census - de jure - complete tabulation,"Final figure, complete",2002,9845225,1
China,2000,Total,Female,17,Census - de jure - complete tabulation,"Final figure, complete",2002,9789371,1
China,2000,Total,Female,18,Census - de jure - complete tabulation,"Final figure, complete",2002,11316732,1
China,2000,Total,Female,19,Census - de jure - complete tabulation,"Final figure, complete",2002,9370801,1
China,2000,Total,Female,20,Census - de jure - complete tabulation,"Final figure, complete",2002,9078328,
China,2000,Total,Female,20 - 24,Census - de jure - complete tabulation,"Final figure, complete",2002,46635408,1
China,2000,Total,Female,21,Census - de jure - complete tabulation,"Final figure, complete",2002,9376763,1
China,2000,Total,Female,22,Census - de jure - complete tabulation,"Final figure, complete",2002,9312246,1
China,2000,Total,Female,23,Census - de jure - complete tabulation,"Final figure, complete",2002,8811470,1
China,2000,Total,Female,24,Census - de jure - complete tabulation,"Final figure, complete",2002,10056601,1
China,2000,Total,Female,25,Census - de jure - complete tabulation,"Final figure, complete",2002,10369689,1
China,2000,Total,Female,25 - 29,Census - de jure - complete tabulation,"Final figure, complete",2002,57371507,1
China,2000,Total,Female,26,Census - de jure - complete tabulation,"Final figure, complete",2002,11200062,1
China,2000,Total,Female,27,Census - de jure - complete tabulation,"Final figure, complete",2002,11507384,1
China,2000,Total,Female,28,Census - de jure - complete tabulation,"Final figure, complete",2002,12065763,1
China,2000,Total,Female,29,Census - de jure - complete tabulation,"Final figure, complete",2002,12228609,1
China,2000,Total,Female,30,Census - de jure - complete tabulation,"Final figure, complete",2002,13615977,1
China,2000,Total,Female,30 - 34,Census - de jure - complete tabulation,"Final figure, complete",2002,61953842,1
China,2000,Total,Female,31,Census - de jure - complete tabulation,"Final figure, complete",2002,12201229,1
China,2000,Total,Female,32,Census - de jure - complete tabulation,"Final figure, complete",2002,13456356,1
China,2000,Total,Female,33,Census - de jure - complete tabulation,"Final figure, complete",2002,10602870,1
China,2000,Total,Female,34,Census - de jure - complete tabulation,"Final figure, complete",2002,12077410,1
China,2000,Total,Female,35,Census - de jure - complete tabulation,"Final figure, complete",2002,12004515,1
China,2000,Total,Female,35 - 39,Census - de jure - complete tabulation,"Final figure, complete",2002,53005904,1
China,2000,Total,Female,36,Census - de jure - complete tabulation,"Final figure, complete",2002,11769462,1
China,2000,Total,Female,37,Census - de jure - complete tabulation,"Final figure, complete",2002,13499728,1
China,2000,Total,Female,38,Census - de jure - complete tabulation,"Final figure, complete",2002,10123726,1
China,2000,Total,Female,39,Census - de jure - complete tabulation,"Final figure, complete",2002,5608473,1
China,2000,Total,Female,40,Census - de jure - complete tabulation,"Final figure, complete",2002,7075739,1
China,2000,Total,Female,40 - 44,Census - de jure - complete tabulation,"Final figure, complete",2002,38999758,1
China,2000,Total,Female,41,Census - de jure - complete tabulation,"Final figure, complete",2002,6239911,1
China,2000,Total,Female,42,Census - de jure - complete tabulation,"Final figure, complete",2002,8150205,1
China,2000,Total,Female,43,Census - de jure - complete tabulation,"Final figure, complete",2002,9109149,1
China,2000,Total,Female,44,Census - de jure - complete tabulation,"Final figure, complete",2002,8424754,1
China,2000,Total,Female,45,Census - de jure - complete tabulation,"Final figure, complete",2002,8961850,1
China,2000,Total,Female,45 - 49,Census - de jure - complete tabulation,"Final figure, complete",2002,41581442,1
China,2000,Total,Female,46,Census - de jure - complete tabulation,"Final figure, complete",2002,8988462,1
China,2000,Total,Female,47,Census - de jure - complete tabulation,"Final figure, complete",2002,8169807,1
China,2000,Total,Female,48,Census - de jure - complete tabulation,"Final figure, complete",2002,8387172,1
China,2000,Total,Female,49,Census - de jure - complete tabulation,"Final figure, complete",2002,7074151,1
China,2000,Total,Female,50,Census - de jure - complete tabulation,"Final figure, complete",2002,7139084,1
China,2000,Total,Female,50 - 54,Census - de jure - complete tabulation,"Final figure, complete",2002,30500075,1
China,2000,Total,Female,51,Census - de jure - complete tabulation,"Final figure, complete",2002,6644915,1
China,2000,Total,Female,52,Census - de jure - complete tabulation,"Final figure, complete",2002,5826372,1
China,2000,Total,Female,53,Census - de jure - complete tabulation,"Final figure, complete",2002,5632191,
China,2000,Total,Female,54,Census - de jure - complete tabulation,"Final figure, complete",2002,5257513,1
China,2000,Total,Female,55,Census - de jure - complete tabulation,"Final figure, complete",2002,4860571,1
China,2000,Total,Female,55 - 59,Census - de jure - complete tabulation,"Final figure, complete",2002,22308869,1
China,2000,Total,Female,56,Census - de jure - complete tabulation,"Final figure, complete",2002,4649136,1
China,2000,Total,Female,57,Census - de jure - complete tabulation,"Final figure, complete",2002,4253812,1
China,2000,Total,Female,58,Census - de jure - complete tabulation,"Final figure, complete",2002,4266825,1
China,2000,Total,Female,59,Census - de jure - complete tabulation,"Final figure, complete",2002,4278525,1
China,2000,Total,Female,60,Census - de jure - complete tabulation,"Final figure, complete",2002,4371818,1
China,2000,Total,Female,60 - 64,Census - de jure - complete tabulation,"Final figure, complete",2002,20029370,1
China,2000,Total,Female,61,Census - de jure - complete tabulation,"Final figure, complete",2002,3652545,1
China,2000,Total,Female,62,Census - de jure - complete tabulation,"Final figure, complete",2002,4100377,1
China,2000,Total,Female,63,Census - de jure - complete tabulation,"Final figure, complete",2002,3898391,1
China,2000,Total,Female,64,Census - de jure - complete tabulation,"Final figure, complete",2002,4006239,1
China,2000,Total,Female,65,Census - de jure - complete tabulation,"Final figure, complete",2002,3865821,1
China,2000,Total,Female,65 - 69,Census - de jure - complete tabulation,"Final figure, complete",2002,17231112,1
China,2000,Total,Female,66,Census - de jure - complete tabulation,"Final figure, complete",2002,3574802,1
China,2000,Total,Female,67,Census - de jure - complete tabulation,"Final figure, complete",2002,3653900,1
China,2000,Total,Female,68,Census - de jure - complete tabulation,"Final figure, complete",2002,3253048,1
China,2000,Total,Female,69,Census - de jure - complete tabulation,"Final figure, complete",2002,2883541,1
China,2000,Total,Female,70,Census - de jure - complete tabulation,"Final figure, complete",2002,3277390,1
China,2000,Total,Female,70 - 74,Census - de jure - complete tabulation,"Final figure, complete",2002,13137995,1
China,2000,Total,Female,71,Census - de jure - complete tabulation,"Final figure, complete",2002,2575852,1
China,2000,Total,Female,72,Census - de jure - complete tabulation,"Final figure, complete",2002,2751350,1
China,2000,Total,Female,73,Census - de jure - complete tabulation,"Final figure, complete",2002,2389305,1
China,2000,Total,Female,74,Census - de jure - complete tabulation,"Final figure, complete",2002,2144098,1
China,2000,Total,Female,75,Census - de jure - complete tabulation,"Final figure, complete",2002,2170574,1
China,2000,Total,Female,75 - 79,Census - de jure - complete tabulation,"Final figure, complete",2002,8752519,1
China,2000,Total,Female,76,Census - de jure - complete tabulation,"Final figure, complete",2002,1947880,1
China,2000,Total,Female,77,Census - de jure - complete tabulation,"Final figure, complete",2002,1671492,1
China,2000,Total,Female,78,Census - de jure - complete tabulation,"Final figure, complete",2002,1584329,1
China,2000,Total,Female,79,Census - de jure - complete tabulation,"Final figure, complete",2002,1378244,1
China,2000,Total,Female,80,Census - de jure - complete tabulation,"Final figure, complete",2002,1352135,
China,2000,Total,Female,80 - 84,Census - de jure - complete tabulation,"Final figure, complete",2002,4785290,1
China,2000,Total,Female,81,Census - de jure - complete tabulation,"Final figure, complete",2002,1025520,1
China,2000,Total,Female,82,Census - de jure - complete tabulation,"Final figure, complete",2002,933189,1
China,2000,Total,Female,83,Census - de jure - complete tabulation,"Final figure, complete",2002,796853,1
China,2000,Total,Female,84,Census - de jure - complete tabulation,"Final figure, complete",2002,677593,1
China,2000,Total,Female,85,Census - de jure - complete tabulation,"Final figure, complete",2002,572474,1
China,2000,Total,Female,85 - 89,Census - de jure - complete tabulation,"Final figure, complete",2002,1973757,1
China,2000,Total,Female,86,Census - de jure - complete tabulation,"Final figure, complete",2002,496960,1
China,2000,Total,Female,87,Census - de jure - complete tabulation,"Final figure, complete",2002,382991,1
China,2000,Total,Female,88,Census - de jure - complete tabulation,"Final figure, complete",2002,294228,1
China,2000,Total,Female,89,Census - de jure - complete tabulation,"Final figure, complete",2002,227104,1
China,2000,Total,Female,90,Census - de jure - complete tabulation,"Final figure, complete",2002,197747,1
China,2000,Total,Female,90 - 94,Census - de jure - complete tabulation,"Final figure, complete",2002,553836,1
China,2000,Total,Female,91,Census - de jure - complete tabulation,"Final figure, complete",2002,128229,1
China,2000,Total,Female,92,Census - de jure - complete tabulation,"Final figure, complete",2002,99632,1
China,2000,Total,Female,93,Census - de jure - complete tabulation,"Final figure, complete",2002,72435,1
China,2000,Total,Female,94,Census - de jure - complete tabulation,"Final figure, complete",2002,55793,1
China,2000,Total,Female,95,Census - de jure - complete tabulation,"Final figure, complete",2002,41480,1
China,2000,Total,Female,95 - 99,Census - de jure - complete tabulation,"Final figure, complete",2002,118383,1
China,2000,Total,Female,96,Census - de jure - complete tabulation,"Final figure, complete",2002,29520,1
China,2000,Total,Female,97,Census - de jure - complete tabulation,"Final figure, complete",2002,21100,1
China,2000,Total,Female,98,Census - de jure - complete tabulation,"Final figure, complete",2002,15695,1
China,2000,Total,Female,99,Census - de jure - complete tabulation,"Final figure, complete",2002,10588,1
China,2000,Total,Female,100 +,Census - de jure - complete tabulation,"Final figure, complete",2002,13242,1
China,2000,Urban,Both Sexes,Total,Census - de jure - complete tabulation,"Final figure, complete",2002,458770983,1
China,2000,Urban,Both Sexes,0,Census - de jure - complete tabulation,"Final figure, complete",2002,4449020,1
China,2000,Urban,Both Sexes,1,Census - de jure - complete tabulation,"Final figure, complete",2002,3959109,1
China,2000,Urban,Both Sexes,1 - 4,Census - de jure - complete tabulation,"Final figure, complete",2002,17669697,1
China,2000,Urban,Both Sexes,2,Census - de jure - complete tabulation,"Final figure, complete",2002,4446693,1
China,2000,Urban,Both Sexes,3,Census - de jure - complete tabulation,"Final figure, complete",2002,4540441,1
China,2000,Urban,Both Sexes,4,Census - de jure - complete tabulation,"Final figure, complete",2002,4723454,1
China,2000,Urban,Both Sexes,5,Census - de jure - complete tabulation,"Final figure, complete",2002,5131173,1
China,2000,Urban,Both Sexes,5 - 9,Census - de jure - complete tabulation,"Final figure, complete",2002,26588363,1
China,2000,Urban,Both Sexes,6,Census - de jure - complete tabulation,"Final figure, complete",2002,5079125,1
China,2000,Urban,Both Sexes,7,Census - de jure - complete tabulation,"Final figure, complete",2002,5325222,1
China,2000,Urban,Both Sexes,8,Census - de jure - complete tabulation,"Final figure, complete",2002,5402985,1
China,2000,Urban,Both Sexes,9,Census - de jure - complete tabulation,"Final figure, complete",2002,5649858,1
China,2000,Urban,Both Sexes,10,Census - de jure - complete tabulation,"Final figure, complete",2002,7152715,1
China,2000,Urban,Both Sexes,10 - 14,Census - de jure - complete tabulation,"Final figure, complete",2002,35802884,1
China,2000,Urban,Both Sexes,11,Census - de jure - complete tabulation,"Final figure, complete",2002,7139682,1
China,2000,Urban,Both Sexes,12,Census - de jure - complete tabulation,"Final figure, complete",2002,7096287,1
China,2000,Urban,Both Sexes,13,Census - de jure - complete tabulation,"Final figure, complete",2002,7549999,1
China,2000,Urban,Both Sexes,14,Census - de jure - complete tabulation,"Final figure, complete",2002,6864201,1
China,2000,Urban,Both Sexes,15,Census - de jure - complete tabulation,"Final figure, complete",2002,6566720,
China,2000,Urban,Both Sexes,15 - 19,Census - de jure - complete tabulation,"Final figure, complete",2002,42231585,1
China,2000,Urban,Both Sexes,16,Census - de jure - complete tabulation,"Final figure, complete",2002,7622407,1
China,2000,Urban,Both Sexes,17,Census - de jure - complete tabulation,"Final figure, complete",2002,8717062,1
China,2000,Urban,Both Sexes,18,Census - de jure - complete tabulation,"Final figure, complete",2002,10557054,1
China,2000,Urban,Both Sexes,19,Census - de jure - complete tabulation,"Final figure, complete",2002,8768342,1
China,2000,Urban,Both Sexes,20,Census - de jure - complete tabulation,"Final figure, complete",2002,8184049,
China,2000,Urban,Both Sexes,20 - 24,Census - de jure - complete tabulation,"Final figure, complete",2002,41021887,1
China,2000,Urban,Both Sexes,21,Census - de jure - complete tabulation,"Final figure, complete",2002,8482883,1
China,2000,Urban,Both Sexes,22,Census - de jure - complete tabulation,"Final figure, complete",2002,8137015,1
China,2000,Urban,Both Sexes,23,Census - de jure - complete tabulation,"Final figure, complete",2002,7640595,1
China,2000,Urban,Both Sexes,24,Census - de jure - complete tabulation,"Final figure, complete",2002,8577345,1
China,2000,Urban,Both Sexes,25,Census - de jure - complete tabulation,"Final figure, complete",2002,8826991,1
China,2000,Urban,Both Sexes,25 - 29,Census - de jure - complete tabulation,"Final figure, complete",2002,48788516,1
China,2000,Urban,Both Sexes,26,Census - de jure - complete tabulation,"Final figure, complete",2002,9443777,1
China,2000,Urban,Both Sexes,27,Census - de jure - complete tabulation,"Final figure, complete",2002,9871292,1
China,2000,Urban,Both Sexes,28,Census - de jure - complete tabulation,"Final figure, complete",2002,10266888,1
China,2000,Urban,Both Sexes,29,Census - de jure - complete tabulation,"Final figure, complete",2002,10379568,1
China,2000,Urban,Both Sexes,30,Census - de jure - complete tabulation,"Final figure, complete",2002,11317216,1
China,2000,Urban,Both Sexes,30 - 34,Census - de jure - complete tabulation,"Final figure, complete",2002,49723640,1
China,2000,Urban,Both Sexes,31,Census - de jure - complete tabulation,"Final figure, complete",2002,10081724,1
China,2000,Urban,Both Sexes,32,Census - de jure - complete tabulation,"Final figure, complete",2002,10889920,1
China,2000,Urban,Both Sexes,33,Census - de jure - complete tabulation,"Final figure, complete",2002,8091592,1
China,2000,Urban,Both Sexes,34,Census - de jure - complete tabulation,"Final figure, complete",2002,9343188,1
China,2000,Urban,Both Sexes,35,Census - de jure - complete tabulation,"Final figure, complete",2002,9712082,1
China,2000,Urban,Both Sexes,35 - 39,Census - de jure - complete tabulation,"Final figure, complete",2002,44518164,1
China,2000,Urban,Both Sexes,36,Census - de jure - complete tabulation,"Final figure, complete",2002,9871914,1
China,2000,Urban,Both Sexes,37,Census - de jure - complete tabulation,"Final figure, complete",2002,11684273,1
China,2000,Urban,Both Sexes,38,Census - de jure - complete tabulation,"Final figure, complete",2002,8406336,1
China,2000,Urban,Both Sexes,39,Census - de jure - complete tabulation,"Final figure, complete",2002,4843559,1
China,2000,Urban,Both Sexes,40,Census - de jure - complete tabulation,"Final figure, complete",2002,6345924,1
China,2000,Urban,Both Sexes,40 - 44,Census - de jure - complete tabulation,"Final figure, complete",2002,33518610,1
China,2000,Urban,Both Sexes,41,Census - de jure - complete tabulation,"Final figure, complete",2002,5634273,1
China,2000,Urban,Both Sexes,42,Census - de jure - complete tabulation,"Final figure, complete",2002,7152999,1
China,2000,Urban,Both Sexes,43,Census - de jure - complete tabulation,"Final figure, complete",2002,7592532,1
China,2000,Urban,Both Sexes,44,Census - de jure - complete tabulation,"Final figure, complete",2002,6792882,1
China,2000,Urban,Both Sexes,45,Census - de jure - complete tabulation,"Final figure, complete",2002,7098668,1
China,2000,Urban,Both Sexes,45 - 49,Census - de jure - complete tabulation,"Final figure, complete",2002,31708706,1
China,2000,Urban,Both Sexes,46,Census - de jure - complete tabulation,"Final figure, complete",2002,7053339,1
China,2000,Urban,Both Sexes,47,Census - de jure - complete tabulation,"Final figure, complete",2002,6158539,1
China,2000,Urban,Both Sexes,48,Census - de jure - complete tabulation,"Final figure, complete",2002,6180302,1
China,2000,Urban,Both Sexes,49,Census - de jure - complete tabulation,"Final figure, complete",2002,5217858,1
China,2000,Urban,Both Sexes,50,Census - de jure - complete tabulation,"Final figure, complete",2002,5283465,1
China,2000,Urban,Both Sexes,50 - 54,Census - de jure - complete tabulation,"Final figure, complete",2002,22335748,1
China,2000,Urban,Both Sexes,51,Census - de jure - complete tabulation,"Final figure, complete",2002,4943699,1
China,2000,Urban,Both Sexes,52,Census - de jure - complete tabulation,"Final figure, complete",2002,4208252,1
China,2000,Urban,Both Sexes,53,Census - de jure - complete tabulation,"Final figure, complete",2002,4110213,
China,2000,Urban,Both Sexes,54,Census - de jure - complete tabulation,"Final figure, complete",2002,3790119,1
China,2000,Urban,Both Sexes,55,Census - de jure - complete tabulation,"Final figure, complete",2002,3436251,1
China,2000,Urban,Both Sexes,55 - 59,Census - de jure - complete tabulation,"Final figure, complete",2002,16004389,1
China,2000,Urban,Both Sexes,56,Census - de jure - complete tabulation,"Final figure, complete",2002,3297572,1
China,2000,Urban,Both Sexes,57,Census - de jure - complete tabulation,"Final figure, complete",2002,3017116,1
China,2000,Urban,Both Sexes,58,Census - de jure - complete tabulation,"Final figure, complete",2002,3118415,1
China,2000,Urban,Both Sexes,59,Census - de jure - complete tabulation,"Final figure, complete",2002,3135035,1
China,2000,Urban,Both Sexes,60,Census - de jure - complete tabulation,"Final figure, complete",2002,3234700,1
China,2000,Urban,Both Sexes,60 - 64,Census - de jure - complete tabulation,"Final figure, complete",2002,14944552,1
China,2000,Urban,Both Sexes,61,Census - de jure - complete tabulation,"Final figure, complete",2002,2757702,1
China,2000,Urban,Both Sexes,62,Census - de jure - complete tabulation,"Final figure, complete",2002,3094577,1
China,2000,Urban,Both Sexes,63,Census - de jure - complete tabulation,"Final figure, complete",2002,2907008,1
China,2000,Urban,Both Sexes,64,Census - de jure - complete tabulation,"Final figure, complete",2002,2950565,1
China,2000,Urban,Both Sexes,65,Census - de jure - complete tabulation,"Final figure, complete",2002,2762576,1
China,2000,Urban,Both Sexes,65 - 69,Census - de jure - complete tabulation,"Final figure, complete",2002,12174470,1
China,2000,Urban,Both Sexes,66,Census - de jure - complete tabulation,"Final figure, complete",2002,2559940,1
China,2000,Urban,Both Sexes,67,Census - de jure - complete tabulation,"Final figure, complete",2002,2626663,1
China,2000,Urban,Both Sexes,68,Census - de jure - complete tabulation,"Final figure, complete",2002,2230604,1
China,2000,Urban,Both Sexes,69,Census - de jure - complete tabulation,"Final figure, complete",2002,1994687,1
China,2000,Urban,Both Sexes,70,Census - de jure - complete tabulation,"Final figure, complete",2002,2176555,1
China,2000,Urban,Both Sexes,70 - 74,Census - de jure - complete tabulation,"Final figure, complete",2002,8479487,1
China,2000,Urban,Both Sexes,71,Census - de jure - complete tabulation,"Final figure, complete",2002,1711584,1
China,2000,Urban,Both Sexes,72,Census - de jure - complete tabulation,"Final figure, complete",2002,1762881,1
China,2000,Urban,Both Sexes,73,Census - de jure - complete tabulation,"Final figure, complete",2002,1510913,1
China,2000,Urban,Both Sexes,74,Census - de jure - complete tabulation,"Final figure, complete",2002,1317554,1
China,2000,Urban,Both Sexes,75,Census - de jure - complete tabulation,"Final figure, complete",2002,1274770,1
China,2000,Urban,Both Sexes,75 - 79,Census - de jure - complete tabulation,"Final figure, complete",2002,5000134,1
China,2000,Urban,Both Sexes,76,Census - de jure - complete tabulation,"Final figure, complete",2002,1121851,1
China,2000,Urban,Both Sexes,77,Census - de jure - complete tabulation,"Final figure, complete",2002,944116,1
China,2000,Urban,Both Sexes,78,Census - de jure - complete tabulation,"Final figure, complete",2002,890490,1
China,2000,Urban,Both Sexes,79,Census - de jure - complete tabulation,"Final figure, complete",2002,768907,1
China,2000,Urban,Both Sexes,80,Census - de jure - complete tabulation,"Final figure, complete",2002,698264,
China,2000,Urban,Both Sexes,80 - 84,Census - de jure - complete tabulation,"Final figure, complete",2002,2472016,1
China,2000,Urban,Both Sexes,81,Census - de jure - complete tabulation,"Final figure, complete",2002,541534,1
China,2000,Urban,Both Sexes,82,Census - de jure - complete tabulation,"Final figure, complete",2002,479929,1
China,2000,Urban,Both Sexes,83,Census - de jure - complete tabulation,"Final figure, complete",2002,410791,1
China,2000,Urban,Both Sexes,84,Census - de jure - complete tabulation,"Final figure, complete",2002,341498,1
China,2000,Urban,Both Sexes,85,Census - de jure - complete tabulation,"Final figure, complete",2002,284268,1
China,2000,Urban,Both Sexes,85 - 89,Census - de jure - complete tabulation,"Final figure, complete",2002,994079,1
China,2000,Urban,Both Sexes,86,Census - de jure - complete tabulation,"Final figure, complete",2002,250802,1
China,2000,Urban,Both Sexes,87,Census - de jure - complete tabulation,"Final figure, complete",2002,193302,1
China,2000,Urban,Both Sexes,88,Census - de jure - complete tabulation,"Final figure, complete",2002,148728,1
China,2000,Urban,Both Sexes,89,Census - de jure - complete tabulation,"Final figure, complete",2002,116979,1
China,2000,Urban,Both Sexes,90,Census - de jure - complete tabulation,"Final figure, complete",2002,97367,1
China,2000,Urban,Both Sexes,90 - 94,Census - de jure - complete tabulation,"Final figure, complete",2002,276586,1
China,2000,Urban,Both Sexes,91,Census - de jure - complete tabulation,"Final figure, complete",2002,64606,1
China,2000,Urban,Both Sexes,92,Census - de jure - complete tabulation,"Final figure, complete",2002,50295,1
China,2000,Urban,Both Sexes,93,Census - de jure - complete tabulation,"Final figure, complete",2002,36424,1
China,2000,Urban,Both Sexes,94,Census - de jure - complete tabulation,"Final figure, complete",2002,27894,1
China,2000,Urban,Both Sexes,95,Census - de jure - complete tabulation,"Final figure, complete",2002,21154,1
China,2000,Urban,Both Sexes,95 - 99,Census - de jure - complete tabulation,"Final figure, complete",2002,62255,1
China,2000,Urban,Both Sexes,96,Census - de jure - complete tabulation,"Final figure, complete",2002,15582,1
China,2000,Urban,Both Sexes,97,Census - de jure - complete tabulation,"Final figure, complete",2002,11618,1
China,2000,Urban,Both Sexes,98,Census - de jure - complete tabulation,"Final figure, complete",2002,8303,1
China,2000,Urban,Both Sexes,99,Census - de jure - complete tabulation,"Final figure, complete",2002,5598,1
China,2000,Urban,Both Sexes,100 +,Census - de jure - complete tabulation,"Final figure, complete",2002,6195,1
China,2000,Urban,Male,Total,Census - de jure - complete tabulation,"Final figure, complete",2002,235264707,1
China,2000,Urban,Male,0,Census - de jure - complete tabulation,"Final figure, complete",2002,2376585,1
China,2000,Urban,Male,1,Census - de jure - complete tabulation,"Final figure, complete",2002,2138453,1
China,2000,Urban,Male,1 - 4,Census - de jure - complete tabulation,"Final figure, complete",2002,9525854,1
China,2000,Urban,Male,2,Census - de jure - complete tabulation,"Final figure, complete",2002,2405595,1
China,2000,Urban,Male,3,Census - de jure - complete tabulation,"Final figure, complete",2002,2445054,1
China,2000,Urban,Male,4,Census - de jure - complete tabulation,"Final figure, complete",2002,2536752,1
China,2000,Urban,Male,5,Census - de jure - complete tabulation,"Final figure, complete",2002,2753335,1
China,2000,Urban,Male,5 - 9,Census - de jure - complete tabulation,"Final figure, complete",2002,14180433,1
China,2000,Urban,Male,6,Census - de jure - complete tabulation,"Final figure, complete",2002,2713508,1
China,2000,Urban,Male,7,Census - de jure - complete tabulation,"Final figure, complete",2002,2835933,1
China,2000,Urban,Male,8,Census - de jure - complete tabulation,"Final figure, complete",2002,2877476,1
China,2000,Urban,Male,9,Census - de jure - complete tabulation,"Final figure, complete",2002,3000181,1
China,2000,Urban,Male,10,Census - de jure - complete tabulation,"Final figure, complete",2002,3777930,1
China,2000,Urban,Male,10 - 14,Census - de jure - complete tabulation,"Final figure, complete",2002,18701307,1
China,2000,Urban,Male,11,Census - de jure - complete tabulation,"Final figure, complete",2002,3741800,1
China,2000,Urban,Male,12,Census - de jure - complete tabulation,"Final figure, complete",2002,3705274,1
China,2000,Urban,Male,13,Census - de jure - complete tabulation,"Final figure, complete",2002,3922212,1
China,2000,Urban,Male,14,Census - de jure - complete tabulation,"Final figure, complete",2002,3554091,1
China,2000,Urban,Male,15,Census - de jure - complete tabulation,"Final figure, complete",2002,3361392,
China,2000,Urban,Male,15 - 19,Census - de jure - complete tabulation,"Final figure, complete",2002,21086911,1
China,2000,Urban,Male,16,Census - de jure - complete tabulation,"Final figure, complete",2002,3821474,1
China,2000,Urban,Male,17,Census - de jure - complete tabulation,"Final figure, complete",2002,4306152,1
China,2000,Urban,Male,18,Census - de jure - complete tabulation,"Final figure, complete",2002,5212489,1
China,2000,Urban,Male,19,Census - de jure - complete tabulation,"Final figure, complete",2002,4385404,1
China,2000,Urban,Male,20,Census - de jure - complete tabulation,"Final figure, complete",2002,4126996,
China,2000,Urban,Male,20 - 24,Census - de jure - complete tabulation,"Final figure, complete",2002,20651361,1
China,2000,Urban,Male,21,Census - de jure - complete tabulation,"Final figure, complete",2002,4282894,1
China,2000,Urban,Male,22,Census - de jure - complete tabulation,"Final figure, complete",2002,4098745,1
China,2000,Urban,Male,23,Census - de jure - complete tabulation,"Final figure, complete",2002,3835038,1
China,2000,Urban,Male,24,Census - de jure - complete tabulation,"Final figure, complete",2002,4307688,1
China,2000,Urban,Male,25,Census - de jure - complete tabulation,"Final figure, complete",2002,4433653,1
China,2000,Urban,Male,25 - 29,Census - de jure - complete tabulation,"Final figure, complete",2002,24820721,1
China,2000,Urban,Male,26,Census - de jure - complete tabulation,"Final figure, complete",2002,4763481,1
China,2000,Urban,Male,27,Census - de jure - complete tabulation,"Final figure, complete",2002,5023724,1
China,2000,Urban,Male,28,Census - de jure - complete tabulation,"Final figure, complete",2002,5267041,1
China,2000,Urban,Male,29,Census - de jure - complete tabulation,"Final figure, complete",2002,5332822,1
China,2000,Urban,Male,30,Census - de jure - complete tabulation,"Final figure, complete",2002,5854128,1
China,2000,Urban,Male,30 - 34,Census - de jure - complete tabulation,"Final figure, complete",2002,25760568,1
China,2000,Urban,Male,31,Census - de jure - complete tabulation,"Final figure, complete",2002,5199001,1
China,2000,Urban,Male,32,Census - de jure - complete tabulation,"Final figure, complete",2002,5658078,1
China,2000,Urban,Male,33,Census - de jure - complete tabulation,"Final figure, complete",2002,4198433,1
China,2000,Urban,Male,34,Census - de jure - complete tabulation,"Final figure, complete",2002,4850928,1
China,2000,Urban,Male,35,Census - de jure - complete tabulation,"Final figure, complete",2002,5084020,1
China,2000,Urban,Male,35 - 39,Census - de jure - complete tabulation,"Final figure, complete",2002,23269889,1
China,2000,Urban,Male,36,Census - de jure - complete tabulation,"Final figure, complete",2002,5149072,1
China,2000,Urban,Male,37,Census - de jure - complete tabulation,"Final figure, complete",2002,6099664,1
China,2000,Urban,Male,38,Census - de jure - complete tabulation,"Final figure, complete",2002,4421770,1
China,2000,Urban,Male,39,Census - de jure - complete tabulation,"Final figure, complete",2002,2515363,1
China,2000,Urban,Male,40,Census - de jure - complete tabulation,"Final figure, complete",2002,3330883,1
China,2000,Urban,Male,40 - 44,Census - de jure - complete tabulation,"Final figure, complete",2002,17499183,1
China,2000,Urban,Male,41,Census - de jure - complete tabulation,"Final figure, complete",2002,2956070,1
China,2000,Urban,Male,42,Census - de jure - complete tabulation,"Final figure, complete",2002,3765789,1
China,2000,Urban,Male,43,Census - de jure - complete tabulation,"Final figure, complete",2002,3946470,1
China,2000,Urban,Male,44,Census - de jure - complete tabulation,"Final figure, complete",2002,3499971,1
China,2000,Urban,Male,45,Census - de jure - complete tabulation,"Final figure, complete",2002,3673573,1
China,2000,Urban,Male,45 - 49,Census - de jure - complete tabulation,"Final figure, complete",2002,16245324,1
China,2000,Urban,Male,46,Census - de jure - complete tabulation,"Final figure, complete",2002,3620746,1
China,2000,Urban,Male,47,Census - de jure - complete tabulation,"Final figure, complete",2002,3141523,1
China,2000,Urban,Male,48,Census - de jure - complete tabulation,"Final figure, complete",2002,3158965,1
China,2000,Urban,Male,49,Census - de jure - complete tabulation,"Final figure, complete",2002,2650517,1
China,2000,Urban,Male,50,Census - de jure - complete tabulation,"Final figure, complete",2002,2714898,1
China,2000,Urban,Male,50 - 54,Census - de jure - complete tabulation,"Final figure, complete",2002,11462314,1
China,2000,Urban,Male,51,Census - de jure - complete tabulation,"Final figure, complete",2002,2547538,1
China,2000,Urban,Male,52,Census - de jure - complete tabulation,"Final figure, complete",2002,2145098,1
China,2000,Urban,Male,53,Census - de jure - complete tabulation,"Final figure, complete",2002,2111432,
China,2000,Urban,Male,54,Census - de jure - complete tabulation,"Final figure, complete",2002,1943348,1
China,2000,Urban,Male,55,Census - de jure - complete tabulation,"Final figure, complete",2002,1745564,1
China,2000,Urban,Male,55 - 59,Census - de jure - complete tabulation,"Final figure, complete",2002,8077159,1
China,2000,Urban,Male,56,Census - de jure - complete tabulation,"Final figure, complete",2002,1673540,1
China,2000,Urban,Male,57,Census - de jure - complete tabulation,"Final figure, complete",2002,1520763,1
China,2000,Urban,Male,58,Census - de jure - complete tabulation,"Final figure, complete",2002,1562348,1
China,2000,Urban,Male,59,Census - de jure - complete tabulation,"Final figure, complete",2002,1574944,1
China,2000,Urban,Male,60,Census - de jure - complete tabulation,"Final figure, complete",2002,1628838,1
China,2000,Urban,Male,60 - 64,Census - de jure - complete tabulation,"Final figure, complete",2002,7519377,1
China,2000,Urban,Male,61,Census - de jure - complete tabulation,"Final figure, complete",2002,1371622,1
China,2000,Urban,Male,62,Census - de jure - complete tabulation,"Final figure, complete",2002,1560600,1
China,2000,Urban,Male,63,Census - de jure - complete tabulation,"Final figure, complete",2002,1473736,1
China,2000,Urban,Male,64,Census - de jure - complete tabulation,"Final figure, complete",2002,1484581,1
China,2000,Urban,Male,65,Census - de jure - complete tabulation,"Final figure, complete",2002,1364958,1
China,2000,Urban,Male,65 - 69,Census - de jure - complete tabulation,"Final figure, complete",2002,6128605,1
China,2000,Urban,Male,66,Census - de jure - complete tabulation,"Final figure, complete",2002,1276804,1
China,2000,Urban,Male,67,Census - de jure - complete tabulation,"Final figure, complete",2002,1338354,1
China,2000,Urban,Male,68,Census - de jure - complete tabulation,"Final figure, complete",2002,1121662,1
China,2000,Urban,Male,69,Census - de jure - complete tabulation,"Final figure, complete",2002,1026827,1
China,2000,Urban,Male,70,Census - de jure - complete tabulation,"Final figure, complete",2002,1108077,1
China,2000,Urban,Male,70 - 74,Census - de jure - complete tabulation,"Final figure, complete",2002,4216193,1
China,2000,Urban,Male,71,Census - de jure - complete tabulation,"Final figure, complete",2002,856398,1
China,2000,Urban,Male,72,Census - de jure - complete tabulation,"Final figure, complete",2002,874954,1
China,2000,Urban,Male,73,Census - de jure - complete tabulation,"Final figure, complete",2002,741813,1
China,2000,Urban,Male,74,Census - de jure - complete tabulation,"Final figure, complete",2002,634951,1
China,2000,Urban,Male,75,Census - de jure - complete tabulation,"Final figure, complete",2002,605143,1
China,2000,Urban,Male,75 - 79,Census - de jure - complete tabulation,"Final figure, complete",2002,2291543,1
China,2000,Urban,Male,76,Census - de jure - complete tabulation,"Final figure, complete",2002,517677,1
China,2000,Urban,Male,77,Census - de jure - complete tabulation,"Final figure, complete",2002,429031,1
China,2000,Urban,Male,78,Census - de jure - complete tabulation,"Final figure, complete",2002,398991,1
China,2000,Urban,Male,79,Census - de jure - complete tabulation,"Final figure, complete",2002,340701,1
China,2000,Urban,Male,80,Census - de jure - complete tabulation,"Final figure, complete",2002,293957,
China,2000,Urban,Male,80 - 84,Census - de jure - complete tabulation,"Final figure, complete",2002,1004359,1
China,2000,Urban,Male,81,Census - de jure - complete tabulation,"Final figure, complete",2002,227463,1
China,2000,Urban,Male,82,Census - de jure - complete tabulation,"Final figure, complete",2002,191872,1
China,2000,Urban,Male,83,Census - de jure - complete tabulation,"Final figure, complete",2002,161608,1
China,2000,Urban,Male,84,Census - de jure - complete tabulation,"Final figure, complete",2002,129459,1
China,2000,Urban,Male,85,Census - de jure - complete tabulation,"Final figure, complete",2002,103566,1
China,2000,Urban,Male,85 - 89,Census - de jure - complete tabulation,"Final figure, complete",2002,347550,1
China,2000,Urban,Male,86,Census - de jure - complete tabulation,"Final figure, complete",2002,90005,1
China,2000,Urban,Male,87,Census - de jure - complete tabulation,"Final figure, complete",2002,66529,1
China,2000,Urban,Male,88,Census - de jure - complete tabulation,"Final figure, complete",2002,49377,1
China,2000,Urban,Male,89,Census - de jure - complete tabulation,"Final figure, complete",2002,38073,1
China,2000,Urban,Male,90,Census - de jure - complete tabulation,"Final figure, complete",2002,29847,1
China,2000,Urban,Male,90 - 94,Census - de jure - complete tabulation,"Final figure, complete",2002,80189,1
China,2000,Urban,Male,91,Census - de jure - complete tabulation,"Final figure, complete",2002,18838,1
China,2000,Urban,Male,92,Census - de jure - complete tabulation,"Final figure, complete",2002,14357,1
China,2000,Urban,Male,93,Census - de jure - complete tabulation,"Final figure, complete",2002,9950,1
China,2000,Urban,Male,94,Census - de jure - complete tabulation,"Final figure, complete",2002,7197,1
China,2000,Urban,Male,95,Census - de jure - complete tabulation,"Final figure, complete",2002,5676,1
China,2000,Urban,Male,95 - 99,Census - de jure - complete tabulation,"Final figure, complete",2002,17827,1
China,2000,Urban,Male,96,Census - de jure - complete tabulation,"Final figure, complete",2002,4418,1
China,2000,Urban,Male,97,Census - de jure - complete tabulation,"Final figure, complete",2002,3575,1
China,2000,Urban,Male,98,Census - de jure - complete tabulation,"Final figure, complete",2002,2546,1
China,2000,Urban,Male,99,Census - de jure - complete tabulation,"Final figure, complete",2002,1612,1
China,2000,Urban,Male,100 +,Census - de jure - complete tabulation,"Final figure, complete",2002,1455,1
China,2000,Urban,Female,Total,Census - de jure - complete tabulation,"Final figure, complete",2002,223506276,1
China,2000,Urban,Female,0,Census - de jure - complete tabulation,"Final figure, complete",2002,2072435,1
China,2000,Urban,Female,1,Census - de jure - complete tabulation,"Final figure, complete",2002,1820656,1
China,2000,Urban,Female,1 - 4,Census - de jure - complete tabulation,"Final figure, complete",2002,8143843,1
China,2000,Urban,Female,2,Census - de jure - complete tabulation,"Final figure, complete",2002,2041098,1
China,2000,Urban,Female,3,Census - de jure - complete tabulation,"Final figure, complete",2002,2095387,1
China,2000,Urban,Female,4,Census - de jure - complete tabulation,"Final figure, complete",2002,2186702,1
China,2000,Urban,Female,5,Census - de jure - complete tabulation,"Final figure, complete",2002,2377838,1
China,2000,Urban,Female,5 - 9,Census - de jure - complete tabulation,"Final figure, complete",2002,12407930,1
China,2000,Urban,Female,6,Census - de jure - complete tabulation,"Final figure, complete",2002,2365617,1
China,2000,Urban,Female,7,Census - de jure - complete tabulation,"Final figure, complete",2002,2489289,1
China,2000,Urban,Female,8,Census - de jure - complete tabulation,"Final figure, complete",2002,2525509,1
China,2000,Urban,Female,9,Census - de jure - complete tabulation,"Final figure, complete",2002,2649677,1
China,2000,Urban,Female,10,Census - de jure - complete tabulation,"Final figure, complete",2002,3374785,1
China,2000,Urban,Female,10 - 14,Census - de jure - complete tabulation,"Final figure, complete",2002,17101577,1
China,2000,Urban,Female,11,Census - de jure - complete tabulation,"Final figure, complete",2002,3397882,1
China,2000,Urban,Female,12,Census - de jure - complete tabulation,"Final figure, complete",2002,3391013,1
China,2000,Urban,Female,13,Census - de jure - complete tabulation,"Final figure, complete",2002,3627787,1
China,2000,Urban,Female,14,Census - de jure - complete tabulation,"Final figure, complete",2002,3310110,1
China,2000,Urban,Female,15,Census - de jure - complete tabulation,"Final figure, complete",2002,3205328,
China,2000,Urban,Female,15 - 19,Census - de jure - complete tabulation,"Final figure, complete",2002,21144674,1
China,2000,Urban,Female,16,Census - de jure - complete tabulation,"Final figure, complete",2002,3800933,1
China,2000,Urban,Female,17,Census - de jure - complete tabulation,"Final figure, complete",2002,4410910,1
China,2000,Urban,Female,18,Census - de jure - complete tabulation,"Final figure, complete",2002,5344565,1
China,2000,Urban,Female,19,Census - de jure - complete tabulation,"Final figure, complete",2002,4382938,1
China,2000,Urban,Female,20,Census - de jure - complete tabulation,"Final figure, complete",2002,4057053,
China,2000,Urban,Female,20 - 24,Census - de jure - complete tabulation,"Final figure, complete",2002,20370526,1
China,2000,Urban,Female,21,Census - de jure - complete tabulation,"Final figure, complete",2002,4199989,1
China,2000,Urban,Female,22,Census - de jure - complete tabulation,"Final figure, complete",2002,4038270,1
China,2000,Urban,Female,23,Census - de jure - complete tabulation,"Final figure, complete",2002,3805557,1
China,2000,Urban,Female,24,Census - de jure - complete tabulation,"Final figure, complete",2002,4269657,1
China,2000,Urban,Female,25,Census - de jure - complete tabulation,"Final figure, complete",2002,4393338,1
China,2000,Urban,Female,25 - 29,Census - de jure - complete tabulation,"Final figure, complete",2002,23967795,1
China,2000,Urban,Female,26,Census - de jure - complete tabulation,"Final figure, complete",2002,4680296,1
China,2000,Urban,Female,27,Census - de jure - complete tabulation,"Final figure, complete",2002,4847568,1
China,2000,Urban,Female,28,Census - de jure - complete tabulation,"Final figure, complete",2002,4999847,1
China,2000,Urban,Female,29,Census - de jure - complete tabulation,"Final figure, complete",2002,5046746,1
China,2000,Urban,Female,30,Census - de jure - complete tabulation,"Final figure, complete",2002,5463088,1
China,2000,Urban,Female,30 - 34,Census - de jure - complete tabulation,"Final figure, complete",2002,23963072,1
China,2000,Urban,Female,31,Census - de jure - complete tabulation,"Final figure, complete",2002,4882723,1
China,2000,Urban,Female,32,Census - de jure - complete tabulation,"Final figure, complete",2002,5231842,1
China,2000,Urban,Female,33,Census - de jure - complete tabulation,"Final figure, complete",2002,3893159,1
China,2000,Urban,Female,34,Census - de jure - complete tabulation,"Final figure, complete",2002,4492260,1
China,2000,Urban,Female,35,Census - de jure - complete tabulation,"Final figure, complete",2002,4628062,1
China,2000,Urban,Female,35 - 39,Census - de jure - complete tabulation,"Final figure, complete",2002,21248275,1
China,2000,Urban,Female,36,Census - de jure - complete tabulation,"Final figure, complete",2002,4722842,1
China,2000,Urban,Female,37,Census - de jure - complete tabulation,"Final figure, complete",2002,5584609,1
China,2000,Urban,Female,38,Census - de jure - complete tabulation,"Final figure, complete",2002,3984566,1
China,2000,Urban,Female,39,Census - de jure - complete tabulation,"Final figure, complete",2002,2328196,1
China,2000,Urban,Female,40,Census - de jure - complete tabulation,"Final figure, complete",2002,3015041,1
China,2000,Urban,Female,40 - 44,Census - de jure - complete tabulation,"Final figure, complete",2002,16019427,1
China,2000,Urban,Female,41,Census - de jure - complete tabulation,"Final figure, complete",2002,2678203,1
China,2000,Urban,Female,42,Census - de jure - complete tabulation,"Final figure, complete",2002,3387210,1
China,2000,Urban,Female,43,Census - de jure - complete tabulation,"Final figure, complete",2002,3646062,1
China,2000,Urban,Female,44,Census - de jure - complete tabulation,"Final figure, complete",2002,3292911,1
China,2000,Urban,Female,45,Census - de jure - complete tabulation,"Final figure, complete",2002,3425095,1
China,2000,Urban,Female,45 - 49,Census - de jure - complete tabulation,"Final figure, complete",2002,15463382,1
China,2000,Urban,Female,46,Census - de jure - complete tabulation,"Final figure, complete",2002,3432593,1
China,2000,Urban,Female,47,Census - de jure - complete tabulation,"Final figure, complete",2002,3017016,1
China,2000,Urban,Female,48,Census - de jure - complete tabulation,"Final figure, complete",2002,3021337,1
China,2000,Urban,Female,49,Census - de jure - complete tabulation,"Final figure, complete",2002,2567341,1
China,2000,Urban,Female,50,Census - de jure - complete tabulation,"Final figure, complete",2002,2568567,1
China,2000,Urban,Female,50 - 54,Census - de jure - complete tabulation,"Final figure, complete",2002,10873434,1
China,2000,Urban,Female,51,Census - de jure - complete tabulation,"Final figure, complete",2002,2396161,1
China,2000,Urban,Female,52,Census - de jure - complete tabulation,"Final figure, complete",2002,2063154,1
China,2000,Urban,Female,53,Census - de jure - complete tabulation,"Final figure, complete",2002,1998781,
China,2000,Urban,Female,54,Census - de jure - complete tabulation,"Final figure, complete",2002,1846771,1
China,2000,Urban,Female,55,Census - de jure - complete tabulation,"Final figure, complete",2002,1690687,1
China,2000,Urban,Female,55 - 59,Census - de jure - complete tabulation,"Final figure, complete",2002,7927230,1
China,2000,Urban,Female,56,Census - de jure - complete tabulation,"Final figure, complete",2002,1624032,1
China,2000,Urban,Female,57,Census - de jure - complete tabulation,"Final figure, complete",2002,1496353,1
China,2000,Urban,Female,58,Census - de jure - complete tabulation,"Final figure, complete",2002,1556067,1
China,2000,Urban,Female,59,Census - de jure - complete tabulation,"Final figure, complete",2002,1560091,1
China,2000,Urban,Female,60,Census - de jure - complete tabulation,"Final figure, complete",2002,1605862,1
China,2000,Urban,Female,60 - 64,Census - de jure - complete tabulation,"Final figure, complete",2002,7425175,1
China,2000,Urban,Female,61,Census - de jure - complete tabulation,"Final figure, complete",2002,1386080,1
China,2000,Urban,Female,62,Census - de jure - complete tabulation,"Final figure, complete",2002,1533977,1
China,2000,Urban,Female,63,Census - de jure - complete tabulation,"Final figure, complete",2002,1433272,1
China,2000,Urban,Female,64,Census - de jure - complete tabulation,"Final figure, complete",2002,1465984,1
China,2000,Urban,Female,65,Census - de jure - complete tabulation,"Final figure, complete",2002,1397618,1
China,2000,Urban,Female,65 - 69,Census - de jure - complete tabulation,"Final figure, complete",2002,6045865,1
China,2000,Urban,Female,66,Census - de jure - complete tabulation,"Final figure, complete",2002,1283136,1
China,2000,Urban,Female,67,Census - de jure - complete tabulation,"Final figure, complete",2002,1288309,1
China,2000,Urban,Female,68,Census - de jure - complete tabulation,"Final figure, complete",2002,1108942,1
China,2000,Urban,Female,69,Census - de jure - complete tabulation,"Final figure, complete",2002,967860,1
China,2000,Urban,Female,70,Census - de jure - complete tabulation,"Final figure, complete",2002,1068478,1
China,2000,Urban,Female,70 - 74,Census - de jure - complete tabulation,"Final figure, complete",2002,4263294,1
China,2000,Urban,Female,71,Census - de jure - complete tabulation,"Final figure, complete",2002,855186,1
China,2000,Urban,Female,72,Census - de jure - complete tabulation,"Final figure, complete",2002,887927,1
China,2000,Urban,Female,73,Census - de jure - complete tabulation,"Final figure, complete",2002,769100,1
China,2000,Urban,Female,74,Census - de jure - complete tabulation,"Final figure, complete",2002,682603,1
China,2000,Urban,Female,75,Census - de jure - complete tabulation,"Final figure, complete",2002,669627,1
China,2000,Urban,Female,75 - 79,Census - de jure - complete tabulation,"Final figure, complete",2002,2708591,1
China,2000,Urban,Female,76,Census - de jure - complete tabulation,"Final figure, complete",2002,604174,1
China,2000,Urban,Female,77,Census - de jure - complete tabulation,"Final figure, complete",2002,515085,1
China,2000,Urban,Female,78,Census - de jure - complete tabulation,"Final figure, complete",2002,491499,1
China,2000,Urban,Female,79,Census - de jure - complete tabulation,"Final figure, complete",2002,428206,1
China,2000,Urban,Female,80,Census - de jure - complete tabulation,"Final figure, complete",2002,404307,
China,2000,Urban,Female,80 - 84,Census - de jure - complete tabulation,"Final figure, complete",2002,1467657,1
China,2000,Urban,Female,81,Census - de jure - complete tabulation,"Final figure, complete",2002,314071,1
China,2000,Urban,Female,82,Census - de jure - complete tabulation,"Final figure, complete",2002,288057,1
China,2000,Urban,Female,83,Census - de jure - complete tabulation,"Final figure, complete",2002,249183,1
China,2000,Urban,Female,84,Census - de jure - complete tabulation,"Final figure, complete",2002,212039,1
China,2000,Urban,Female,85,Census - de jure - complete tabulation,"Final figure, complete",2002,180702,1
China,2000,Urban,Female,85 - 89,Census - de jure - complete tabulation,"Final figure, complete",2002,646529,1
China,2000,Urban,Female,86,Census - de jure - complete tabulation,"Final figure, complete",2002,160797,1
China,2000,Urban,Female,87,Census - de jure - complete tabulation,"Final figure, complete",2002,126773,1
China,2000,Urban,Female,88,Census - de jure - complete tabulation,"Final figure, complete",2002,99351,1
China,2000,Urban,Female,89,Census - de jure - complete tabulation,"Final figure, complete",2002,78906,1
China,2000,Urban,Female,90,Census - de jure - complete tabulation,"Final figure, complete",2002,67520,1
China,2000,Urban,Female,90 - 94,Census - de jure - complete tabulation,"Final figure, complete",2002,196397,1
China,2000,Urban,Female,91,Census - de jure - complete tabulation,"Final figure, complete",2002,45768,1
China,2000,Urban,Female,92,Census - de jure - complete tabulation,"Final figure, complete",2002,35938,1
China,2000,Urban,Female,93,Census - de jure - complete tabulation,"Final figure, complete",2002,26474,1
China,2000,Urban,Female,94,Census - de jure - complete tabulation,"Final figure, complete",2002,20697,1
China,2000,Urban,Female,95,Census - de jure - complete tabulation,"Final figure, complete",2002,15478,1
China,2000,Urban,Female,95 - 99,Census - de jure - complete tabulation,"Final figure, complete",2002,44428,1
China,2000,Urban,Female,96,Census - de jure - complete tabulation,"Final figure, complete",2002,11164,1
China,2000,Urban,Female,97,Census - de jure - complete tabulation,"Final figure, complete",2002,8043,1
China,2000,Urban,Female,98,Census - de jure - complete tabulation,"Final figure, complete",2002,5757,1
China,2000,Urban,Female,99,Census - de jure - complete tabulation,"Final figure, complete",2002,3986,1
China,2000,Urban,Female,100 +,Census - de jure - complete tabulation,"Final figure, complete",2002,4740,1
China,2000,Rural,Both Sexes,Total,Census - de jure - complete tabulation,"Final figure, complete",2002,783841243,1
China,2000,Rural,Both Sexes,0,Census - de jure - complete tabulation,"Final figure, complete",2002,9344779,1
China,2000,Rural,Both Sexes,1,Census - de jure - complete tabulation,"Final figure, complete",2002,7536138,1
China,2000,Rural,Both Sexes,1 - 4,Census - de jure - complete tabulation,"Final figure, complete",2002,37514878,1
China,2000,Rural,Both Sexes,2,Census - de jure - complete tabulation,"Final figure, complete",2002,9564018,1
China,2000,Rural,Both Sexes,3,Census - de jure - complete tabulation,"Final figure, complete",2002,9913894,1
China,2000,Rural,Both Sexes,4,Census - de jure - complete tabulation,"Final figure, complete",2002,10500828,1
China,2000,Rural,Both Sexes,5,Census - de jure - complete tabulation,"Final figure, complete",2002,11802386,1
China,2000,Rural,Both Sexes,5 - 9,Census - de jure - complete tabulation,"Final figure, complete",2002,63564224,1
China,2000,Rural,Both Sexes,6,Census - de jure - complete tabulation,"Final figure, complete",2002,11391015,1
China,2000,Rural,Both Sexes,7,Census - de jure - complete tabulation,"Final figure, complete",2002,12589534,1
China,2000,Rural,Both Sexes,8,Census - de jure - complete tabulation,"Final figure, complete",2002,13349121,1
China,2000,Rural,Both Sexes,9,Census - de jure - complete tabulation,"Final figure, complete",2002,14432168,1
China,2000,Rural,Both Sexes,10,Census - de jure - complete tabulation,"Final figure, complete",2002,19057329,1
China,2000,Rural,Both Sexes,10 - 14,Census - de jure - complete tabulation,"Final figure, complete",2002,89593749,1
China,2000,Rural,Both Sexes,11,Census - de jure - complete tabulation,"Final figure, complete",2002,17997996,1
China,2000,Rural,Both Sexes,12,Census - de jure - complete tabulation,"Final figure, complete",2002,17479904,1
China,2000,Rural,Both Sexes,13,Census - de jure - complete tabulation,"Final figure, complete",2002,18732645,1
China,2000,Rural,Both Sexes,14,Census - de jure - complete tabulation,"Final figure, complete",2002,16325875,1
China,2000,Rural,Both Sexes,15,Census - de jure - complete tabulation,"Final figure, complete",2002,13862606,
China,2000,Rural,Both Sexes,15 - 19,Census - de jure - complete tabulation,"Final figure, complete",2002,60799580,1
China,2000,Rural,Both Sexes,16,Census - de jure - complete tabulation,"Final figure, complete",2002,12691019,1
China,2000,Rural,Both Sexes,17,Census - de jure - complete tabulation,"Final figure, complete",2002,11347986,1
China,2000,Rural,Both Sexes,18,Census - de jure - complete tabulation,"Final figure, complete",2002,12543373,1
China,2000,Rural,Both Sexes,19,Census - de jure - complete tabulation,"Final figure, complete",2002,10354596,1
China,2000,Rural,Both Sexes,20,Census - de jure - complete tabulation,"Final figure, complete",2002,10209760,
China,2000,Rural,Both Sexes,20 - 24,Census - de jure - complete tabulation,"Final figure, complete",2002,53551287,1
China,2000,Rural,Both Sexes,21,Census - de jure - complete tabulation,"Final figure, complete",2002,10441939,1
China,2000,Rural,Both Sexes,22,Census - de jure - complete tabulation,"Final figure, complete",2002,10694576,1
China,2000,Rural,Both Sexes,23,Census - de jure - complete tabulation,"Final figure, complete",2002,10290560,1
China,2000,Rural,Both Sexes,24,Census - de jure - complete tabulation,"Final figure, complete",2002,11914452,1
China,2000,Rural,Both Sexes,25,Census - de jure - complete tabulation,"Final figure, complete",2002,12309644,1
China,2000,Rural,Both Sexes,25 - 29,Census - de jure - complete tabulation,"Final figure, complete",2002,68813749,1
China,2000,Rural,Both Sexes,26,Census - de jure - complete tabulation,"Final figure, complete",2002,13430646,1
China,2000,Rural,Both Sexes,27,Census - de jure - complete tabulation,"Final figure, complete",2002,13759143,1
China,2000,Rural,Both Sexes,28,Census - de jure - complete tabulation,"Final figure, complete",2002,14533503,1
China,2000,Rural,Both Sexes,29,Census - de jure - complete tabulation,"Final figure, complete",2002,14780813,1
China,2000,Rural,Both Sexes,30,Census - de jure - complete tabulation,"Final figure, complete",2002,16695128,1
China,2000,Rural,Both Sexes,30 - 34,Census - de jure - complete tabulation,"Final figure, complete",2002,77590658,1
China,2000,Rural,Both Sexes,31,Census - de jure - complete tabulation,"Final figure, complete",2002,14936662,1
China,2000,Rural,Both Sexes,32,Census - de jure - complete tabulation,"Final figure, complete",2002,16828596,1
China,2000,Rural,Both Sexes,33,Census - de jure - complete tabulation,"Final figure, complete",2002,13644990,1
China,2000,Rural,Both Sexes,34,Census - de jure - complete tabulation,"Final figure, complete",2002,15485282,1
China,2000,Rural,Both Sexes,35,Census - de jure - complete tabulation,"Final figure, complete",2002,15087047,1
China,2000,Rural,Both Sexes,35 - 39,Census - de jure - complete tabulation,"Final figure, complete",2002,64629131,1
China,2000,Rural,Both Sexes,36,Census - de jure - complete tabulation,"Final figure, complete",2002,14272934,1
China,2000,Rural,Both Sexes,37,Census - de jure - complete tabulation,"Final figure, complete",2002,16181916,1
China,2000,Rural,Both Sexes,38,Census - de jure - complete tabulation,"Final figure, complete",2002,12516776,1
China,2000,Rural,Both Sexes,39,Census - de jure - complete tabulation,"Final figure, complete",2002,6570458,1
China,2000,Rural,Both Sexes,40,Census - de jure - complete tabulation,"Final figure, complete",2002,8338802,1
China,2000,Rural,Both Sexes,40 - 44,Census - de jure - complete tabulation,"Final figure, complete",2002,47724335,1
China,2000,Rural,Both Sexes,41,Census - de jure - complete tabulation,"Final figure, complete",2002,7425514,1
China,2000,Rural,Both Sexes,42,Census - de jure - complete tabulation,"Final figure, complete",2002,9982982,1
China,2000,Rural,Both Sexes,43,Census - de jure - complete tabulation,"Final figure, complete",2002,11405892,1
China,2000,Rural,Both Sexes,44,Census - de jure - complete tabulation,"Final figure, complete",2002,10571145,1
China,2000,Rural,Both Sexes,45,Census - de jure - complete tabulation,"Final figure, complete",2002,11513504,1
China,2000,Rural,Both Sexes,45 - 49,Census - de jure - complete tabulation,"Final figure, complete",2002,53812339,1
China,2000,Rural,Both Sexes,46,Census - de jure - complete tabulation,"Final figure, complete",2002,11460095,1
China,2000,Rural,Both Sexes,47,Census - de jure - complete tabulation,"Final figure, complete",2002,10587156,1
China,2000,Rural,Both Sexes,48,Census - de jure - complete tabulation,"Final figure, complete",2002,11056319,1
China,2000,Rural,Both Sexes,49,Census - de jure - complete tabulation,"Final figure, complete",2002,9195265,1
China,2000,Rural,Both Sexes,50,Census - de jure - complete tabulation,"Final figure, complete",2002,9427795,1
China,2000,Rural,Both Sexes,50 - 54,Census - de jure - complete tabulation,"Final figure, complete",2002,40968452,1
China,2000,Rural,Both Sexes,51,Census - de jure - complete tabulation,"Final figure, complete",2002,8970228,1
China,2000,Rural,Both Sexes,52,Census - de jure - complete tabulation,"Final figure, complete",2002,7874775,1
China,2000,Rural,Both Sexes,53,Census - de jure - complete tabulation,"Final figure, complete",2002,7627327,
China,2000,Rural,Both Sexes,54,Census - de jure - complete tabulation,"Final figure, complete",2002,7068327,1
China,2000,Rural,Both Sexes,55,Census - de jure - complete tabulation,"Final figure, complete",2002,6608922,1
China,2000,Rural,Both Sexes,55 - 59,Census - de jure - complete tabulation,"Final figure, complete",2002,30365986,1
China,2000,Rural,Both Sexes,56,Census - de jure - complete tabulation,"Final figure, complete",2002,6411139,1
China,2000,Rural,Both Sexes,57,Census - de jure - complete tabulation,"Final figure, complete",2002,5804424,1
China,2000,Rural,Both Sexes,58,Census - de jure - complete tabulation,"Final figure, complete",2002,5751365,1
China,2000,Rural,Both Sexes,59,Census - de jure - complete tabulation,"Final figure, complete",2002,5790136,1
China,2000,Rural,Both Sexes,60,Census - de jure - complete tabulation,"Final figure, complete",2002,5906441,1
China,2000,Rural,Both Sexes,60 - 64,Census - de jure - complete tabulation,"Final figure, complete",2002,26759296,1
China,2000,Rural,Both Sexes,61,Census - de jure - complete tabulation,"Final figure, complete",2002,4816740,1
China,2000,Rural,Both Sexes,62,Census - de jure - complete tabulation,"Final figure, complete",2002,5517288,1
China,2000,Rural,Both Sexes,63,Census - de jure - complete tabulation,"Final figure, complete",2002,5221267,1
China,2000,Rural,Both Sexes,64,Census - de jure - complete tabulation,"Final figure, complete",2002,5297560,1
China,2000,Rural,Both Sexes,65,Census - de jure - complete tabulation,"Final figure, complete",2002,5046016,1
China,2000,Rural,Both Sexes,65 - 69,Census - de jure - complete tabulation,"Final figure, complete",2002,22605990,1
China,2000,Rural,Both Sexes,66,Census - de jure - complete tabulation,"Final figure, complete",2002,4660126,1
China,2000,Rural,Both Sexes,67,Census - de jure - complete tabulation,"Final figure, complete",2002,4829736,1
China,2000,Rural,Both Sexes,68,Census - de jure - complete tabulation,"Final figure, complete",2002,4272707,1
China,2000,Rural,Both Sexes,69,Census - de jure - complete tabulation,"Final figure, complete",2002,3797405,1
China,2000,Rural,Both Sexes,70,Census - de jure - complete tabulation,"Final figure, complete",2002,4322777,1
China,2000,Rural,Both Sexes,70 - 74,Census - de jure - complete tabulation,"Final figure, complete",2002,17094662,1
China,2000,Rural,Both Sexes,71,Census - de jure - complete tabulation,"Final figure, complete",2002,3334159,1
China,2000,Rural,Both Sexes,72,Census - de jure - complete tabulation,"Final figure, complete",2002,3596938,1
China,2000,Rural,Both Sexes,73,Census - de jure - complete tabulation,"Final figure, complete",2002,3095983,1
China,2000,Rural,Both Sexes,74,Census - de jure - complete tabulation,"Final figure, complete",2002,2744805,1
China,2000,Rural,Both Sexes,75,Census - de jure - complete tabulation,"Final figure, complete",2002,2782496,1
China,2000,Rural,Both Sexes,75 - 79,Census - de jure - complete tabulation,"Final figure, complete",2002,10928196,1
China,2000,Rural,Both Sexes,76,Census - de jure - complete tabulation,"Final figure, complete",2002,2453560,1
China,2000,Rural,Both Sexes,77,Census - de jure - complete tabulation,"Final figure, complete",2002,2081610,1
China,2000,Rural,Both Sexes,78,Census - de jure - complete tabulation,"Final figure, complete",2002,1948246,1
China,2000,Rural,Both Sexes,79,Census - de jure - complete tabulation,"Final figure, complete",2002,1662284,1
China,2000,Rural,Both Sexes,80,Census - de jure - complete tabulation,"Final figure, complete",2002,1611948,
China,2000,Rural,Both Sexes,80 - 84,Census - de jure - complete tabulation,"Final figure, complete",2002,5517142,1
China,2000,Rural,Both Sexes,81,Census - de jure - complete tabulation,"Final figure, complete",2002,1199336,1
China,2000,Rural,Both Sexes,82,Census - de jure - complete tabulation,"Final figure, complete",2002,1066150,1
China,2000,Rural,Both Sexes,83,Census - de jure - complete tabulation,"Final figure, complete",2002,893837,1
China,2000,Rural,Both Sexes,84,Census - de jure - complete tabulation,"Final figure, complete",2002,745871,1
China,2000,Rural,Both Sexes,85,Census - de jure - complete tabulation,"Final figure, complete",2002,614015,1
China,2000,Rural,Both Sexes,85 - 89,Census - de jure - complete tabulation,"Final figure, complete",2002,2036619,1
China,2000,Rural,Both Sexes,86,Census - de jure - complete tabulation,"Final figure, complete",2002,521235,1
China,2000,Rural,Both Sexes,87,Census - de jure - complete tabulation,"Final figure, complete",2002,389857,1
China,2000,Rural,Both Sexes,88,Census - de jure - complete tabulation,"Final figure, complete",2002,292517,1
China,2000,Rural,Both Sexes,89,Census - de jure - complete tabulation,"Final figure, complete",2002,218995,1
China,2000,Rural,Both Sexes,90,Census - de jure - complete tabulation,"Final figure, complete",2002,188508,1
China,2000,Rural,Both Sexes,90 - 94,Census - de jure - complete tabulation,"Final figure, complete",2002,507008,1
China,2000,Rural,Both Sexes,91,Census - de jure - complete tabulation,"Final figure, complete",2002,117083,1
China,2000,Rural,Both Sexes,92,Census - de jure - complete tabulation,"Final figure, complete",2002,89797,1
China,2000,Rural,Both Sexes,93,Census - de jure - complete tabulation,"Final figure, complete",2002,63813,1
China,2000,Rural,Both Sexes,94,Census - de jure - complete tabulation,"Final figure, complete",2002,47807,1
China,2000,Rural,Both Sexes,95,Census - de jure - complete tabulation,"Final figure, complete",2002,36943,1
China,2000,Rural,Both Sexes,95 - 99,Census - de jure - complete tabulation,"Final figure, complete",2002,107501,1
China,2000,Rural,Both Sexes,96,Census - de jure - complete tabulation,"Final figure, complete",2002,26481,1
China,2000,Rural,Both Sexes,97,Census - de jure - complete tabulation,"Final figure, complete",2002,19550,1
China,2000,Rural,Both Sexes,98,Census - de jure - complete tabulation,"Final figure, complete",2002,14991,1
China,2000,Rural,Both Sexes,99,Census - de jure - complete tabulation,"Final figure, complete",2002,9536,1
China,2000,Rural,Both Sexes,100 +,Census - de jure - complete tabulation,"Final figure, complete",2002,11682,1
China,2000,Rural,Male,Total,Census - de jure - complete tabulation,"Final figure, complete",2002,405011262,1
China,2000,Rural,Male,0,Census - de jure - complete tabulation,"Final figure, complete",2002,5083621,1
China,2000,Rural,Male,1,Census - de jure - complete tabulation,"Final figure, complete",2002,4193972,1
China,2000,Rural,Male,1 - 4,Census - de jure - complete tabulation,"Final figure, complete",2002,20662634,1
China,2000,Rural,Male,2,Census - de jure - complete tabulation,"Final figure, complete",2002,5296089,1
China,2000,Rural,Male,3,Census - de jure - complete tabulation,"Final figure, complete",2002,5452180,1
China,2000,Rural,Male,4,Census - de jure - complete tabulation,"Final figure, complete",2002,5720393,1
China,2000,Rural,Male,5,Census - de jure - complete tabulation,"Final figure, complete",2002,6404262,1
China,2000,Rural,Male,5 - 9,Census - de jure - complete tabulation,"Final figure, complete",2002,34122775,1
China,2000,Rural,Male,6,Census - de jure - complete tabulation,"Final figure, complete",2002,6152504,1
China,2000,Rural,Male,7,Census - de jure - complete tabulation,"Final figure, complete",2002,6754481,1
China,2000,Rural,Male,8,Census - de jure - complete tabulation,"Final figure, complete",2002,7136746,1
China,2000,Rural,Male,9,Census - de jure - complete tabulation,"Final figure, complete",2002,7674782,1
China,2000,Rural,Male,10,Census - de jure - complete tabulation,"Final figure, complete",2002,10033100,1
China,2000,Rural,Male,10 - 14,Census - de jure - complete tabulation,"Final figure, complete",2002,46643432,1
China,2000,Rural,Male,11,Census - de jure - complete tabulation,"Final figure, complete",2002,9369048,1
China,2000,Rural,Male,12,Census - de jure - complete tabulation,"Final figure, complete",2002,9074347,1
China,2000,Rural,Male,13,Census - de jure - complete tabulation,"Final figure, complete",2002,9697318,1
China,2000,Rural,Male,14,Census - de jure - complete tabulation,"Final figure, complete",2002,8469619,1
China,2000,Rural,Male,15,Census - de jure - complete tabulation,"Final figure, complete",2002,7237068,
China,2000,Rural,Male,15 - 19,Census - de jure - complete tabulation,"Final figure, complete",2002,31791259,1
China,2000,Rural,Male,16,Census - de jure - complete tabulation,"Final figure, complete",2002,6646727,1
China,2000,Rural,Male,17,Census - de jure - complete tabulation,"Final figure, complete",2002,5969525,1
China,2000,Rural,Male,18,Census - de jure - complete tabulation,"Final figure, complete",2002,6571206,1
China,2000,Rural,Male,19,Census - de jure - complete tabulation,"Final figure, complete",2002,5366733,1
China,2000,Rural,Male,20,Census - de jure - complete tabulation,"Final figure, complete",2002,5188485,
China,2000,Rural,Male,20 - 24,Census - de jure - complete tabulation,"Final figure, complete",2002,27286405,1
China,2000,Rural,Male,21,Census - de jure - complete tabulation,"Final figure, complete",2002,5265165,1
China,2000,Rural,Male,22,Census - de jure - complete tabulation,"Final figure, complete",2002,5420600,1
China,2000,Rural,Male,23,Census - de jure - complete tabulation,"Final figure, complete",2002,5284647,1
China,2000,Rural,Male,24,Census - de jure - complete tabulation,"Final figure, complete",2002,6127508,1
China,2000,Rural,Male,25,Census - de jure - complete tabulation,"Final figure, complete",2002,6333293,1
China,2000,Rural,Male,25 - 29,Census - de jure - complete tabulation,"Final figure, complete",2002,35410037,1
China,2000,Rural,Male,26,Census - de jure - complete tabulation,"Final figure, complete",2002,6910880,1
China,2000,Rural,Male,27,Census - de jure - complete tabulation,"Final figure, complete",2002,7099327,1
China,2000,Rural,Male,28,Census - de jure - complete tabulation,"Final figure, complete",2002,7467587,1
China,2000,Rural,Male,29,Census - de jure - complete tabulation,"Final figure, complete",2002,7598950,1
China,2000,Rural,Male,30,Census - de jure - complete tabulation,"Final figure, complete",2002,8542239,1
China,2000,Rural,Male,30 - 34,Census - de jure - complete tabulation,"Final figure, complete",2002,39599888,1
China,2000,Rural,Male,31,Census - de jure - complete tabulation,"Final figure, complete",2002,7618156,1
China,2000,Rural,Male,32,Census - de jure - complete tabulation,"Final figure, complete",2002,8604082,1
China,2000,Rural,Male,33,Census - de jure - complete tabulation,"Final figure, complete",2002,6935279,1
China,2000,Rural,Male,34,Census - de jure - complete tabulation,"Final figure, complete",2002,7900132,1
China,2000,Rural,Male,35,Census - de jure - complete tabulation,"Final figure, complete",2002,7710594,1
China,2000,Rural,Male,35 - 39,Census - de jure - complete tabulation,"Final figure, complete",2002,32871502,1
China,2000,Rural,Male,36,Census - de jure - complete tabulation,"Final figure, complete",2002,7226314,1
China,2000,Rural,Male,37,Census - de jure - complete tabulation,"Final figure, complete",2002,8266797,1
China,2000,Rural,Male,38,Census - de jure - complete tabulation,"Final figure, complete",2002,6377616,1
China,2000,Rural,Male,39,Census - de jure - complete tabulation,"Final figure, complete",2002,3290181,1
China,2000,Rural,Male,40,Census - de jure - complete tabulation,"Final figure, complete",2002,4278104,1
China,2000,Rural,Male,40 - 44,Census - de jure - complete tabulation,"Final figure, complete",2002,24744004,1
China,2000,Rural,Male,41,Census - de jure - complete tabulation,"Final figure, complete",2002,3863806,1
China,2000,Rural,Male,42,Census - de jure - complete tabulation,"Final figure, complete",2002,5219987,1
China,2000,Rural,Male,43,Census - de jure - complete tabulation,"Final figure, complete",2002,5942805,1
China,2000,Rural,Male,44,Census - de jure - complete tabulation,"Final figure, complete",2002,5439302,1
China,2000,Rural,Male,45,Census - de jure - complete tabulation,"Final figure, complete",2002,5976749,1
China,2000,Rural,Male,45 - 49,Census - de jure - complete tabulation,"Final figure, complete",2002,27694279,1
China,2000,Rural,Male,46,Census - de jure - complete tabulation,"Final figure, complete",2002,5904226,1
China,2000,Rural,Male,47,Census - de jure - complete tabulation,"Final figure, complete",2002,5434365,1
China,2000,Rural,Male,48,Census - de jure - complete tabulation,"Final figure, complete",2002,5690484,1
China,2000,Rural,Male,49,Census - de jure - complete tabulation,"Final figure, complete",2002,4688455,1
China,2000,Rural,Male,50,Census - de jure - complete tabulation,"Final figure, complete",2002,4857278,1
China,2000,Rural,Male,50 - 54,Census - de jure - complete tabulation,"Final figure, complete",2002,21341811,1
China,2000,Rural,Male,51,Census - de jure - complete tabulation,"Final figure, complete",2002,4721474,1
China,2000,Rural,Male,52,Census - de jure - complete tabulation,"Final figure, complete",2002,4111557,1
China,2000,Rural,Male,53,Census - de jure - complete tabulation,"Final figure, complete",2002,3993917,
China,2000,Rural,Male,54,Census - de jure - complete tabulation,"Final figure, complete",2002,3657585,1
China,2000,Rural,Male,55,Census - de jure - complete tabulation,"Final figure, complete",2002,3439038,1
China,2000,Rural,Male,55 - 59,Census - de jure - complete tabulation,"Final figure, complete",2002,15984347,1
China,2000,Rural,Male,56,Census - de jure - complete tabulation,"Final figure, complete",2002,3386035,1
China,2000,Rural,Male,57,Census - de jure - complete tabulation,"Final figure, complete",2002,3046965,1
China,2000,Rural,Male,58,Census - de jure - complete tabulation,"Final figure, complete",2002,3040607,1
China,2000,Rural,Male,59,Census - de jure - complete tabulation,"Final figure, complete",2002,3071702,1
China,2000,Rural,Male,60,Census - de jure - complete tabulation,"Final figure, complete",2002,3140485,1
China,2000,Rural,Male,60 - 64,Census - de jure - complete tabulation,"Final figure, complete",2002,14155101,1
China,2000,Rural,Male,61,Census - de jure - complete tabulation,"Final figure, complete",2002,2550275,1
China,2000,Rural,Male,62,Census - de jure - complete tabulation,"Final figure, complete",2002,2950888,1
China,2000,Rural,Male,63,Census - de jure - complete tabulation,"Final figure, complete",2002,2756148,1
China,2000,Rural,Male,64,Census - de jure - complete tabulation,"Final figure, complete",2002,2757305,1
China,2000,Rural,Male,65,Census - de jure - complete tabulation,"Final figure, complete",2002,2577813,1
China,2000,Rural,Male,65 - 69,Census - de jure - complete tabulation,"Final figure, complete",2002,11420743,1
China,2000,Rural,Male,66,Census - de jure - complete tabulation,"Final figure, complete",2002,2368460,1
China,2000,Rural,Male,67,Census - de jure - complete tabulation,"Final figure, complete",2002,2464145,1
China,2000,Rural,Male,68,Census - de jure - complete tabulation,"Final figure, complete",2002,2128601,1
China,2000,Rural,Male,69,Census - de jure - complete tabulation,"Final figure, complete",2002,1881724,1
China,2000,Rural,Male,70,Census - de jure - complete tabulation,"Final figure, complete",2002,2113865,1
China,2000,Rural,Male,70 - 74,Census - de jure - complete tabulation,"Final figure, complete",2002,8219961,1
China,2000,Rural,Male,71,Census - de jure - complete tabulation,"Final figure, complete",2002,1613493,1
China,2000,Rural,Male,72,Census - de jure - complete tabulation,"Final figure, complete",2002,1733515,1
China,2000,Rural,Male,73,Census - de jure - complete tabulation,"Final figure, complete",2002,1475778,1
China,2000,Rural,Male,74,Census - de jure - complete tabulation,"Final figure, complete",2002,1283310,1
China,2000,Rural,Male,75,Census - de jure - complete tabulation,"Final figure, complete",2002,1281549,1
China,2000,Rural,Male,75 - 79,Census - de jure - complete tabulation,"Final figure, complete",2002,4884268,1
China,2000,Rural,Male,76,Census - de jure - complete tabulation,"Final figure, complete",2002,1109854,1
China,2000,Rural,Male,77,Census - de jure - complete tabulation,"Final figure, complete",2002,925203,1
China,2000,Rural,Male,78,Census - de jure - complete tabulation,"Final figure, complete",2002,855416,1
China,2000,Rural,Male,79,Census - de jure - complete tabulation,"Final figure, complete",2002,712246,1
China,2000,Rural,Male,80,Census - de jure - complete tabulation,"Final figure, complete",2002,664120,
China,2000,Rural,Male,80 - 84,Census - de jure - complete tabulation,"Final figure, complete",2002,2199509,1
China,2000,Rural,Male,81,Census - de jure - complete tabulation,"Final figure, complete",2002,487887,1
China,2000,Rural,Male,82,Census - de jure - complete tabulation,"Final figure, complete",2002,421018,1
China,2000,Rural,Male,83,Census - de jure - complete tabulation,"Final figure, complete",2002,346167,1
China,2000,Rural,Male,84,Census - de jure - complete tabulation,"Final figure, complete",2002,280317,1
China,2000,Rural,Male,85,Census - de jure - complete tabulation,"Final figure, complete",2002,222243,1
China,2000,Rural,Male,85 - 89,Census - de jure - complete tabulation,"Final figure, complete",2002,709391,1
China,2000,Rural,Male,86,Census - de jure - complete tabulation,"Final figure, complete",2002,185072,1
China,2000,Rural,Male,87,Census - de jure - complete tabulation,"Final figure, complete",2002,133639,1
China,2000,Rural,Male,88,Census - de jure - complete tabulation,"Final figure, complete",2002,97640,1
China,2000,Rural,Male,89,Census - de jure - complete tabulation,"Final figure, complete",2002,70797,1
China,2000,Rural,Male,90,Census - de jure - complete tabulation,"Final figure, complete",2002,58281,1
China,2000,Rural,Male,90 - 94,Census - de jure - complete tabulation,"Final figure, complete",2002,149569,1
China,2000,Rural,Male,91,Census - de jure - complete tabulation,"Final figure, complete",2002,34622,1
China,2000,Rural,Male,92,Census - de jure - complete tabulation,"Final figure, complete",2002,26103,1
China,2000,Rural,Male,93,Census - de jure - complete tabulation,"Final figure, complete",2002,17852,1
China,2000,Rural,Male,94,Census - de jure - complete tabulation,"Final figure, complete",2002,12711,1
China,2000,Rural,Male,95,Census - de jure - complete tabulation,"Final figure, complete",2002,10941,1
China,2000,Rural,Male,95 - 99,Census - de jure - complete tabulation,"Final figure, complete",2002,33546,1
China,2000,Rural,Male,96,Census - de jure - complete tabulation,"Final figure, complete",2002,8125,1
China,2000,Rural,Male,97,Census - de jure - complete tabulation,"Final figure, complete",2002,6493,1
China,2000,Rural,Male,98,Census - de jure - complete tabulation,"Final figure, complete",2002,5053,1
China,2000,Rural,Male,99,Census - de jure - complete tabulation,"Final figure, complete",2002,2934,1
China,2000,Rural,Male,100 +,Census - de jure - complete tabulation,"Final figure, complete",2002,3180,1
China,2000,Rural,Female,Total,Census - de jure - complete tabulation,"Final figure, complete",2002,378829981,1
China,2000,Rural,Female,0,Census - de jure - complete tabulation,"Final figure, complete",2002,4261158,1
China,2000,Rural,Female,1,Census - de jure - complete tabulation,"Final figure, complete",2002,3342166,1
China,2000,Rural,Female,1 - 4,Census - de jure - complete tabulation,"Final figure, complete",2002,16852244,1
China,2000,Rural,Female,2,Census - de jure - complete tabulation,"Final figure, complete",2002,4267929,1
China,2000,Rural,Female,3,Census - de jure - complete tabulation,"Final figure, complete",2002,4461714,1
China,2000,Rural,Female,4,Census - de jure - complete tabulation,"Final figure, complete",2002,4780435,1
China,2000,Rural,Female,5,Census - de jure - complete tabulation,"Final figure, complete",2002,5398124,1
China,2000,Rural,Female,5 - 9,Census - de jure - complete tabulation,"Final figure, complete",2002,29441449,1
China,2000,Rural,Female,6,Census - de jure - complete tabulation,"Final figure, complete",2002,5238511,1
China,2000,Rural,Female,7,Census - de jure - complete tabulation,"Final figure, complete",2002,5835053,1
China,2000,Rural,Female,8,Census - de jure - complete tabulation,"Final figure, complete",2002,6212375,1
China,2000,Rural,Female,9,Census - de jure - complete tabulation,"Final figure, complete",2002,6757386,1
China,2000,Rural,Female,10,Census - de jure - complete tabulation,"Final figure, complete",2002,9024229,1
China,2000,Rural,Female,10 - 14,Census - de jure - complete tabulation,"Final figure, complete",2002,42950317,1
China,2000,Rural,Female,11,Census - de jure - complete tabulation,"Final figure, complete",2002,8628948,1
China,2000,Rural,Female,12,Census - de jure - complete tabulation,"Final figure, complete",2002,8405557,1
China,2000,Rural,Female,13,Census - de jure - complete tabulation,"Final figure, complete",2002,9035327,1
China,2000,Rural,Female,14,Census - de jure - complete tabulation,"Final figure, complete",2002,7856256,1
China,2000,Rural,Female,15,Census - de jure - complete tabulation,"Final figure, complete",2002,6625538,
China,2000,Rural,Female,15 - 19,Census - de jure - complete tabulation,"Final figure, complete",2002,29008321,1
China,2000,Rural,Female,16,Census - de jure - complete tabulation,"Final figure, complete",2002,6044292,1
China,2000,Rural,Female,17,Census - de jure - complete tabulation,"Final figure, complete",2002,5378461,1
China,2000,Rural,Female,18,Census - de jure - complete tabulation,"Final figure, complete",2002,5972167,1
China,2000,Rural,Female,19,Census - de jure - complete tabulation,"Final figure, complete",2002,4987863,1
China,2000,Rural,Female,20,Census - de jure - complete tabulation,"Final figure, complete",2002,5021275,
China,2000,Rural,Female,20 - 24,Census - de jure - complete tabulation,"Final figure, complete",2002,26264882,1
China,2000,Rural,Female,21,Census - de jure - complete tabulation,"Final figure, complete",2002,5176774,1
China,2000,Rural,Female,22,Census - de jure - complete tabulation,"Final figure, complete",2002,5273976,1
China,2000,Rural,Female,23,Census - de jure - complete tabulation,"Final figure, complete",2002,5005913,1
China,2000,Rural,Female,24,Census - de jure - complete tabulation,"Final figure, complete",2002,5786944,1
China,2000,Rural,Female,25,Census - de jure - complete tabulation,"Final figure, complete",2002,5976351,1
China,2000,Rural,Female,25 - 29,Census - de jure - complete tabulation,"Final figure, complete",2002,33403712,1
China,2000,Rural,Female,26,Census - de jure - complete tabulation,"Final figure, complete",2002,6519766,1
China,2000,Rural,Female,27,Census - de jure - complete tabulation,"Final figure, complete",2002,6659816,1
China,2000,Rural,Female,28,Census - de jure - complete tabulation,"Final figure, complete",2002,7065916,1
China,2000,Rural,Female,29,Census - de jure - complete tabulation,"Final figure, complete",2002,7181863,1
China,2000,Rural,Female,30,Census - de jure - complete tabulation,"Final figure, complete",2002,8152889,1
China,2000,Rural,Female,30 - 34,Census - de jure - complete tabulation,"Final figure, complete",2002,37990770,1
China,2000,Rural,Female,31,Census - de jure - complete tabulation,"Final figure, complete",2002,7318506,1
China,2000,Rural,Female,32,Census - de jure - complete tabulation,"Final figure, complete",2002,8224514,1
China,2000,Rural,Female,33,Census - de jure - complete tabulation,"Final figure, complete",2002,6709711,1
China,2000,Rural,Female,34,Census - de jure - complete tabulation,"Final figure, complete",2002,7585150,1
China,2000,Rural,Female,35,Census - de jure - complete tabulation,"Final figure, complete",2002,7376453,1
China,2000,Rural,Female,35 - 39,Census - de jure - complete tabulation,"Final figure, complete",2002,31757629,1
China,2000,Rural,Female,36,Census - de jure - complete tabulation,"Final figure, complete",2002,7046620,1
China,2000,Rural,Female,37,Census - de jure - complete tabulation,"Final figure, complete",2002,7915119,1
China,2000,Rural,Female,38,Census - de jure - complete tabulation,"Final figure, complete",2002,6139160,1
China,2000,Rural,Female,39,Census - de jure - complete tabulation,"Final figure, complete",2002,3280277,1
China,2000,Rural,Female,40,Census - de jure - complete tabulation,"Final figure, complete",2002,4060698,1
China,2000,Rural,Female,40 - 44,Census - de jure - complete tabulation,"Final figure, complete",2002,22980331,1
China,2000,Rural,Female,41,Census - de jure - complete tabulation,"Final figure, complete",2002,3561708,1
China,2000,Rural,Female,42,Census - de jure - complete tabulation,"Final figure, complete",2002,4762995,1
China,2000,Rural,Female,43,Census - de jure - complete tabulation,"Final figure, complete",2002,5463087,1
China,2000,Rural,Female,44,Census - de jure - complete tabulation,"Final figure, complete",2002,5131843,1
China,2000,Rural,Female,45,Census - de jure - complete tabulation,"Final figure, complete",2002,5536755,1
China,2000,Rural,Female,45 - 49,Census - de jure - complete tabulation,"Final figure, complete",2002,26118060,1
China,2000,Rural,Female,46,Census - de jure - complete tabulation,"Final figure, complete",2002,5555869,1
China,2000,Rural,Female,47,Census - de jure - complete tabulation,"Final figure, complete",2002,5152791,1
China,2000,Rural,Female,48,Census - de jure - complete tabulation,"Final figure, complete",2002,5365835,1
China,2000,Rural,Female,49,Census - de jure - complete tabulation,"Final figure, complete",2002,4506810,1
China,2000,Rural,Female,50,Census - de jure - complete tabulation,"Final figure, complete",2002,4570517,1
China,2000,Rural,Female,50 - 54,Census - de jure - complete tabulation,"Final figure, complete",2002,19626641,1
China,2000,Rural,Female,51,Census - de jure - complete tabulation,"Final figure, complete",2002,4248754,1
China,2000,Rural,Female,52,Census - de jure - complete tabulation,"Final figure, complete",2002,3763218,1
China,2000,Rural,Female,53,Census - de jure - complete tabulation,"Final figure, complete",2002,3633410,
China,2000,Rural,Female,54,Census - de jure - complete tabulation,"Final figure, complete",2002,3410742,1
China,2000,Rural,Female,55,Census - de jure - complete tabulation,"Final figure, complete",2002,3169884,1
China,2000,Rural,Female,55 - 59,Census - de jure - complete tabulation,"Final figure, complete",2002,14381639,1
China,2000,Rural,Female,56,Census - de jure - complete tabulation,"Final figure, complete",2002,3025104,1
China,2000,Rural,Female,57,Census - de jure - complete tabulation,"Final figure, complete",2002,2757459,1
China,2000,Rural,Female,58,Census - de jure - complete tabulation,"Final figure, complete",2002,2710758,1
China,2000,Rural,Female,59,Census - de jure - complete tabulation,"Final figure, complete",2002,2718434,1
China,2000,Rural,Female,60,Census - de jure - complete tabulation,"Final figure, complete",2002,2765956,1
China,2000,Rural,Female,60 - 64,Census - de jure - complete tabulation,"Final figure, complete",2002,12604195,1
China,2000,Rural,Female,61,Census - de jure - complete tabulation,"Final figure, complete",2002,2266465,1
China,2000,Rural,Female,62,Census - de jure - complete tabulation,"Final figure, complete",2002,2566400,1
China,2000,Rural,Female,63,Census - de jure - complete tabulation,"Final figure, complete",2002,2465119,1
China,2000,Rural,Female,64,Census - de jure - complete tabulation,"Final figure, complete",2002,2540255,1
China,2000,Rural,Female,65,Census - de jure - complete tabulation,"Final figure, complete",2002,2468203,1
China,2000,Rural,Female,65 - 69,Census - de jure - complete tabulation,"Final figure, complete",2002,11185247,1
China,2000,Rural,Female,66,Census - de jure - complete tabulation,"Final figure, complete",2002,2291666,1
China,2000,Rural,Female,67,Census - de jure - complete tabulation,"Final figure, complete",2002,2365591,1
China,2000,Rural,Female,68,Census - de jure - complete tabulation,"Final figure, complete",2002,2144106,1
China,2000,Rural,Female,69,Census - de jure - complete tabulation,"Final figure, complete",2002,1915681,1
China,2000,Rural,Female,70,Census - de jure - complete tabulation,"Final figure, complete",2002,2208912,1
China,2000,Rural,Female,70 - 74,Census - de jure - complete tabulation,"Final figure, complete",2002,8874701,1
China,2000,Rural,Female,71,Census - de jure - complete tabulation,"Final figure, complete",2002,1720666,1
China,2000,Rural,Female,72,Census - de jure - complete tabulation,"Final figure, complete",2002,1863423,1
China,2000,Rural,Female,73,Census - de jure - complete tabulation,"Final figure, complete",2002,1620205,1
China,2000,Rural,Female,74,Census - de jure - complete tabulation,"Final figure, complete",2002,1461495,1
China,2000,Rural,Female,75,Census - de jure - complete tabulation,"Final figure, complete",2002,1500947,1
China,2000,Rural,Female,75 - 79,Census - de jure - complete tabulation,"Final figure, complete",2002,6043928,1
China,2000,Rural,Female,76,Census - de jure - complete tabulation,"Final figure, complete",2002,1343706,1
China,2000,Rural,Female,77,Census - de jure - complete tabulation,"Final figure, complete",2002,1156407,1
China,2000,Rural,Female,78,Census - de jure - complete tabulation,"Final figure, complete",2002,1092830,1
China,2000,Rural,Female,79,Census - de jure - complete tabulation,"Final figure, complete",2002,950038,1
China,2000,Rural,Female,80,Census - de jure - complete tabulation,"Final figure, complete",2002,947828,
China,2000,Rural,Female,80 - 84,Census - de jure - complete tabulation,"Final figure, complete",2002,3317633,1
China,2000,Rural,Female,81,Census - de jure - complete tabulation,"Final figure, complete",2002,711449,1
China,2000,Rural,Female,82,Census - de jure - complete tabulation,"Final figure, complete",2002,645132,1
China,2000,Rural,Female,83,Census - de jure - complete tabulation,"Final figure, complete",2002,547670,1
China,2000,Rural,Female,84,Census - de jure - complete tabulation,"Final figure, complete",2002,465554,1
China,2000,Rural,Female,85,Census - de jure - complete tabulation,"Final figure, complete",2002,391772,1
China,2000,Rural,Female,85 - 89,Census - de jure - complete tabulation,"Final figure, complete",2002,1327228,1
China,2000,Rural,Female,86,Census - de jure - complete tabulation,"Final figure, complete",2002,336163,1
China,2000,Rural,Female,87,Census - de jure - complete tabulation,"Final figure, complete",2002,256218,1
China,2000,Rural,Female,88,Census - de jure - complete tabulation,"Final figure, complete",2002,194877,1
China,2000,Rural,Female,89,Census - de jure - complete tabulation,"Final figure, complete",2002,148198,1
China,2000,Rural,Female,90,Census - de jure - complete tabulation,"Final figure, complete",2002,130227,1
China,2000,Rural,Female,90 - 94,Census - de jure - complete tabulation,"Final figure, complete",2002,357439,1
China,2000,Rural,Female,91,Census - de jure - complete tabulation,"Final figure, complete",2002,82461,1
China,2000,Rural,Female,92,Census - de jure - complete tabulation,"Final figure, complete",2002,63694,1
China,2000,Rural,Female,93,Census - de jure - complete tabulation,"Final figure, complete",2002,45961,1
China,2000,Rural,Female,94,Census - de jure - complete tabulation,"Final figure, complete",2002,35096,1
China,2000,Rural,Female,95,Census - de jure - complete tabulation,"Final figure, complete",2002,26002,1
China,2000,Rural,Female,95 - 99,Census - de jure - complete tabulation,"Final figure, complete",2002,73955,1
China,2000,Rural,Female,96,Census - de jure - complete tabulation,"Final figure, complete",2002,18356,1
China,2000,Rural,Female,97,Census - de jure - complete tabulation,"Final figure, complete",2002,13057,1
China,2000,Rural,Female,98,Census - de jure - complete tabulation,"Final figure, complete",2002,9938,1
China,2000,Rural,Female,99,Census - de jure - complete tabulation,"Final figure, complete",2002,6602,1
China,2000,Rural,Female,100 +,Census - de jure - complete tabulation,"Final figure, complete",2002,8502,1
China,1990,Total,Both Sexes,Total,Census - de facto - complete tabulation,"Final figure, complete",1993,1130510638,"1,5"
China,1990,Total,Both Sexes,0,Census - de facto - complete tabulation,"Final figure, complete",1993,23220851,"1,5"
China,1990,Total,Both Sexes,1,Census - de facto - complete tabulation,"Final figure, complete",1993,23331877,"1,5"
China,1990,Total,Both Sexes,1 - 4,Census - de facto - complete tabulation,"Final figure, complete",1993,93217568,"1,5"
China,1990,Total,Both Sexes,2,Census - de facto - complete tabulation,"Final figure, complete",1993,24180595,"1,5"
China,1990,Total,Both Sexes,3,Census - de facto - complete tabulation,"Final figure, complete",1993,24294365,"1,5"
China,1990,Total,Both Sexes,4,Census - de facto - complete tabulation,"Final figure, complete",1993,21410731,"1,5"
China,1990,Total,Both Sexes,5,Census - de facto - complete tabulation,"Final figure, complete",1993,19982290,"1,5"
China,1990,Total,Both Sexes,5 - 9,Census - de facto - complete tabulation,"Final figure, complete",1993,99336743,"1,5"
China,1990,Total,Both Sexes,6,Census - de facto - complete tabulation,"Final figure, complete",1993,19056078,"1,5"
China,1990,Total,Both Sexes,7,Census - de facto - complete tabulation,"Final figure, complete",1993,20196487,"1,5"
China,1990,Total,Both Sexes,8,Census - de facto - complete tabulation,"Final figure, complete",1993,22015342,"1,5"
China,1990,Total,Both Sexes,9,Census - de facto - complete tabulation,"Final figure, complete",1993,18086546,"1,5"
China,1990,Total,Both Sexes,10,Census - de facto - complete tabulation,"Final figure, complete",1993,19224062,"1,5"
China,1990,Total,Both Sexes,10 - 14,Census - de facto - complete tabulation,"Final figure, complete",1993,97226692,"1,5"
China,1990,Total,Both Sexes,11,Census - de facto - complete tabulation,"Final figure, complete",1993,19310091,"1,5"
China,1990,Total,Both Sexes,12,Census - de facto - complete tabulation,"Final figure, complete",1993,18864678,"1,5"
China,1990,Total,Both Sexes,13,Census - de facto - complete tabulation,"Final figure, complete",1993,19367292,"1,5"
China,1990,Total,Both Sexes,14,Census - de facto - complete tabulation,"Final figure, complete",1993,20460569,"1,5"
China,1990,Total,Both Sexes,15,Census - de facto - complete tabulation,"Final figure, complete",1993,21643791,1
China,1990,Total,Both Sexes,15 - 19,Census - de facto - complete tabulation,"Final figure, complete",1993,120158421,"1,5"
China,1990,Total,Both Sexes,16,Census - de facto - complete tabulation,"Final figure, complete",1993,23487567,"1,5"
China,1990,Total,Both Sexes,17,Census - de facto - complete tabulation,"Final figure, complete",1993,24536599,"1,5"
China,1990,Total,Both Sexes,18,Census - de facto - complete tabulation,"Final figure, complete",1993,24496002,"1,5"
China,1990,Total,Both Sexes,19,Census - de facto - complete tabulation,"Final figure, complete",1993,25994462,"1,5"
China,1990,Total,Both Sexes,20,Census - de facto - complete tabulation,"Final figure, complete",1993,26036065,1
China,1990,Total,Both Sexes,20 - 24,Census - de facto - complete tabulation,"Final figure, complete",1993,125761174,"1,5"
China,1990,Total,Both Sexes,21,Census - de facto - complete tabulation,"Final figure, complete",1993,27155679,"1,5"
China,1990,Total,Both Sexes,22,Census - de facto - complete tabulation,"Final figure, complete",1993,24552078,"1,5"
China,1990,Total,Both Sexes,23,Census - de facto - complete tabulation,"Final figure, complete",1993,22823165,"1,5"
China,1990,Total,Both Sexes,24,Census - de facto - complete tabulation,"Final figure, complete",1993,25194187,"1,5"
China,1990,Total,Both Sexes,25,Census - de facto - complete tabulation,"Final figure, complete",1993,24520614,"1,5"
China,1990,Total,Both Sexes,25 - 29,Census - de facto - complete tabulation,"Final figure, complete",1993,104267525,"1,5"
China,1990,Total,Both Sexes,26,Census - de facto - complete tabulation,"Final figure, complete",1993,25287489,"1,5"
China,1990,Total,Both Sexes,27,Census - de facto - complete tabulation,"Final figure, complete",1993,27026864,"1,5"
China,1990,Total,Both Sexes,28,Census - de facto - complete tabulation,"Final figure, complete",1993,15928062,"1,5"
China,1990,Total,Both Sexes,29,Census - de facto - complete tabulation,"Final figure, complete",1993,11504496,"1,5"
China,1990,Total,Both Sexes,30,Census - de facto - complete tabulation,"Final figure, complete",1993,14443119,"1,5"
China,1990,Total,Both Sexes,30 - 34,Census - de facto - complete tabulation,"Final figure, complete",1993,83875707,"1,5"
China,1990,Total,Both Sexes,31,Census - de facto - complete tabulation,"Final figure, complete",1993,14378626,"1,5"
China,1990,Total,Both Sexes,32,Census - de facto - complete tabulation,"Final figure, complete",1993,19060366,"1,5"
China,1990,Total,Both Sexes,33,Census - de facto - complete tabulation,"Final figure, complete",1993,18350283,"1,5"
China,1990,Total,Both Sexes,34,Census - de facto - complete tabulation,"Final figure, complete",1993,17643313,"1,5"
China,1990,Total,Both Sexes,35,Census - de facto - complete tabulation,"Final figure, complete",1993,19377065,"1,5"
China,1990,Total,Both Sexes,35 - 39,Census - de facto - complete tabulation,"Final figure, complete",1993,86351812,"1,5"
China,1990,Total,Both Sexes,36,Census - de facto - complete tabulation,"Final figure, complete",1993,18330697,"1,5"
China,1990,Total,Both Sexes,37,Census - de facto - complete tabulation,"Final figure, complete",1993,17226144,"1,5"
China,1990,Total,Both Sexes,38,Census - de facto - complete tabulation,"Final figure, complete",1993,16887297,"1,5"
China,1990,Total,Both Sexes,39,Census - de facto - complete tabulation,"Final figure, complete",1993,14530609,"1,5"
China,1990,Total,Both Sexes,40,Census - de facto - complete tabulation,"Final figure, complete",1993,15342107,"1,5"
China,1990,Total,Both Sexes,40 - 44,Census - de facto - complete tabulation,"Final figure, complete",1993,63707664,"1,5"
China,1990,Total,Both Sexes,41,Census - de facto - complete tabulation,"Final figure, complete",1993,13010398,"1,5"
China,1990,Total,Both Sexes,42,Census - de facto - complete tabulation,"Final figure, complete",1993,12392389,"1,5"
China,1990,Total,Both Sexes,43,Census - de facto - complete tabulation,"Final figure, complete",1993,11950704,"1,5"
China,1990,Total,Both Sexes,44,Census - de facto - complete tabulation,"Final figure, complete",1993,11012066,"1,5"
China,1990,Total,Both Sexes,45,Census - de facto - complete tabulation,"Final figure, complete",1993,10465110,"1,5"
China,1990,Total,Both Sexes,45 - 49,Census - de facto - complete tabulation,"Final figure, complete",1993,49087941,"1,5"
China,1990,Total,Both Sexes,46,Census - de facto - complete tabulation,"Final figure, complete",1993,9953414,"1,5"
China,1990,Total,Both Sexes,47,Census - de facto - complete tabulation,"Final figure, complete",1993,9445561,"1,5"
China,1990,Total,Both Sexes,48,Census - de facto - complete tabulation,"Final figure, complete",1993,9670367,"1,5"
China,1990,Total,Both Sexes,49,Census - de facto - complete tabulation,"Final figure, complete",1993,9553489,"1,5"
China,1990,Total,Both Sexes,50,Census - de facto - complete tabulation,"Final figure, complete",1993,9248199,"1,5"
China,1990,Total,Both Sexes,50 - 54,Census - de facto - complete tabulation,"Final figure, complete",1993,45619559,"1,5"
China,1990,Total,Both Sexes,51,Census - de facto - complete tabulation,"Final figure, complete",1993,8942550,"1,5"
China,1990,Total,Both Sexes,52,Census - de facto - complete tabulation,"Final figure, complete",1993,9233016,"1,5"
China,1990,Total,Both Sexes,53,Census - de facto - complete tabulation,"Final figure, complete",1993,9098119,1
China,1990,Total,Both Sexes,54,Census - de facto - complete tabulation,"Final figure, complete",1993,9097675,"1,5"
China,1990,Total,Both Sexes,55,Census - de facto - complete tabulation,"Final figure, complete",1993,8804360,"1,5"
China,1990,Total,Both Sexes,55 - 59,Census - de facto - complete tabulation,"Final figure, complete",1993,41709335,"1,5"
China,1990,Total,Both Sexes,56,Census - de facto - complete tabulation,"Final figure, complete",1993,8802518,"1,5"
China,1990,Total,Both Sexes,57,Census - de facto - complete tabulation,"Final figure, complete",1993,8620744,"1,5"
China,1990,Total,Both Sexes,58,Census - de facto - complete tabulation,"Final figure, complete",1993,7846915,"1,5"
China,1990,Total,Both Sexes,59,Census - de facto - complete tabulation,"Final figure, complete",1993,7634798,"1,5"
China,1990,Total,Both Sexes,60,Census - de facto - complete tabulation,"Final figure, complete",1993,7730945,"1,5"
China,1990,Total,Both Sexes,60 - 64,Census - de facto - complete tabulation,"Final figure, complete",1993,33976254,"1,5"
China,1990,Total,Both Sexes,61,Census - de facto - complete tabulation,"Final figure, complete",1993,6966479,"1,5"
China,1990,Total,Both Sexes,62,Census - de facto - complete tabulation,"Final figure, complete",1993,7060132,"1,5"
China,1990,Total,Both Sexes,63,Census - de facto - complete tabulation,"Final figure, complete",1993,6233873,"1,5"
China,1990,Total,Both Sexes,64,Census - de facto - complete tabulation,"Final figure, complete",1993,5984825,"1,5"
China,1990,Total,Both Sexes,65,Census - de facto - complete tabulation,"Final figure, complete",1993,6169042,"1,5"
China,1990,Total,Both Sexes,65 - 69,Census - de facto - complete tabulation,"Final figure, complete",1993,26332520,"1,5"
China,1990,Total,Both Sexes,66,Census - de facto - complete tabulation,"Final figure, complete",1993,5696874,"1,5"
China,1990,Total,Both Sexes,67,Census - de facto - complete tabulation,"Final figure, complete",1993,4989630,"1,5"
China,1990,Total,Both Sexes,68,Census - de facto - complete tabulation,"Final figure, complete",1993,4885527,"1,5"
China,1990,Total,Both Sexes,69,Census - de facto - complete tabulation,"Final figure, complete",1993,4591447,"1,5"
China,1990,Total,Both Sexes,70,Census - de facto - complete tabulation,"Final figure, complete",1993,4452357,"1,5"
China,1990,Total,Both Sexes,70 - 74,Census - de facto - complete tabulation,"Final figure, complete",1993,18050580,"1,5"
China,1990,Total,Both Sexes,71,Census - de facto - complete tabulation,"Final figure, complete",1993,3732596,"1,5"
China,1990,Total,Both Sexes,72,Census - de facto - complete tabulation,"Final figure, complete",1993,3529123,"1,5"
China,1990,Total,Both Sexes,73,Census - de facto - complete tabulation,"Final figure, complete",1993,3301436,"1,5"
China,1990,Total,Both Sexes,74,Census - de facto - complete tabulation,"Final figure, complete",1993,3035068,"1,5"
China,1990,Total,Both Sexes,75,Census - de facto - complete tabulation,"Final figure, complete",1993,2736912,"1,5"
China,1990,Total,Both Sexes,75 - 79,Census - de facto - complete tabulation,"Final figure, complete",1993,10933924,"1,5"
China,1990,Total,Both Sexes,76,Census - de facto - complete tabulation,"Final figure, complete",1993,2614032,"1,5"
China,1990,Total,Both Sexes,77,Census - de facto - complete tabulation,"Final figure, complete",1993,2123063,"1,5"
China,1990,Total,Both Sexes,78,Census - de facto - complete tabulation,"Final figure, complete",1993,1846321,"1,5"
China,1990,Total,Both Sexes,79,Census - de facto - complete tabulation,"Final figure, complete",1993,1613596,"1,5"
China,1990,Total,Both Sexes,80,Census - de facto - complete tabulation,"Final figure, complete",1993,1494781,1
China,1990,Total,Both Sexes,80 - 84,Census - de facto - complete tabulation,"Final figure, complete",1993,5352690,"1,5"
China,1990,Total,Both Sexes,81,Census - de facto - complete tabulation,"Final figure, complete",1993,1236185,"1,5"
China,1990,Total,Both Sexes,82,Census - de facto - complete tabulation,"Final figure, complete",1993,1029258,"1,5"
China,1990,Total,Both Sexes,83,Census - de facto - complete tabulation,"Final figure, complete",1993,852655,"1,5"
China,1990,Total,Both Sexes,84,Census - de facto - complete tabulation,"Final figure, complete",1993,739811,"1,5"
China,1990,Total,Both Sexes,85,Census - de facto - complete tabulation,"Final figure, complete",1993,593736,"1,5"
China,1990,Total,Both Sexes,85 - 89,Census - de facto - complete tabulation,"Final figure, complete",1993,1907544,"1,5"
China,1990,Total,Both Sexes,86,Census - de facto - complete tabulation,"Final figure, complete",1993,467819,"1,5"
China,1990,Total,Both Sexes,87,Census - de facto - complete tabulation,"Final figure, complete",1993,362274,"1,5"
China,1990,Total,Both Sexes,88,Census - de facto - complete tabulation,"Final figure, complete",1993,277790,"1,5"
China,1990,Total,Both Sexes,89,Census - de facto - complete tabulation,"Final figure, complete",1993,205925,"1,5"
China,1990,Total,Both Sexes,90,Census - de facto - complete tabulation,"Final figure, complete",1993,139173,"1,5"
China,1990,Total,Both Sexes,90 - 94,Census - de facto - complete tabulation,"Final figure, complete",1993,351602,"1,5"
China,1990,Total,Both Sexes,91,Census - de facto - complete tabulation,"Final figure, complete",1993,80713,"1,5"
China,1990,Total,Both Sexes,92,Census - de facto - complete tabulation,"Final figure, complete",1993,60818,"1,5"
China,1990,Total,Both Sexes,93,Census - de facto - complete tabulation,"Final figure, complete",1993,41841,"1,5"
China,1990,Total,Both Sexes,94,Census - de facto - complete tabulation,"Final figure, complete",1993,29057,"1,5"
China,1990,Total,Both Sexes,95,Census - de facto - complete tabulation,"Final figure, complete",1993,21397,"1,5"
China,1990,Total,Both Sexes,95 - 99,Census - de facto - complete tabulation,"Final figure, complete",1993,57851,"1,5"
China,1990,Total,Both Sexes,96,Census - de facto - complete tabulation,"Final figure, complete",1993,14184,"1,5"
China,1990,Total,Both Sexes,97,Census - de facto - complete tabulation,"Final figure, complete",1993,9641,"1,5"
China,1990,Total,Both Sexes,98,Census - de facto - complete tabulation,"Final figure, complete",1993,7525,"1,5"
China,1990,Total,Both Sexes,99,Census - de facto - complete tabulation,"Final figure, complete",1993,5104,"1,5"
China,1990,Total,Both Sexes,100 +,Census - de facto - complete tabulation,"Final figure, complete",1993,6681,"1,5"
China,1990,Total,Both Sexes,Unknown,Census - de facto - complete tabulation,"Final figure, complete",1993,0,"1,5"
China,1990,Total,Male,Total,Census - de facto - complete tabulation,"Final figure, complete",1993,581820407,"1,5"
China,1990,Total,Male,0,Census - de facto - complete tabulation,"Final figure, complete",1993,12254905,"1,5"
China,1990,Total,Male,1,Census - de facto - complete tabulation,"Final figure, complete",1993,12304824,"1,5"
China,1990,Total,Male,1 - 4,Census - de facto - complete tabulation,"Final figure, complete",1993,48794225,"1,5"
China,1990,Total,Male,2,Census - de facto - complete tabulation,"Final figure, complete",1993,12672092,"1,5"
China,1990,Total,Male,3,Census - de facto - complete tabulation,"Final figure, complete",1993,12676790,"1,5"
China,1990,Total,Male,4,Census - de facto - complete tabulation,"Final figure, complete",1993,11140519,"1,5"
China,1990,Total,Male,5,Census - de facto - complete tabulation,"Final figure, complete",1993,10405433,"1,5"
China,1990,Total,Male,5 - 9,Census - de facto - complete tabulation,"Final figure, complete",1993,51630875,"1,5"
China,1990,Total,Male,6,Census - de facto - complete tabulation,"Final figure, complete",1993,9922498,"1,5"
China,1990,Total,Male,7,Census - de facto - complete tabulation,"Final figure, complete",1993,10518627,"1,5"
China,1990,Total,Male,8,Census - de facto - complete tabulation,"Final figure, complete",1993,11419500,"1,5"
China,1990,Total,Male,9,Census - de facto - complete tabulation,"Final figure, complete",1993,9364817,"1,5"
China,1990,Total,Male,10,Census - de facto - complete tabulation,"Final figure, complete",1993,9956298,"1,5"
China,1990,Total,Male,10 - 14,Census - de facto - complete tabulation,"Final figure, complete",1993,50183593,"1,5"
China,1990,Total,Male,11,Census - de facto - complete tabulation,"Final figure, complete",1993,9974473,"1,5"
China,1990,Total,Male,12,Census - de facto - complete tabulation,"Final figure, complete",1993,9727202,"1,5"
China,1990,Total,Male,13,Census - de facto - complete tabulation,"Final figure, complete",1993,9987990,"1,5"
China,1990,Total,Male,14,Census - de facto - complete tabulation,"Final figure, complete",1993,10537630,"1,5"
China,1990,Total,Male,15,Census - de facto - complete tabulation,"Final figure, complete",1993,11123627,1
China,1990,Total,Male,15 - 19,Census - de facto - complete tabulation,"Final figure, complete",1993,61650589,"1,5"
China,1990,Total,Male,16,Census - de facto - complete tabulation,"Final figure, complete",1993,12043876,"1,5"
China,1990,Total,Male,17,Census - de facto - complete tabulation,"Final figure, complete",1993,12581345,"1,5"
China,1990,Total,Male,18,Census - de facto - complete tabulation,"Final figure, complete",1993,12567848,"1,5"
China,1990,Total,Male,19,Census - de facto - complete tabulation,"Final figure, complete",1993,13333893,"1,5"
China,1990,Total,Male,20,Census - de facto - complete tabulation,"Final figure, complete",1993,13191336,1
China,1990,Total,Male,20 - 24,Census - de facto - complete tabulation,"Final figure, complete",1993,64233023,"1,5"
China,1990,Total,Male,21,Census - de facto - complete tabulation,"Final figure, complete",1993,13820659,"1,5"
China,1990,Total,Male,22,Census - de facto - complete tabulation,"Final figure, complete",1993,12586327,"1,5"
China,1990,Total,Male,23,Census - de facto - complete tabulation,"Final figure, complete",1993,11691041,"1,5"
China,1990,Total,Male,24,Census - de facto - complete tabulation,"Final figure, complete",1993,12943660,"1,5"
China,1990,Total,Male,25,Census - de facto - complete tabulation,"Final figure, complete",1993,12593865,"1,5"
China,1990,Total,Male,25 - 29,Census - de facto - complete tabulation,"Final figure, complete",1993,53512983,"1,5"
China,1990,Total,Male,26,Census - de facto - complete tabulation,"Final figure, complete",1993,12959015,"1,5"
China,1990,Total,Male,27,Census - de facto - complete tabulation,"Final figure, complete",1993,13966581,"1,5"
China,1990,Total,Male,28,Census - de facto - complete tabulation,"Final figure, complete",1993,8144945,"1,5"
China,1990,Total,Male,29,Census - de facto - complete tabulation,"Final figure, complete",1993,5848577,"1,5"
China,1990,Total,Male,30,Census - de facto - complete tabulation,"Final figure, complete",1993,7519677,"1,5"
China,1990,Total,Male,30 - 34,Census - de facto - complete tabulation,"Final figure, complete",1993,43706133,"1,5"
China,1990,Total,Male,31,Census - de facto - complete tabulation,"Final figure, complete",1993,7535588,"1,5"
China,1990,Total,Male,32,Census - de facto - complete tabulation,"Final figure, complete",1993,10007244,"1,5"
China,1990,Total,Male,33,Census - de facto - complete tabulation,"Final figure, complete",1993,9528741,"1,5"
China,1990,Total,Male,34,Census - de facto - complete tabulation,"Final figure, complete",1993,9114883,"1,5"
China,1990,Total,Male,35,Census - de facto - complete tabulation,"Final figure, complete",1993,10051375,"1,5"
China,1990,Total,Male,35 - 39,Census - de facto - complete tabulation,"Final figure, complete",1993,44568847,"1,5"
China,1990,Total,Male,36,Census - de facto - complete tabulation,"Final figure, complete",1993,9452337,"1,5"
China,1990,Total,Male,37,Census - de facto - complete tabulation,"Final figure, complete",1993,8870602,"1,5"
China,1990,Total,Male,38,Census - de facto - complete tabulation,"Final figure, complete",1993,8704522,"1,5"
China,1990,Total,Male,39,Census - de facto - complete tabulation,"Final figure, complete",1993,7490011,"1,5"
China,1990,Total,Male,40,Census - de facto - complete tabulation,"Final figure, complete",1993,8042718,"1,5"
China,1990,Total,Male,40 - 44,Census - de facto - complete tabulation,"Final figure, complete",1993,33335977,"1,5"
China,1990,Total,Male,41,Census - de facto - complete tabulation,"Final figure, complete",1993,6805059,"1,5"
China,1990,Total,Male,42,Census - de facto - complete tabulation,"Final figure, complete",1993,6496011,"1,5"
China,1990,Total,Male,43,Census - de facto - complete tabulation,"Final figure, complete",1993,6264508,"1,5"
China,1990,Total,Male,44,Census - de facto - complete tabulation,"Final figure, complete",1993,5727681,"1,5"
China,1990,Total,Male,45,Census - de facto - complete tabulation,"Final figure, complete",1993,5481782,"1,5"
China,1990,Total,Male,45 - 49,Census - de facto - complete tabulation,"Final figure, complete",1993,25855900,"1,5"
China,1990,Total,Male,46,Census - de facto - complete tabulation,"Final figure, complete",1993,5250473,"1,5"
China,1990,Total,Male,47,Census - de facto - complete tabulation,"Final figure, complete",1993,4982722,"1,5"
China,1990,Total,Male,48,Census - de facto - complete tabulation,"Final figure, complete",1993,5088847,"1,5"
China,1990,Total,Male,49,Census - de facto - complete tabulation,"Final figure, complete",1993,5052076,"1,5"
China,1990,Total,Male,50,Census - de facto - complete tabulation,"Final figure, complete",1993,4875474,"1,5"
China,1990,Total,Male,50 - 54,Census - de facto - complete tabulation,"Final figure, complete",1993,24110355,"1,5"
China,1990,Total,Male,51,Census - de facto - complete tabulation,"Final figure, complete",1993,4738952,"1,5"
China,1990,Total,Male,52,Census - de facto - complete tabulation,"Final figure, complete",1993,4919285,"1,5"
China,1990,Total,Male,53,Census - de facto - complete tabulation,"Final figure, complete",1993,4810911,1
China,1990,Total,Male,54,Census - de facto - complete tabulation,"Final figure, complete",1993,4765733,"1,5"
China,1990,Total,Male,55,Census - de facto - complete tabulation,"Final figure, complete",1993,4580456,"1,5"
China,1990,Total,Male,55 - 59,Census - de facto - complete tabulation,"Final figure, complete",1993,21839937,"1,5"
China,1990,Total,Male,56,Census - de facto - complete tabulation,"Final figure, complete",1993,4618277,"1,5"
China,1990,Total,Male,57,Census - de facto - complete tabulation,"Final figure, complete",1993,4525324,"1,5"
China,1990,Total,Male,58,Census - de facto - complete tabulation,"Final figure, complete",1993,4106208,"1,5"
China,1990,Total,Male,59,Census - de facto - complete tabulation,"Final figure, complete",1993,4009672,"1,5"
China,1990,Total,Male,60,Census - de facto - complete tabulation,"Final figure, complete",1993,4019833,"1,5"
China,1990,Total,Male,60 - 64,Census - de facto - complete tabulation,"Final figure, complete",1993,17481948,"1,5"
China,1990,Total,Male,61,Census - de facto - complete tabulation,"Final figure, complete",1993,3585188,"1,5"
China,1990,Total,Male,62,Census - de facto - complete tabulation,"Final figure, complete",1993,3635374,"1,5"
China,1990,Total,Male,63,Census - de facto - complete tabulation,"Final figure, complete",1993,3200259,"1,5"
China,1990,Total,Male,64,Census - de facto - complete tabulation,"Final figure, complete",1993,3041294,"1,5"
China,1990,Total,Male,65,Census - de facto - complete tabulation,"Final figure, complete",1993,3058844,"1,5"
China,1990,Total,Male,65 - 69,Census - de facto - complete tabulation,"Final figure, complete",1993,12917485,"1,5"
China,1990,Total,Male,66,Census - de facto - complete tabulation,"Final figure, complete",1993,2813087,"1,5"
China,1990,Total,Male,67,Census - de facto - complete tabulation,"Final figure, complete",1993,2448512,"1,5"
China,1990,Total,Male,68,Census - de facto - complete tabulation,"Final figure, complete",1993,2384722,"1,5"
China,1990,Total,Male,69,Census - de facto - complete tabulation,"Final figure, complete",1993,2212320,"1,5"
China,1990,Total,Male,70,Census - de facto - complete tabulation,"Final figure, complete",1993,2108722,"1,5"
China,1990,Total,Male,70 - 74,Census - de facto - complete tabulation,"Final figure, complete",1993,8344204,"1,5"
China,1990,Total,Male,71,Census - de facto - complete tabulation,"Final figure, complete",1993,1741629,"1,5"
China,1990,Total,Male,72,Census - de facto - complete tabulation,"Final figure, complete",1993,1630231,"1,5"
China,1990,Total,Male,73,Census - de facto - complete tabulation,"Final figure, complete",1993,1506451,"1,5"
China,1990,Total,Male,74,Census - de facto - complete tabulation,"Final figure, complete",1993,1357171,"1,5"
China,1990,Total,Male,75,Census - de facto - complete tabulation,"Final figure, complete",1993,1209315,"1,5"
China,1990,Total,Male,75 - 79,Census - de facto - complete tabulation,"Final figure, complete",1993,4689104,"1,5"
China,1990,Total,Male,76,Census - de facto - complete tabulation,"Final figure, complete",1993,1140595,"1,5"
China,1990,Total,Male,77,Census - de facto - complete tabulation,"Final figure, complete",1993,906767,"1,5"
China,1990,Total,Male,78,Census - de facto - complete tabulation,"Final figure, complete",1993,774071,"1,5"
China,1990,Total,Male,79,Census - de facto - complete tabulation,"Final figure, complete",1993,658356,"1,5"
China,1990,Total,Male,80,Census - de facto - complete tabulation,"Final figure, complete",1993,586258,1
China,1990,Total,Male,80 - 84,Census - de facto - complete tabulation,"Final figure, complete",1993,1993954,"1,5"
China,1990,Total,Male,81,Census - de facto - complete tabulation,"Final figure, complete",1993,469224,"1,5"
China,1990,Total,Male,82,Census - de facto - complete tabulation,"Final figure, complete",1993,380639,"1,5"
China,1990,Total,Male,83,Census - de facto - complete tabulation,"Final figure, complete",1993,304110,"1,5"
China,1990,Total,Male,84,Census - de facto - complete tabulation,"Final figure, complete",1993,253723,"1,5"
China,1990,Total,Male,85,Census - de facto - complete tabulation,"Final figure, complete",1993,197370,"1,5"
China,1990,Total,Male,85 - 89,Census - de facto - complete tabulation,"Final figure, complete",1993,605746,"1,5"
China,1990,Total,Male,86,Census - de facto - complete tabulation,"Final figure, complete",1993,150705,"1,5"
China,1990,Total,Male,87,Census - de facto - complete tabulation,"Final figure, complete",1993,113341,"1,5"
China,1990,Total,Male,88,Census - de facto - complete tabulation,"Final figure, complete",1993,84378,"1,5"
China,1990,Total,Male,89,Census - de facto - complete tabulation,"Final figure, complete",1993,59952,"1,5"
China,1990,Total,Male,90,Census - de facto - complete tabulation,"Final figure, complete",1993,39602,"1,5"
China,1990,Total,Male,90 - 94,Census - de facto - complete tabulation,"Final figure, complete",1993,94520,"1,5"
China,1990,Total,Male,91,Census - de facto - complete tabulation,"Final figure, complete",1993,21629,"1,5"
China,1990,Total,Male,92,Census - de facto - complete tabulation,"Final figure, complete",1993,15724,"1,5"
China,1990,Total,Male,93,Census - de facto - complete tabulation,"Final figure, complete",1993,10510,"1,5"
China,1990,Total,Male,94,Census - de facto - complete tabulation,"Final figure, complete",1993,7055,"1,5"
China,1990,Total,Male,95,Census - de facto - complete tabulation,"Final figure, complete",1993,5387,"1,5"
China,1990,Total,Male,95 - 99,Census - de facto - complete tabulation,"Final figure, complete",1993,14549,"1,5"
China,1990,Total,Male,96,Census - de facto - complete tabulation,"Final figure, complete",1993,3462,"1,5"
China,1990,Total,Male,97,Census - de facto - complete tabulation,"Final figure, complete",1993,2358,"1,5"
China,1990,Total,Male,98,Census - de facto - complete tabulation,"Final figure, complete",1993,2006,"1,5"
China,1990,Total,Male,99,Census - de facto - complete tabulation,"Final figure, complete",1993,1336,"1,5"
China,1990,Total,Male,100 +,Census - de facto - complete tabulation,"Final figure, complete",1993,1555,"1,5"
China,1990,Total,Male,Unknown,Census - de facto - complete tabulation,"Final figure, complete",1993,0,"1,5"
China,1990,Total,Female,Total,Census - de facto - complete tabulation,"Final figure, complete",1993,548690231,"1,5"
China,1990,Total,Female,0,Census - de facto - complete tabulation,"Final figure, complete",1993,10965946,"1,5"
China,1990,Total,Female,1,Census - de facto - complete tabulation,"Final figure, complete",1993,11027053,"1,5"
China,1990,Total,Female,1 - 4,Census - de facto - complete tabulation,"Final figure, complete",1993,44423343,"1,5"
China,1990,Total,Female,2,Census - de facto - complete tabulation,"Final figure, complete",1993,11508503,"1,5"
China,1990,Total,Female,3,Census - de facto - complete tabulation,"Final figure, complete",1993,11617575,"1,5"
China,1990,Total,Female,4,Census - de facto - complete tabulation,"Final figure, complete",1993,10270212,"1,5"
China,1990,Total,Female,5,Census - de facto - complete tabulation,"Final figure, complete",1993,9576857,"1,5"
China,1990,Total,Female,5 - 9,Census - de facto - complete tabulation,"Final figure, complete",1993,47705868,"1,5"
China,1990,Total,Female,6,Census - de facto - complete tabulation,"Final figure, complete",1993,9133580,"1,5"
China,1990,Total,Female,7,Census - de facto - complete tabulation,"Final figure, complete",1993,9677860,"1,5"
China,1990,Total,Female,8,Census - de facto - complete tabulation,"Final figure, complete",1993,10595842,"1,5"
China,1990,Total,Female,9,Census - de facto - complete tabulation,"Final figure, complete",1993,8721729,"1,5"
China,1990,Total,Female,10,Census - de facto - complete tabulation,"Final figure, complete",1993,9267764,"1,5"
China,1990,Total,Female,10 - 14,Census - de facto - complete tabulation,"Final figure, complete",1993,47043099,"1,5"
China,1990,Total,Female,11,Census - de facto - complete tabulation,"Final figure, complete",1993,9335618,"1,5"
China,1990,Total,Female,12,Census - de facto - complete tabulation,"Final figure, complete",1993,9137476,"1,5"
China,1990,Total,Female,13,Census - de facto - complete tabulation,"Final figure, complete",1993,9379302,"1,5"
China,1990,Total,Female,14,Census - de facto - complete tabulation,"Final figure, complete",1993,9922939,"1,5"
China,1990,Total,Female,15,Census - de facto - complete tabulation,"Final figure, complete",1993,10520164,1
China,1990,Total,Female,15 - 19,Census - de facto - complete tabulation,"Final figure, complete",1993,58507832,"1,5"
China,1990,Total,Female,16,Census - de facto - complete tabulation,"Final figure, complete",1993,11443691,"1,5"
China,1990,Total,Female,17,Census - de facto - complete tabulation,"Final figure, complete",1993,11955254,"1,5"
China,1990,Total,Female,18,Census - de facto - complete tabulation,"Final figure, complete",1993,11928154,"1,5"
China,1990,Total,Female,19,Census - de facto - complete tabulation,"Final figure, complete",1993,12660569,"1,5"
China,1990,Total,Female,20,Census - de facto - complete tabulation,"Final figure, complete",1993,12844729,1
China,1990,Total,Female,20 - 24,Census - de facto - complete tabulation,"Final figure, complete",1993,61528151,"1,5"
China,1990,Total,Female,21,Census - de facto - complete tabulation,"Final figure, complete",1993,13335020,"1,5"
China,1990,Total,Female,22,Census - de facto - complete tabulation,"Final figure, complete",1993,11965751,"1,5"
China,1990,Total,Female,23,Census - de facto - complete tabulation,"Final figure, complete",1993,11132124,"1,5"
China,1990,Total,Female,24,Census - de facto - complete tabulation,"Final figure, complete",1993,12250527,"1,5"
China,1990,Total,Female,25,Census - de facto - complete tabulation,"Final figure, complete",1993,11926749,"1,5"
China,1990,Total,Female,25 - 29,Census - de facto - complete tabulation,"Final figure, complete",1993,50754542,"1,5"
China,1990,Total,Female,26,Census - de facto - complete tabulation,"Final figure, complete",1993,12328474,"1,5"
China,1990,Total,Female,27,Census - de facto - complete tabulation,"Final figure, complete",1993,13060283,"1,5"
China,1990,Total,Female,28,Census - de facto - complete tabulation,"Final figure, complete",1993,7783117,"1,5"
China,1990,Total,Female,29,Census - de facto - complete tabulation,"Final figure, complete",1993,5655919,"1,5"
China,1990,Total,Female,30,Census - de facto - complete tabulation,"Final figure, complete",1993,6923442,"1,5"
China,1990,Total,Female,30 - 34,Census - de facto - complete tabulation,"Final figure, complete",1993,40169574,"1,5"
China,1990,Total,Female,31,Census - de facto - complete tabulation,"Final figure, complete",1993,6843038,"1,5"
China,1990,Total,Female,32,Census - de facto - complete tabulation,"Final figure, complete",1993,9053122,"1,5"
China,1990,Total,Female,33,Census - de facto - complete tabulation,"Final figure, complete",1993,8821542,"1,5"
China,1990,Total,Female,34,Census - de facto - complete tabulation,"Final figure, complete",1993,8528430,"1,5"
China,1990,Total,Female,35,Census - de facto - complete tabulation,"Final figure, complete",1993,9325690,"1,5"
China,1990,Total,Female,35 - 39,Census - de facto - complete tabulation,"Final figure, complete",1993,41782965,"1,5"
China,1990,Total,Female,36,Census - de facto - complete tabulation,"Final figure, complete",1993,8878360,"1,5"
China,1990,Total,Female,37,Census - de facto - complete tabulation,"Final figure, complete",1993,8355542,"1,5"
China,1990,Total,Female,38,Census - de facto - complete tabulation,"Final figure, complete",1993,8182775,"1,5"
China,1990,Total,Female,39,Census - de facto - complete tabulation,"Final figure, complete",1993,7040598,"1,5"
China,1990,Total,Female,40,Census - de facto - complete tabulation,"Final figure, complete",1993,7299389,"1,5"
China,1990,Total,Female,40 - 44,Census - de facto - complete tabulation,"Final figure, complete",1993,30371687,"1,5"
China,1990,Total,Female,41,Census - de facto - complete tabulation,"Final figure, complete",1993,6205339,"1,5"
China,1990,Total,Female,42,Census - de facto - complete tabulation,"Final figure, complete",1993,5896378,"1,5"
China,1990,Total,Female,43,Census - de facto - complete tabulation,"Final figure, complete",1993,5686196,"1,5"
China,1990,Total,Female,44,Census - de facto - complete tabulation,"Final figure, complete",1993,5284385,"1,5"
China,1990,Total,Female,45,Census - de facto - complete tabulation,"Final figure, complete",1993,4983328,"1,5"
China,1990,Total,Female,45 - 49,Census - de facto - complete tabulation,"Final figure, complete",1993,23232041,"1,5"
China,1990,Total,Female,46,Census - de facto - complete tabulation,"Final figure, complete",1993,4702941,"1,5"
China,1990,Total,Female,47,Census - de facto - complete tabulation,"Final figure, complete",1993,4462839,"1,5"
China,1990,Total,Female,48,Census - de facto - complete tabulation,"Final figure, complete",1993,4581520,"1,5"
China,1990,Total,Female,49,Census - de facto - complete tabulation,"Final figure, complete",1993,4501413,"1,5"
China,1990,Total,Female,50,Census - de facto - complete tabulation,"Final figure, complete",1993,4372725,"1,5"
China,1990,Total,Female,50 - 54,Census - de facto - complete tabulation,"Final figure, complete",1993,21509204,"1,5"
China,1990,Total,Female,51,Census - de facto - complete tabulation,"Final figure, complete",1993,4203598,"1,5"
China,1990,Total,Female,52,Census - de facto - complete tabulation,"Final figure, complete",1993,4313731,"1,5"
China,1990,Total,Female,53,Census - de facto - complete tabulation,"Final figure, complete",1993,4287208,1
China,1990,Total,Female,54,Census - de facto - complete tabulation,"Final figure, complete",1993,4331942,"1,5"
China,1990,Total,Female,55,Census - de facto - complete tabulation,"Final figure, complete",1993,4223904,"1,5"
China,1990,Total,Female,55 - 59,Census - de facto - complete tabulation,"Final figure, complete",1993,19869398,"1,5"
China,1990,Total,Female,56,Census - de facto - complete tabulation,"Final figure, complete",1993,4184241,"1,5"
China,1990,Total,Female,57,Census - de facto - complete tabulation,"Final figure, complete",1993,4095420,"1,5"
China,1990,Total,Female,58,Census - de facto - complete tabulation,"Final figure, complete",1993,3740707,"1,5"
China,1990,Total,Female,59,Census - de facto - complete tabulation,"Final figure, complete",1993,3625126,"1,5"
China,1990,Total,Female,60,Census - de facto - complete tabulation,"Final figure, complete",1993,3711112,"1,5"
China,1990,Total,Female,60 - 64,Census - de facto - complete tabulation,"Final figure, complete",1993,16494306,"1,5"
China,1990,Total,Female,61,Census - de facto - complete tabulation,"Final figure, complete",1993,3381291,"1,5"
China,1990,Total,Female,62,Census - de facto - complete tabulation,"Final figure, complete",1993,3424758,"1,5"
China,1990,Total,Female,63,Census - de facto - complete tabulation,"Final figure, complete",1993,3033614,"1,5"
China,1990,Total,Female,64,Census - de facto - complete tabulation,"Final figure, complete",1993,2943531,"1,5"
China,1990,Total,Female,65,Census - de facto - complete tabulation,"Final figure, complete",1993,3110198,"1,5"
China,1990,Total,Female,65 - 69,Census - de facto - complete tabulation,"Final figure, complete",1993,13415035,"1,5"
China,1990,Total,Female,66,Census - de facto - complete tabulation,"Final figure, complete",1993,2883787,"1,5"
China,1990,Total,Female,67,Census - de facto - complete tabulation,"Final figure, complete",1993,2541118,"1,5"
China,1990,Total,Female,68,Census - de facto - complete tabulation,"Final figure, complete",1993,2500805,"1,5"
China,1990,Total,Female,69,Census - de facto - complete tabulation,"Final figure, complete",1993,2379127,"1,5"
China,1990,Total,Female,70,Census - de facto - complete tabulation,"Final figure, complete",1993,2343635,"1,5"
China,1990,Total,Female,70 - 74,Census - de facto - complete tabulation,"Final figure, complete",1993,9706376,"1,5"
China,1990,Total,Female,71,Census - de facto - complete tabulation,"Final figure, complete",1993,1990967,"1,5"
China,1990,Total,Female,72,Census - de facto - complete tabulation,"Final figure, complete",1993,1898892,"1,5"
China,1990,Total,Female,73,Census - de facto - complete tabulation,"Final figure, complete",1993,1794985,"1,5"
China,1990,Total,Female,74,Census - de facto - complete tabulation,"Final figure, complete",1993,1677897,"1,5"
China,1990,Total,Female,75,Census - de facto - complete tabulation,"Final figure, complete",1993,1527597,"1,5"
China,1990,Total,Female,75 - 79,Census - de facto - complete tabulation,"Final figure, complete",1993,6244820,"1,5"
China,1990,Total,Female,76,Census - de facto - complete tabulation,"Final figure, complete",1993,1473437,"1,5"
China,1990,Total,Female,77,Census - de facto - complete tabulation,"Final figure, complete",1993,1216296,"1,5"
China,1990,Total,Female,78,Census - de facto - complete tabulation,"Final figure, complete",1993,1072250,"1,5"
China,1990,Total,Female,79,Census - de facto - complete tabulation,"Final figure, complete",1993,955240,"1,5"
China,1990,Total,Female,80,Census - de facto - complete tabulation,"Final figure, complete",1993,908523,1
China,1990,Total,Female,80 - 84,Census - de facto - complete tabulation,"Final figure, complete",1993,3358736,"1,5"
China,1990,Total,Female,81,Census - de facto - complete tabulation,"Final figure, complete",1993,766961,"1,5"
China,1990,Total,Female,82,Census - de facto - complete tabulation,"Final figure, complete",1993,648619,"1,5"
China,1990,Total,Female,83,Census - de facto - complete tabulation,"Final figure, complete",1993,548545,"1,5"
China,1990,Total,Female,84,Census - de facto - complete tabulation,"Final figure, complete",1993,486088,"1,5"
China,1990,Total,Female,85,Census - de facto - complete tabulation,"Final figure, complete",1993,396366,"1,5"
China,1990,Total,Female,85 - 89,Census - de facto - complete tabulation,"Final figure, complete",1993,1301798,"1,5"
China,1990,Total,Female,86,Census - de facto - complete tabulation,"Final figure, complete",1993,317114,"1,5"
China,1990,Total,Female,87,Census - de facto - complete tabulation,"Final figure, complete",1993,248933,"1,5"
China,1990,Total,Female,88,Census - de facto - complete tabulation,"Final figure, complete",1993,193412,"1,5"
China,1990,Total,Female,89,Census - de facto - complete tabulation,"Final figure, complete",1993,145973,"1,5"
China,1990,Total,Female,90,Census - de facto - complete tabulation,"Final figure, complete",1993,99571,"1,5"
China,1990,Total,Female,90 - 94,Census - de facto - complete tabulation,"Final figure, complete",1993,257082,"1,5"
China,1990,Total,Female,91,Census - de facto - complete tabulation,"Final figure, complete",1993,59084,"1,5"
China,1990,Total,Female,92,Census - de facto - complete tabulation,"Final figure, complete",1993,45094,"1,5"
China,1990,Total,Female,93,Census - de facto - complete tabulation,"Final figure, complete",1993,31331,"1,5"
China,1990,Total,Female,94,Census - de facto - complete tabulation,"Final figure, complete",1993,22002,"1,5"
China,1990,Total,Female,95,Census - de facto - complete tabulation,"Final figure, complete",1993,16010,"1,5"
China,1990,Total,Female,95 - 99,Census - de facto - complete tabulation,"Final figure, complete",1993,43302,"1,5"
China,1990,Total,Female,96,Census - de facto - complete tabulation,"Final figure, complete",1993,10722,"1,5"
China,1990,Total,Female,97,Census - de facto - complete tabulation,"Final figure, complete",1993,7283,"1,5"
China,1990,Total,Female,98,Census - de facto - complete tabulation,"Final figure, complete",1993,5519,"1,5"
China,1990,Total,Female,99,Census - de facto - complete tabulation,"Final figure, complete",1993,3768,"1,5"
China,1990,Total,Female,100 +,Census - de facto - complete tabulation,"Final figure, complete",1993,5126,"1,5"
China,1990,Total,Female,Unknown,Census - de facto - complete tabulation,"Final figure, complete",1993,0,"1,5"
China,1990,Urban,Both Sexes,Total,Census - de facto - complete tabulation,"Final figure, complete",1993,296145180,"1,5"
China,1990,Urban,Both Sexes,0,Census - de facto - complete tabulation,"Final figure, complete",1993,4615488,"1,5"
China,1990,Urban,Both Sexes,1,Census - de facto - complete tabulation,"Final figure, complete",1993,4835604,"1,5"
China,1990,Urban,Both Sexes,1 - 4,Census - de facto - complete tabulation,"Final figure, complete",1993,19250054,"1,5"
China,1990,Urban,Both Sexes,2,Census - de facto - complete tabulation,"Final figure, complete",1993,5004776,"1,5"
China,1990,Urban,Both Sexes,3,Census - de facto - complete tabulation,"Final figure, complete",1993,4992400,"1,5"
China,1990,Urban,Both Sexes,4,Census - de facto - complete tabulation,"Final figure, complete",1993,4417274,"1,5"
China,1990,Urban,Both Sexes,5,Census - de facto - complete tabulation,"Final figure, complete",1993,4069174,"1,5"
China,1990,Urban,Both Sexes,5 - 9,Census - de facto - complete tabulation,"Final figure, complete",1993,21503238,"1,5"
China,1990,Urban,Both Sexes,6,Census - de facto - complete tabulation,"Final figure, complete",1993,4109420,"1,5"
China,1990,Urban,Both Sexes,7,Census - de facto - complete tabulation,"Final figure, complete",1993,4640214,"1,5"
China,1990,Urban,Both Sexes,8,Census - de facto - complete tabulation,"Final figure, complete",1993,4947039,"1,5"
China,1990,Urban,Both Sexes,9,Census - de facto - complete tabulation,"Final figure, complete",1993,3737391,"1,5"
China,1990,Urban,Both Sexes,10,Census - de facto - complete tabulation,"Final figure, complete",1993,4080341,"1,5"
China,1990,Urban,Both Sexes,10 - 14,Census - de facto - complete tabulation,"Final figure, complete",1993,20748791,"1,5"
China,1990,Urban,Both Sexes,11,Census - de facto - complete tabulation,"Final figure, complete",1993,4176422,"1,5"
China,1990,Urban,Both Sexes,12,Census - de facto - complete tabulation,"Final figure, complete",1993,4093380,"1,5"
China,1990,Urban,Both Sexes,13,Census - de facto - complete tabulation,"Final figure, complete",1993,4088404,"1,5"
China,1990,Urban,Both Sexes,14,Census - de facto - complete tabulation,"Final figure, complete",1993,4310244,"1,5"
China,1990,Urban,Both Sexes,15,Census - de facto - complete tabulation,"Final figure, complete",1993,4549701,1
China,1990,Urban,Both Sexes,15 - 19,Census - de facto - complete tabulation,"Final figure, complete",1993,28856986,"1,5"
China,1990,Urban,Both Sexes,16,Census - de facto - complete tabulation,"Final figure, complete",1993,5092479,"1,5"
China,1990,Urban,Both Sexes,17,Census - de facto - complete tabulation,"Final figure, complete",1993,5935781,"1,5"
China,1990,Urban,Both Sexes,18,Census - de facto - complete tabulation,"Final figure, complete",1993,6338805,"1,5"
China,1990,Urban,Both Sexes,19,Census - de facto - complete tabulation,"Final figure, complete",1993,6940220,"1,5"
China,1990,Urban,Both Sexes,20,Census - de facto - complete tabulation,"Final figure, complete",1993,7095796,1
China,1990,Urban,Both Sexes,20 - 24,Census - de facto - complete tabulation,"Final figure, complete",1993,33626175,"1,5"
China,1990,Urban,Both Sexes,21,Census - de facto - complete tabulation,"Final figure, complete",1993,7450681,"1,5"
China,1990,Urban,Both Sexes,22,Census - de facto - complete tabulation,"Final figure, complete",1993,6551675,"1,5"
China,1990,Urban,Both Sexes,23,Census - de facto - complete tabulation,"Final figure, complete",1993,5805833,"1,5"
China,1990,Urban,Both Sexes,24,Census - de facto - complete tabulation,"Final figure, complete",1993,6722190,"1,5"
China,1990,Urban,Both Sexes,25,Census - de facto - complete tabulation,"Final figure, complete",1993,7065582,"1,5"
China,1990,Urban,Both Sexes,25 - 29,Census - de facto - complete tabulation,"Final figure, complete",1993,32424436,"1,5"
China,1990,Urban,Both Sexes,26,Census - de facto - complete tabulation,"Final figure, complete",1993,7941688,"1,5"
China,1990,Urban,Both Sexes,27,Census - de facto - complete tabulation,"Final figure, complete",1993,8446846,"1,5"
China,1990,Urban,Both Sexes,28,Census - de facto - complete tabulation,"Final figure, complete",1993,4811856,"1,5"
China,1990,Urban,Both Sexes,29,Census - de facto - complete tabulation,"Final figure, complete",1993,4158464,"1,5"
China,1990,Urban,Both Sexes,30,Census - de facto - complete tabulation,"Final figure, complete",1993,5091356,"1,5"
China,1990,Urban,Both Sexes,30 - 34,Census - de facto - complete tabulation,"Final figure, complete",1993,27392426,"1,5"
China,1990,Urban,Both Sexes,31,Census - de facto - complete tabulation,"Final figure, complete",1993,4865994,"1,5"
China,1990,Urban,Both Sexes,32,Census - de facto - complete tabulation,"Final figure, complete",1993,6200675,"1,5"
China,1990,Urban,Both Sexes,33,Census - de facto - complete tabulation,"Final figure, complete",1993,5737072,"1,5"
China,1990,Urban,Both Sexes,34,Census - de facto - complete tabulation,"Final figure, complete",1993,5497329,"1,5"
China,1990,Urban,Both Sexes,35,Census - de facto - complete tabulation,"Final figure, complete",1993,5863782,"1,5"
China,1990,Urban,Both Sexes,35 - 39,Census - de facto - complete tabulation,"Final figure, complete",1993,25515820,"1,5"
China,1990,Urban,Both Sexes,36,Census - de facto - complete tabulation,"Final figure, complete",1993,5526851,"1,5"
China,1990,Urban,Both Sexes,37,Census - de facto - complete tabulation,"Final figure, complete",1993,5022574,"1,5"
China,1990,Urban,Both Sexes,38,Census - de facto - complete tabulation,"Final figure, complete",1993,4835083,"1,5"
China,1990,Urban,Both Sexes,39,Census - de facto - complete tabulation,"Final figure, complete",1993,4267530,"1,5"
China,1990,Urban,Both Sexes,40,Census - de facto - complete tabulation,"Final figure, complete",1993,4474523,"1,5"
China,1990,Urban,Both Sexes,40 - 44,Census - de facto - complete tabulation,"Final figure, complete",1993,18231757,"1,5"
China,1990,Urban,Both Sexes,41,Census - de facto - complete tabulation,"Final figure, complete",1993,3697571,"1,5"
China,1990,Urban,Both Sexes,42,Census - de facto - complete tabulation,"Final figure, complete",1993,3502848,"1,5"
China,1990,Urban,Both Sexes,43,Census - de facto - complete tabulation,"Final figure, complete",1993,3424849,"1,5"
China,1990,Urban,Both Sexes,44,Census - de facto - complete tabulation,"Final figure, complete",1993,3131966,"1,5"
China,1990,Urban,Both Sexes,45,Census - de facto - complete tabulation,"Final figure, complete",1993,2940246,"1,5"
China,1990,Urban,Both Sexes,45 - 49,Census - de facto - complete tabulation,"Final figure, complete",1993,14097567,"1,5"
China,1990,Urban,Both Sexes,46,Census - de facto - complete tabulation,"Final figure, complete",1993,2773700,"1,5"
China,1990,Urban,Both Sexes,47,Census - de facto - complete tabulation,"Final figure, complete",1993,2733052,"1,5"
China,1990,Urban,Both Sexes,48,Census - de facto - complete tabulation,"Final figure, complete",1993,2806805,"1,5"
China,1990,Urban,Both Sexes,49,Census - de facto - complete tabulation,"Final figure, complete",1993,2843764,"1,5"
China,1990,Urban,Both Sexes,50,Census - de facto - complete tabulation,"Final figure, complete",1993,2795808,"1,5"
China,1990,Urban,Both Sexes,50 - 54,Census - de facto - complete tabulation,"Final figure, complete",1993,13730554,"1,5"
China,1990,Urban,Both Sexes,51,Census - de facto - complete tabulation,"Final figure, complete",1993,2713923,"1,5"
China,1990,Urban,Both Sexes,52,Census - de facto - complete tabulation,"Final figure, complete",1993,2782215,"1,5"
China,1990,Urban,Both Sexes,53,Census - de facto - complete tabulation,"Final figure, complete",1993,2726508,1
China,1990,Urban,Both Sexes,54,Census - de facto - complete tabulation,"Final figure, complete",1993,2712100,"1,5"
China,1990,Urban,Both Sexes,55,Census - de facto - complete tabulation,"Final figure, complete",1993,2611911,"1,5"
China,1990,Urban,Both Sexes,55 - 59,Census - de facto - complete tabulation,"Final figure, complete",1993,12019860,"1,5"
China,1990,Urban,Both Sexes,56,Census - de facto - complete tabulation,"Final figure, complete",1993,2574539,"1,5"
China,1990,Urban,Both Sexes,57,Census - de facto - complete tabulation,"Final figure, complete",1993,2475665,"1,5"
China,1990,Urban,Both Sexes,58,Census - de facto - complete tabulation,"Final figure, complete",1993,2218369,"1,5"
China,1990,Urban,Both Sexes,59,Census - de facto - complete tabulation,"Final figure, complete",1993,2139376,"1,5"
China,1990,Urban,Both Sexes,60,Census - de facto - complete tabulation,"Final figure, complete",1993,2131162,"1,5"
China,1990,Urban,Both Sexes,60 - 64,Census - de facto - complete tabulation,"Final figure, complete",1993,9016687,"1,5"
China,1990,Urban,Both Sexes,61,Census - de facto - complete tabulation,"Final figure, complete",1993,1875379,"1,5"
China,1990,Urban,Both Sexes,62,Census - de facto - complete tabulation,"Final figure, complete",1993,1856509,"1,5"
China,1990,Urban,Both Sexes,63,Census - de facto - complete tabulation,"Final figure, complete",1993,1617976,"1,5"
China,1990,Urban,Both Sexes,64,Census - de facto - complete tabulation,"Final figure, complete",1993,1535661,"1,5"
China,1990,Urban,Both Sexes,65,Census - de facto - complete tabulation,"Final figure, complete",1993,1501522,"1,5"
China,1990,Urban,Both Sexes,65 - 69,Census - de facto - complete tabulation,"Final figure, complete",1993,6398023,"1,5"
China,1990,Urban,Both Sexes,66,Census - de facto - complete tabulation,"Final figure, complete",1993,1383968,"1,5"
China,1990,Urban,Both Sexes,67,Census - de facto - complete tabulation,"Final figure, complete",1993,1214095,"1,5"
China,1990,Urban,Both Sexes,68,Census - de facto - complete tabulation,"Final figure, complete",1993,1195273,"1,5"
China,1990,Urban,Both Sexes,69,Census - de facto - complete tabulation,"Final figure, complete",1993,1103165,"1,5"
China,1990,Urban,Both Sexes,70,Census - de facto - complete tabulation,"Final figure, complete",1993,1025562,"1,5"
China,1990,Urban,Both Sexes,70 - 74,Census - de facto - complete tabulation,"Final figure, complete",1993,4193313,"1,5"
China,1990,Urban,Both Sexes,71,Census - de facto - complete tabulation,"Final figure, complete",1993,877877,"1,5"
China,1990,Urban,Both Sexes,72,Census - de facto - complete tabulation,"Final figure, complete",1993,826043,"1,5"
China,1990,Urban,Both Sexes,73,Census - de facto - complete tabulation,"Final figure, complete",1993,764466,"1,5"
China,1990,Urban,Both Sexes,74,Census - de facto - complete tabulation,"Final figure, complete",1993,699365,"1,5"
China,1990,Urban,Both Sexes,75,Census - de facto - complete tabulation,"Final figure, complete",1993,633174,"1,5"
China,1990,Urban,Both Sexes,75 - 79,Census - de facto - complete tabulation,"Final figure, complete",1993,2599269,"1,5"
China,1990,Urban,Both Sexes,76,Census - de facto - complete tabulation,"Final figure, complete",1993,618998,"1,5"
China,1990,Urban,Both Sexes,77,Census - de facto - complete tabulation,"Final figure, complete",1993,508534,"1,5"
China,1990,Urban,Both Sexes,78,Census - de facto - complete tabulation,"Final figure, complete",1993,443801,"1,5"
China,1990,Urban,Both Sexes,79,Census - de facto - complete tabulation,"Final figure, complete",1993,394762,"1,5"
China,1990,Urban,Both Sexes,80,Census - de facto - complete tabulation,"Final figure, complete",1993,355968,1
China,1990,Urban,Both Sexes,80 - 84,Census - de facto - complete tabulation,"Final figure, complete",1993,1300849,"1,5"
China,1990,Urban,Both Sexes,81,Census - de facto - complete tabulation,"Final figure, complete",1993,298004,"1,5"
China,1990,Urban,Both Sexes,82,Census - de facto - complete tabulation,"Final figure, complete",1993,250460,"1,5"
China,1990,Urban,Both Sexes,83,Census - de facto - complete tabulation,"Final figure, complete",1993,210546,"1,5"
China,1990,Urban,Both Sexes,84,Census - de facto - complete tabulation,"Final figure, complete",1993,185871,"1,5"
China,1990,Urban,Both Sexes,85,Census - de facto - complete tabulation,"Final figure, complete",1993,151204,"1,5"
China,1990,Urban,Both Sexes,85 - 89,Census - de facto - complete tabulation,"Final figure, complete",1993,502886,"1,5"
China,1990,Urban,Both Sexes,86,Census - de facto - complete tabulation,"Final figure, complete",1993,121085,"1,5"
China,1990,Urban,Both Sexes,87,Census - de facto - complete tabulation,"Final figure, complete",1993,95935,"1,5"
China,1990,Urban,Both Sexes,88,Census - de facto - complete tabulation,"Final figure, complete",1993,76482,"1,5"
China,1990,Urban,Both Sexes,89,Census - de facto - complete tabulation,"Final figure, complete",1993,58180,"1,5"
China,1990,Urban,Both Sexes,90,Census - de facto - complete tabulation,"Final figure, complete",1993,38840,"1,5"
China,1990,Urban,Both Sexes,90 - 94,Census - de facto - complete tabulation,"Final figure, complete",1993,102506,"1,5"
China,1990,Urban,Both Sexes,91,Census - de facto - complete tabulation,"Final figure, complete",1993,24257,"1,5"
China,1990,Urban,Both Sexes,92,Census - de facto - complete tabulation,"Final figure, complete",1993,18150,"1,5"
China,1990,Urban,Both Sexes,93,Census - de facto - complete tabulation,"Final figure, complete",1993,12551,"1,5"
China,1990,Urban,Both Sexes,94,Census - de facto - complete tabulation,"Final figure, complete",1993,8708,"1,5"
China,1990,Urban,Both Sexes,95,Census - de facto - complete tabulation,"Final figure, complete",1993,6174,"1,5"
China,1990,Urban,Both Sexes,95 - 99,Census - de facto - complete tabulation,"Final figure, complete",1993,16752,"1,5"
China,1990,Urban,Both Sexes,96,Census - de facto - complete tabulation,"Final figure, complete",1993,4232,"1,5"
China,1990,Urban,Both Sexes,97,Census - de facto - complete tabulation,"Final figure, complete",1993,2809,"1,5"
China,1990,Urban,Both Sexes,98,Census - de facto - complete tabulation,"Final figure, complete",1993,2083,"1,5"
China,1990,Urban,Both Sexes,99,Census - de facto - complete tabulation,"Final figure, complete",1993,1454,"1,5"
China,1990,Urban,Both Sexes,100 +,Census - de facto - complete tabulation,"Final figure, complete",1993,1743,"1,5"
China,1990,Urban,Both Sexes,Unknown,Census - de facto - complete tabulation,"Final figure, complete",1993,0,"1,5"
China,1990,Urban,Male,Total,Census - de facto - complete tabulation,"Final figure, complete",1993,154178452,"1,5"
China,1990,Urban,Male,0,Census - de facto - complete tabulation,"Final figure, complete",1993,2416263,"1,5"
China,1990,Urban,Male,1,Census - de facto - complete tabulation,"Final figure, complete",1993,2531767,"1,5"
China,1990,Urban,Male,1 - 4,Census - de facto - complete tabulation,"Final figure, complete",1993,10029485,"1,5"
China,1990,Urban,Male,2,Census - de facto - complete tabulation,"Final figure, complete",1993,2609106,"1,5"
China,1990,Urban,Male,3,Census - de facto - complete tabulation,"Final figure, complete",1993,2594286,"1,5"
China,1990,Urban,Male,4,Census - de facto - complete tabulation,"Final figure, complete",1993,2294326,"1,5"
China,1990,Urban,Male,5,Census - de facto - complete tabulation,"Final figure, complete",1993,2113696,"1,5"
China,1990,Urban,Male,5 - 9,Census - de facto - complete tabulation,"Final figure, complete",1993,11165448,"1,5"
China,1990,Urban,Male,6,Census - de facto - complete tabulation,"Final figure, complete",1993,2133474,"1,5"
China,1990,Urban,Male,7,Census - de facto - complete tabulation,"Final figure, complete",1993,2407954,"1,5"
China,1990,Urban,Male,8,Census - de facto - complete tabulation,"Final figure, complete",1993,2568323,"1,5"
China,1990,Urban,Male,9,Census - de facto - complete tabulation,"Final figure, complete",1993,1942001,"1,5"
China,1990,Urban,Male,10,Census - de facto - complete tabulation,"Final figure, complete",1993,2123891,"1,5"
China,1990,Urban,Male,10 - 14,Census - de facto - complete tabulation,"Final figure, complete",1993,10754668,"1,5"
China,1990,Urban,Male,11,Census - de facto - complete tabulation,"Final figure, complete",1993,2168083,"1,5"
China,1990,Urban,Male,12,Census - de facto - complete tabulation,"Final figure, complete",1993,2119830,"1,5"
China,1990,Urban,Male,13,Census - de facto - complete tabulation,"Final figure, complete",1993,2116969,"1,5"
China,1990,Urban,Male,14,Census - de facto - complete tabulation,"Final figure, complete",1993,2225895,"1,5"
China,1990,Urban,Male,15,Census - de facto - complete tabulation,"Final figure, complete",1993,2336389,1
China,1990,Urban,Male,15 - 19,Census - de facto - complete tabulation,"Final figure, complete",1993,14856474,"1,5"
China,1990,Urban,Male,16,Census - de facto - complete tabulation,"Final figure, complete",1993,2593596,"1,5"
China,1990,Urban,Male,17,Census - de facto - complete tabulation,"Final figure, complete",1993,3032742,"1,5"
China,1990,Urban,Male,18,Census - de facto - complete tabulation,"Final figure, complete",1993,3274675,"1,5"
China,1990,Urban,Male,19,Census - de facto - complete tabulation,"Final figure, complete",1993,3619072,"1,5"
China,1990,Urban,Male,20,Census - de facto - complete tabulation,"Final figure, complete",1993,3716920,1
China,1990,Urban,Male,20 - 24,Census - de facto - complete tabulation,"Final figure, complete",1993,17649311,"1,5"
China,1990,Urban,Male,21,Census - de facto - complete tabulation,"Final figure, complete",1993,3900762,"1,5"
China,1990,Urban,Male,22,Census - de facto - complete tabulation,"Final figure, complete",1993,3449436,"1,5"
China,1990,Urban,Male,23,Census - de facto - complete tabulation,"Final figure, complete",1993,3053238,"1,5"
China,1990,Urban,Male,24,Census - de facto - complete tabulation,"Final figure, complete",1993,3528955,"1,5"
China,1990,Urban,Male,25,Census - de facto - complete tabulation,"Final figure, complete",1993,3724778,"1,5"
China,1990,Urban,Male,25 - 29,Census - de facto - complete tabulation,"Final figure, complete",1993,17024714,"1,5"
China,1990,Urban,Male,26,Census - de facto - complete tabulation,"Final figure, complete",1993,4163394,"1,5"
China,1990,Urban,Male,27,Census - de facto - complete tabulation,"Final figure, complete",1993,4445716,"1,5"
China,1990,Urban,Male,28,Census - de facto - complete tabulation,"Final figure, complete",1993,2528080,"1,5"
China,1990,Urban,Male,29,Census - de facto - complete tabulation,"Final figure, complete",1993,2162746,"1,5"
China,1990,Urban,Male,30,Census - de facto - complete tabulation,"Final figure, complete",1993,2678897,"1,5"
China,1990,Urban,Male,30 - 34,Census - de facto - complete tabulation,"Final figure, complete",1993,14362604,"1,5"
China,1990,Urban,Male,31,Census - de facto - complete tabulation,"Final figure, complete",1993,2567731,"1,5"
China,1990,Urban,Male,32,Census - de facto - complete tabulation,"Final figure, complete",1993,3264641,"1,5"
China,1990,Urban,Male,33,Census - de facto - complete tabulation,"Final figure, complete",1993,2991335,"1,5"
China,1990,Urban,Male,34,Census - de facto - complete tabulation,"Final figure, complete",1993,2860000,"1,5"
China,1990,Urban,Male,35,Census - de facto - complete tabulation,"Final figure, complete",1993,3055887,"1,5"
China,1990,Urban,Male,35 - 39,Census - de facto - complete tabulation,"Final figure, complete",1993,13306934,"1,5"
China,1990,Urban,Male,36,Census - de facto - complete tabulation,"Final figure, complete",1993,2870498,"1,5"
China,1990,Urban,Male,37,Census - de facto - complete tabulation,"Final figure, complete",1993,2613173,"1,5"
China,1990,Urban,Male,38,Census - de facto - complete tabulation,"Final figure, complete",1993,2525937,"1,5"
China,1990,Urban,Male,39,Census - de facto - complete tabulation,"Final figure, complete",1993,2241439,"1,5"
China,1990,Urban,Male,40,Census - de facto - complete tabulation,"Final figure, complete",1993,2388615,"1,5"
China,1990,Urban,Male,40 - 44,Census - de facto - complete tabulation,"Final figure, complete",1993,9747985,"1,5"
China,1990,Urban,Male,41,Census - de facto - complete tabulation,"Final figure, complete",1993,1961949,"1,5"
China,1990,Urban,Male,42,Census - de facto - complete tabulation,"Final figure, complete",1993,1869882,"1,5"
China,1990,Urban,Male,43,Census - de facto - complete tabulation,"Final figure, complete",1993,1846089,"1,5"
China,1990,Urban,Male,44,Census - de facto - complete tabulation,"Final figure, complete",1993,1681450,"1,5"
China,1990,Urban,Male,45,Census - de facto - complete tabulation,"Final figure, complete",1993,1568366,"1,5"
China,1990,Urban,Male,45 - 49,Census - de facto - complete tabulation,"Final figure, complete",1993,7449972,"1,5"
China,1990,Urban,Male,46,Census - de facto - complete tabulation,"Final figure, complete",1993,1473642,"1,5"
China,1990,Urban,Male,47,Census - de facto - complete tabulation,"Final figure, complete",1993,1438261,"1,5"
China,1990,Urban,Male,48,Census - de facto - complete tabulation,"Final figure, complete",1993,1468252,"1,5"
China,1990,Urban,Male,49,Census - de facto - complete tabulation,"Final figure, complete",1993,1501451,"1,5"
China,1990,Urban,Male,50,Census - de facto - complete tabulation,"Final figure, complete",1993,1465048,"1,5"
China,1990,Urban,Male,50 - 54,Census - de facto - complete tabulation,"Final figure, complete",1993,7203762,"1,5"
China,1990,Urban,Male,51,Census - de facto - complete tabulation,"Final figure, complete",1993,1413421,"1,5"
China,1990,Urban,Male,52,Census - de facto - complete tabulation,"Final figure, complete",1993,1467502,"1,5"
China,1990,Urban,Male,53,Census - de facto - complete tabulation,"Final figure, complete",1993,1441386,1
China,1990,Urban,Male,54,Census - de facto - complete tabulation,"Final figure, complete",1993,1416405,"1,5"
China,1990,Urban,Male,55,Census - de facto - complete tabulation,"Final figure, complete",1993,1361615,"1,5"
China,1990,Urban,Male,55 - 59,Census - de facto - complete tabulation,"Final figure, complete",1993,6441112,"1,5"
China,1990,Urban,Male,56,Census - de facto - complete tabulation,"Final figure, complete",1993,1371360,"1,5"
China,1990,Urban,Male,57,Census - de facto - complete tabulation,"Final figure, complete",1993,1327282,"1,5"
China,1990,Urban,Male,58,Census - de facto - complete tabulation,"Final figure, complete",1993,1205267,"1,5"
China,1990,Urban,Male,59,Census - de facto - complete tabulation,"Final figure, complete",1993,1175588,"1,5"
China,1990,Urban,Male,60,Census - de facto - complete tabulation,"Final figure, complete",1993,1149984,"1,5"
China,1990,Urban,Male,60 - 64,Census - de facto - complete tabulation,"Final figure, complete",1993,4788101,"1,5"
China,1990,Urban,Male,61,Census - de facto - complete tabulation,"Final figure, complete",1993,994568,"1,5"
China,1990,Urban,Male,62,Census - de facto - complete tabulation,"Final figure, complete",1993,983436,"1,5"
China,1990,Urban,Male,63,Census - de facto - complete tabulation,"Final figure, complete",1993,855627,"1,5"
China,1990,Urban,Male,64,Census - de facto - complete tabulation,"Final figure, complete",1993,804486,"1,5"
China,1990,Urban,Male,65,Census - de facto - complete tabulation,"Final figure, complete",1993,767441,"1,5"
China,1990,Urban,Male,65 - 69,Census - de facto - complete tabulation,"Final figure, complete",1993,3221607,"1,5"
China,1990,Urban,Male,66,Census - de facto - complete tabulation,"Final figure, complete",1993,699409,"1,5"
China,1990,Urban,Male,67,Census - de facto - complete tabulation,"Final figure, complete",1993,609925,"1,5"
China,1990,Urban,Male,68,Census - de facto - complete tabulation,"Final figure, complete",1993,599520,"1,5"
China,1990,Urban,Male,69,Census - de facto - complete tabulation,"Final figure, complete",1993,545312,"1,5"
China,1990,Urban,Male,70,Census - de facto - complete tabulation,"Final figure, complete",1993,499624,"1,5"
China,1990,Urban,Male,70 - 74,Census - de facto - complete tabulation,"Final figure, complete",1993,1975563,"1,5"
China,1990,Urban,Male,71,Census - de facto - complete tabulation,"Final figure, complete",1993,418673,"1,5"
China,1990,Urban,Male,72,Census - de facto - complete tabulation,"Final figure, complete",1993,387107,"1,5"
China,1990,Urban,Male,73,Census - de facto - complete tabulation,"Final figure, complete",1993,354138,"1,5"
China,1990,Urban,Male,74,Census - de facto - complete tabulation,"Final figure, complete",1993,316021,"1,5"
China,1990,Urban,Male,75,Census - de facto - complete tabulation,"Final figure, complete",1993,282863,"1,5"
China,1990,Urban,Male,75 - 79,Census - de facto - complete tabulation,"Final figure, complete",1993,1119433,"1,5"
China,1990,Urban,Male,76,Census - de facto - complete tabulation,"Final figure, complete",1993,271320,"1,5"
China,1990,Urban,Male,77,Census - de facto - complete tabulation,"Final figure, complete",1993,217850,"1,5"
China,1990,Urban,Male,78,Census - de facto - complete tabulation,"Final figure, complete",1993,186309,"1,5"
China,1990,Urban,Male,79,Census - de facto - complete tabulation,"Final figure, complete",1993,161091,"1,5"
China,1990,Urban,Male,80,Census - de facto - complete tabulation,"Final figure, complete",1993,138427,1
China,1990,Urban,Male,80 - 84,Census - de facto - complete tabulation,"Final figure, complete",1993,478547,"1,5"
China,1990,Urban,Male,81,Census - de facto - complete tabulation,"Final figure, complete",1993,111855,"1,5"
China,1990,Urban,Male,82,Census - de facto - complete tabulation,"Final figure, complete",1993,91688,"1,5"
China,1990,Urban,Male,83,Census - de facto - complete tabulation,"Final figure, complete",1993,74310,"1,5"
China,1990,Urban,Male,84,Census - de facto - complete tabulation,"Final figure, complete",1993,62267,"1,5"
China,1990,Urban,Male,85,Census - de facto - complete tabulation,"Final figure, complete",1993,48870,"1,5"
China,1990,Urban,Male,85 - 89,Census - de facto - complete tabulation,"Final figure, complete",1993,155697,"1,5"
China,1990,Urban,Male,86,Census - de facto - complete tabulation,"Final figure, complete",1993,38072,"1,5"
China,1990,Urban,Male,87,Census - de facto - complete tabulation,"Final figure, complete",1993,29196,"1,5"
China,1990,Urban,Male,88,Census - de facto - complete tabulation,"Final figure, complete",1993,22943,"1,5"
China,1990,Urban,Male,89,Census - de facto - complete tabulation,"Final figure, complete",1993,16616,"1,5"
China,1990,Urban,Male,90,Census - de facto - complete tabulation,"Final figure, complete",1993,10549,"1,5"
China,1990,Urban,Male,90 - 94,Census - de facto - complete tabulation,"Final figure, complete",1993,26568,"1,5"
China,1990,Urban,Male,91,Census - de facto - complete tabulation,"Final figure, complete",1993,6304,"1,5"
China,1990,Urban,Male,92,Census - de facto - complete tabulation,"Final figure, complete",1993,4592,"1,5"
China,1990,Urban,Male,93,Census - de facto - complete tabulation,"Final figure, complete",1993,3061,"1,5"
China,1990,Urban,Male,94,Census - de facto - complete tabulation,"Final figure, complete",1993,2062,"1,5"
China,1990,Urban,Male,95,Census - de facto - complete tabulation,"Final figure, complete",1993,1409,"1,5"
China,1990,Urban,Male,95 - 99,Census - de facto - complete tabulation,"Final figure, complete",1993,3827,"1,5"
China,1990,Urban,Male,96,Census - de facto - complete tabulation,"Final figure, complete",1993,980,"1,5"
China,1990,Urban,Male,97,Census - de facto - complete tabulation,"Final figure, complete",1993,614,"1,5"
China,1990,Urban,Male,98,Census - de facto - complete tabulation,"Final figure, complete",1993,485,"1,5"
China,1990,Urban,Male,99,Census - de facto - complete tabulation,"Final figure, complete",1993,339,"1,5"
China,1990,Urban,Male,100 +,Census - de facto - complete tabulation,"Final figure, complete",1993,377,"1,5"
China,1990,Urban,Male,Unknown,Census - de facto - complete tabulation,"Final figure, complete",1993,0,"1,5"
China,1990,Urban,Female,Total,Census - de facto - complete tabulation,"Final figure, complete",1993,141966728,"1,5"
China,1990,Urban,Female,0,Census - de facto - complete tabulation,"Final figure, complete",1993,2199225,"1,5"
China,1990,Urban,Female,1,Census - de facto - complete tabulation,"Final figure, complete",1993,2303837,"1,5"
China,1990,Urban,Female,1 - 4,Census - de facto - complete tabulation,"Final figure, complete",1993,9220569,"1,5"
China,1990,Urban,Female,2,Census - de facto - complete tabulation,"Final figure, complete",1993,2395670,"1,5"
China,1990,Urban,Female,3,Census - de facto - complete tabulation,"Final figure, complete",1993,2398114,"1,5"
China,1990,Urban,Female,4,Census - de facto - complete tabulation,"Final figure, complete",1993,2122948,"1,5"
China,1990,Urban,Female,5,Census - de facto - complete tabulation,"Final figure, complete",1993,1955478,"1,5"
China,1990,Urban,Female,5 - 9,Census - de facto - complete tabulation,"Final figure, complete",1993,10337790,"1,5"
China,1990,Urban,Female,6,Census - de facto - complete tabulation,"Final figure, complete",1993,1975946,"1,5"
China,1990,Urban,Female,7,Census - de facto - complete tabulation,"Final figure, complete",1993,2232260,"1,5"
China,1990,Urban,Female,8,Census - de facto - complete tabulation,"Final figure, complete",1993,2378716,"1,5"
China,1990,Urban,Female,9,Census - de facto - complete tabulation,"Final figure, complete",1993,1795390,"1,5"
China,1990,Urban,Female,10,Census - de facto - complete tabulation,"Final figure, complete",1993,1956450,"1,5"
China,1990,Urban,Female,10 - 14,Census - de facto - complete tabulation,"Final figure, complete",1993,9994123,"1,5"
China,1990,Urban,Female,11,Census - de facto - complete tabulation,"Final figure, complete",1993,2008339,"1,5"
China,1990,Urban,Female,12,Census - de facto - complete tabulation,"Final figure, complete",1993,1973550,"1,5"
China,1990,Urban,Female,13,Census - de facto - complete tabulation,"Final figure, complete",1993,1971435,"1,5"
China,1990,Urban,Female,14,Census - de facto - complete tabulation,"Final figure, complete",1993,2084349,"1,5"
China,1990,Urban,Female,15,Census - de facto - complete tabulation,"Final figure, complete",1993,2213312,1
China,1990,Urban,Female,15 - 19,Census - de facto - complete tabulation,"Final figure, complete",1993,14000512,"1,5"
China,1990,Urban,Female,16,Census - de facto - complete tabulation,"Final figure, complete",1993,2498883,"1,5"
China,1990,Urban,Female,17,Census - de facto - complete tabulation,"Final figure, complete",1993,2903039,"1,5"
China,1990,Urban,Female,18,Census - de facto - complete tabulation,"Final figure, complete",1993,3064130,"1,5"
China,1990,Urban,Female,19,Census - de facto - complete tabulation,"Final figure, complete",1993,3321148,"1,5"
China,1990,Urban,Female,20,Census - de facto - complete tabulation,"Final figure, complete",1993,3378876,1
China,1990,Urban,Female,20 - 24,Census - de facto - complete tabulation,"Final figure, complete",1993,15976864,"1,5"
China,1990,Urban,Female,21,Census - de facto - complete tabulation,"Final figure, complete",1993,3549919,"1,5"
China,1990,Urban,Female,22,Census - de facto - complete tabulation,"Final figure, complete",1993,3102239,"1,5"
China,1990,Urban,Female,23,Census - de facto - complete tabulation,"Final figure, complete",1993,2752595,"1,5"
China,1990,Urban,Female,24,Census - de facto - complete tabulation,"Final figure, complete",1993,3193235,"1,5"
China,1990,Urban,Female,25,Census - de facto - complete tabulation,"Final figure, complete",1993,3340804,"1,5"
China,1990,Urban,Female,25 - 29,Census - de facto - complete tabulation,"Final figure, complete",1993,15399722,"1,5"
China,1990,Urban,Female,26,Census - de facto - complete tabulation,"Final figure, complete",1993,3778294,"1,5"
China,1990,Urban,Female,27,Census - de facto - complete tabulation,"Final figure, complete",1993,4001130,"1,5"
China,1990,Urban,Female,28,Census - de facto - complete tabulation,"Final figure, complete",1993,2283776,"1,5"
China,1990,Urban,Female,29,Census - de facto - complete tabulation,"Final figure, complete",1993,1995718,"1,5"
China,1990,Urban,Female,30,Census - de facto - complete tabulation,"Final figure, complete",1993,2412459,"1,5"
China,1990,Urban,Female,30 - 34,Census - de facto - complete tabulation,"Final figure, complete",1993,13029822,"1,5"
China,1990,Urban,Female,31,Census - de facto - complete tabulation,"Final figure, complete",1993,2298263,"1,5"
China,1990,Urban,Female,32,Census - de facto - complete tabulation,"Final figure, complete",1993,2936034,"1,5"
China,1990,Urban,Female,33,Census - de facto - complete tabulation,"Final figure, complete",1993,2745737,"1,5"
China,1990,Urban,Female,34,Census - de facto - complete tabulation,"Final figure, complete",1993,2637329,"1,5"
China,1990,Urban,Female,35,Census - de facto - complete tabulation,"Final figure, complete",1993,2807895,"1,5"
China,1990,Urban,Female,35 - 39,Census - de facto - complete tabulation,"Final figure, complete",1993,12208886,"1,5"
China,1990,Urban,Female,36,Census - de facto - complete tabulation,"Final figure, complete",1993,2656353,"1,5"
China,1990,Urban,Female,37,Census - de facto - complete tabulation,"Final figure, complete",1993,2409401,"1,5"
China,1990,Urban,Female,38,Census - de facto - complete tabulation,"Final figure, complete",1993,2309146,"1,5"
China,1990,Urban,Female,39,Census - de facto - complete tabulation,"Final figure, complete",1993,2026091,"1,5"
China,1990,Urban,Female,40,Census - de facto - complete tabulation,"Final figure, complete",1993,2085908,"1,5"
China,1990,Urban,Female,40 - 44,Census - de facto - complete tabulation,"Final figure, complete",1993,8483772,"1,5"
China,1990,Urban,Female,41,Census - de facto - complete tabulation,"Final figure, complete",1993,1735622,"1,5"
China,1990,Urban,Female,42,Census - de facto - complete tabulation,"Final figure, complete",1993,1632966,"1,5"
China,1990,Urban,Female,43,Census - de facto - complete tabulation,"Final figure, complete",1993,1578760,"1,5"
China,1990,Urban,Female,44,Census - de facto - complete tabulation,"Final figure, complete",1993,1450516,"1,5"
China,1990,Urban,Female,45,Census - de facto - complete tabulation,"Final figure, complete",1993,1371880,"1,5"
China,1990,Urban,Female,45 - 49,Census - de facto - complete tabulation,"Final figure, complete",1993,6647595,"1,5"
China,1990,Urban,Female,46,Census - de facto - complete tabulation,"Final figure, complete",1993,1300058,"1,5"
China,1990,Urban,Female,47,Census - de facto - complete tabulation,"Final figure, complete",1993,1294791,"1,5"
China,1990,Urban,Female,48,Census - de facto - complete tabulation,"Final figure, complete",1993,1338553,"1,5"
China,1990,Urban,Female,49,Census - de facto - complete tabulation,"Final figure, complete",1993,1342313,"1,5"
China,1990,Urban,Female,50,Census - de facto - complete tabulation,"Final figure, complete",1993,1330760,"1,5"
China,1990,Urban,Female,50 - 54,Census - de facto - complete tabulation,"Final figure, complete",1993,6526792,"1,5"
China,1990,Urban,Female,51,Census - de facto - complete tabulation,"Final figure, complete",1993,1300502,"1,5"
China,1990,Urban,Female,52,Census - de facto - complete tabulation,"Final figure, complete",1993,1314713,"1,5"
China,1990,Urban,Female,53,Census - de facto - complete tabulation,"Final figure, complete",1993,1285122,1
China,1990,Urban,Female,54,Census - de facto - complete tabulation,"Final figure, complete",1993,1295695,"1,5"
China,1990,Urban,Female,55,Census - de facto - complete tabulation,"Final figure, complete",1993,1250296,"1,5"
China,1990,Urban,Female,55 - 59,Census - de facto - complete tabulation,"Final figure, complete",1993,5578748,"1,5"
China,1990,Urban,Female,56,Census - de facto - complete tabulation,"Final figure, complete",1993,1203179,"1,5"
China,1990,Urban,Female,57,Census - de facto - complete tabulation,"Final figure, complete",1993,1148383,"1,5"
China,1990,Urban,Female,58,Census - de facto - complete tabulation,"Final figure, complete",1993,1013102,"1,5"
China,1990,Urban,Female,59,Census - de facto - complete tabulation,"Final figure, complete",1993,963788,"1,5"
China,1990,Urban,Female,60,Census - de facto - complete tabulation,"Final figure, complete",1993,981178,"1,5"
China,1990,Urban,Female,60 - 64,Census - de facto - complete tabulation,"Final figure, complete",1993,4228586,"1,5"
China,1990,Urban,Female,61,Census - de facto - complete tabulation,"Final figure, complete",1993,880811,"1,5"
China,1990,Urban,Female,62,Census - de facto - complete tabulation,"Final figure, complete",1993,873073,"1,5"
China,1990,Urban,Female,63,Census - de facto - complete tabulation,"Final figure, complete",1993,762349,"1,5"
China,1990,Urban,Female,64,Census - de facto - complete tabulation,"Final figure, complete",1993,731175,"1,5"
China,1990,Urban,Female,65,Census - de facto - complete tabulation,"Final figure, complete",1993,734081,"1,5"
China,1990,Urban,Female,65 - 69,Census - de facto - complete tabulation,"Final figure, complete",1993,3176416,"1,5"
China,1990,Urban,Female,66,Census - de facto - complete tabulation,"Final figure, complete",1993,684559,"1,5"
China,1990,Urban,Female,67,Census - de facto - complete tabulation,"Final figure, complete",1993,604170,"1,5"
China,1990,Urban,Female,68,Census - de facto - complete tabulation,"Final figure, complete",1993,595753,"1,5"
China,1990,Urban,Female,69,Census - de facto - complete tabulation,"Final figure, complete",1993,557853,"1,5"
China,1990,Urban,Female,70,Census - de facto - complete tabulation,"Final figure, complete",1993,525938,"1,5"
China,1990,Urban,Female,70 - 74,Census - de facto - complete tabulation,"Final figure, complete",1993,2217750,"1,5"
China,1990,Urban,Female,71,Census - de facto - complete tabulation,"Final figure, complete",1993,459204,"1,5"
China,1990,Urban,Female,72,Census - de facto - complete tabulation,"Final figure, complete",1993,438936,"1,5"
China,1990,Urban,Female,73,Census - de facto - complete tabulation,"Final figure, complete",1993,410328,"1,5"
China,1990,Urban,Female,74,Census - de facto - complete tabulation,"Final figure, complete",1993,383344,"1,5"
China,1990,Urban,Female,75,Census - de facto - complete tabulation,"Final figure, complete",1993,350311,"1,5"
China,1990,Urban,Female,75 - 79,Census - de facto - complete tabulation,"Final figure, complete",1993,1479836,"1,5"
China,1990,Urban,Female,76,Census - de facto - complete tabulation,"Final figure, complete",1993,347678,"1,5"
China,1990,Urban,Female,77,Census - de facto - complete tabulation,"Final figure, complete",1993,290684,"1,5"
China,1990,Urban,Female,78,Census - de facto - complete tabulation,"Final figure, complete",1993,257492,"1,5"
China,1990,Urban,Female,79,Census - de facto - complete tabulation,"Final figure, complete",1993,233671,"1,5"
China,1990,Urban,Female,80,Census - de facto - complete tabulation,"Final figure, complete",1993,217541,1
China,1990,Urban,Female,80 - 84,Census - de facto - complete tabulation,"Final figure, complete",1993,822302,"1,5"
China,1990,Urban,Female,81,Census - de facto - complete tabulation,"Final figure, complete",1993,186149,"1,5"
China,1990,Urban,Female,82,Census - de facto - complete tabulation,"Final figure, complete",1993,158772,"1,5"
China,1990,Urban,Female,83,Census - de facto - complete tabulation,"Final figure, complete",1993,136236,"1,5"
China,1990,Urban,Female,84,Census - de facto - complete tabulation,"Final figure, complete",1993,123604,"1,5"
China,1990,Urban,Female,85,Census - de facto - complete tabulation,"Final figure, complete",1993,102334,"1,5"
China,1990,Urban,Female,85 - 89,Census - de facto - complete tabulation,"Final figure, complete",1993,347189,"1,5"
China,1990,Urban,Female,86,Census - de facto - complete tabulation,"Final figure, complete",1993,83013,"1,5"
China,1990,Urban,Female,87,Census - de facto - complete tabulation,"Final figure, complete",1993,66739,"1,5"
China,1990,Urban,Female,88,Census - de facto - complete tabulation,"Final figure, complete",1993,53539,"1,5"
China,1990,Urban,Female,89,Census - de facto - complete tabulation,"Final figure, complete",1993,41564,"1,5"
China,1990,Urban,Female,90,Census - de facto - complete tabulation,"Final figure, complete",1993,28291,"1,5"
China,1990,Urban,Female,90 - 94,Census - de facto - complete tabulation,"Final figure, complete",1993,75938,"1,5"
China,1990,Urban,Female,91,Census - de facto - complete tabulation,"Final figure, complete",1993,17953,"1,5"
China,1990,Urban,Female,92,Census - de facto - complete tabulation,"Final figure, complete",1993,13558,"1,5"
China,1990,Urban,Female,93,Census - de facto - complete tabulation,"Final figure, complete",1993,9490,"1,5"
China,1990,Urban,Female,94,Census - de facto - complete tabulation,"Final figure, complete",1993,6646,"1,5"
China,1990,Urban,Female,95,Census - de facto - complete tabulation,"Final figure, complete",1993,4765,"1,5"
China,1990,Urban,Female,95 - 99,Census - de facto - complete tabulation,"Final figure, complete",1993,12925,"1,5"
China,1990,Urban,Female,96,Census - de facto - complete tabulation,"Final figure, complete",1993,3252,"1,5"
China,1990,Urban,Female,97,Census - de facto - complete tabulation,"Final figure, complete",1993,2195,"1,5"
China,1990,Urban,Female,98,Census - de facto - complete tabulation,"Final figure, complete",1993,1598,"1,5"
China,1990,Urban,Female,99,Census - de facto - complete tabulation,"Final figure, complete",1993,1115,"1,5"
China,1990,Urban,Female,100 +,Census - de facto - complete tabulation,"Final figure, complete",1993,1366,"1,5"
China,1990,Urban,Female,Unknown,Census - de facto - complete tabulation,"Final figure, complete",1993,0,"1,5"
China,1990,Rural,Both Sexes,Total,Census - de facto - complete tabulation,"Final figure, complete",1993,834365458,"1,5"
China,1990,Rural,Both Sexes,0,Census - de facto - complete tabulation,"Final figure, complete",1993,18605363,"1,5"
China,1990,Rural,Both Sexes,1,Census - de facto - complete tabulation,"Final figure, complete",1993,18496273,"1,5"
China,1990,Rural,Both Sexes,1 - 4,Census - de facto - complete tabulation,"Final figure, complete",1993,73967514,"1,5"
China,1990,Rural,Both Sexes,2,Census - de facto - complete tabulation,"Final figure, complete",1993,19175819,"1,5"
China,1990,Rural,Both Sexes,3,Census - de facto - complete tabulation,"Final figure, complete",1993,19301965,"1,5"
China,1990,Rural,Both Sexes,4,Census - de facto - complete tabulation,"Final figure, complete",1993,16993457,"1,5"
China,1990,Rural,Both Sexes,5,Census - de facto - complete tabulation,"Final figure, complete",1993,15913116,"1,5"
China,1990,Rural,Both Sexes,5 - 9,Census - de facto - complete tabulation,"Final figure, complete",1993,77833505,"1,5"
China,1990,Rural,Both Sexes,6,Census - de facto - complete tabulation,"Final figure, complete",1993,14946658,"1,5"
China,1990,Rural,Both Sexes,7,Census - de facto - complete tabulation,"Final figure, complete",1993,15556273,"1,5"
China,1990,Rural,Both Sexes,8,Census - de facto - complete tabulation,"Final figure, complete",1993,17068303,"1,5"
China,1990,Rural,Both Sexes,9,Census - de facto - complete tabulation,"Final figure, complete",1993,14349155,"1,5"
China,1990,Rural,Both Sexes,10,Census - de facto - complete tabulation,"Final figure, complete",1993,15143721,"1,5"
China,1990,Rural,Both Sexes,10 - 14,Census - de facto - complete tabulation,"Final figure, complete",1993,76477901,"1,5"
China,1990,Rural,Both Sexes,11,Census - de facto - complete tabulation,"Final figure, complete",1993,15133669,"1,5"
China,1990,Rural,Both Sexes,12,Census - de facto - complete tabulation,"Final figure, complete",1993,14771298,"1,5"
China,1990,Rural,Both Sexes,13,Census - de facto - complete tabulation,"Final figure, complete",1993,15278888,"1,5"
China,1990,Rural,Both Sexes,14,Census - de facto - complete tabulation,"Final figure, complete",1993,16150325,"1,5"
China,1990,Rural,Both Sexes,15,Census - de facto - complete tabulation,"Final figure, complete",1993,17094090,1
China,1990,Rural,Both Sexes,15 - 19,Census - de facto - complete tabulation,"Final figure, complete",1993,91301435,"1,5"
China,1990,Rural,Both Sexes,16,Census - de facto - complete tabulation,"Final figure, complete",1993,18395088,"1,5"
China,1990,Rural,Both Sexes,17,Census - de facto - complete tabulation,"Final figure, complete",1993,18600818,"1,5"
China,1990,Rural,Both Sexes,18,Census - de facto - complete tabulation,"Final figure, complete",1993,18157197,"1,5"
China,1990,Rural,Both Sexes,19,Census - de facto - complete tabulation,"Final figure, complete",1993,19054242,"1,5"
China,1990,Rural,Both Sexes,20,Census - de facto - complete tabulation,"Final figure, complete",1993,18940269,1
China,1990,Rural,Both Sexes,20 - 24,Census - de facto - complete tabulation,"Final figure, complete",1993,92134999,"1,5"
China,1990,Rural,Both Sexes,21,Census - de facto - complete tabulation,"Final figure, complete",1993,19704998,"1,5"
China,1990,Rural,Both Sexes,22,Census - de facto - complete tabulation,"Final figure, complete",1993,18000403,"1,5"
China,1990,Rural,Both Sexes,23,Census - de facto - complete tabulation,"Final figure, complete",1993,17017332,"1,5"
China,1990,Rural,Both Sexes,24,Census - de facto - complete tabulation,"Final figure, complete",1993,18471997,"1,5"
China,1990,Rural,Both Sexes,25,Census - de facto - complete tabulation,"Final figure, complete",1993,17455032,"1,5"
China,1990,Rural,Both Sexes,25 - 29,Census - de facto - complete tabulation,"Final figure, complete",1993,71843089,"1,5"
China,1990,Rural,Both Sexes,26,Census - de facto - complete tabulation,"Final figure, complete",1993,17345801,"1,5"
China,1990,Rural,Both Sexes,27,Census - de facto - complete tabulation,"Final figure, complete",1993,18580018,"1,5"
China,1990,Rural,Both Sexes,28,Census - de facto - complete tabulation,"Final figure, complete",1993,11116206,"1,5"
China,1990,Rural,Both Sexes,29,Census - de facto - complete tabulation,"Final figure, complete",1993,7346032,"1,5"
China,1990,Rural,Both Sexes,30,Census - de facto - complete tabulation,"Final figure, complete",1993,9351763,"1,5"
China,1990,Rural,Both Sexes,30 - 34,Census - de facto - complete tabulation,"Final figure, complete",1993,56483281,"1,5"
China,1990,Rural,Both Sexes,31,Census - de facto - complete tabulation,"Final figure, complete",1993,9512632,"1,5"
China,1990,Rural,Both Sexes,32,Census - de facto - complete tabulation,"Final figure, complete",1993,12859691,"1,5"
China,1990,Rural,Both Sexes,33,Census - de facto - complete tabulation,"Final figure, complete",1993,12613211,"1,5"
China,1990,Rural,Both Sexes,34,Census - de facto - complete tabulation,"Final figure, complete",1993,12145984,"1,5"
China,1990,Rural,Both Sexes,35,Census - de facto - complete tabulation,"Final figure, complete",1993,13513283,"1,5"
China,1990,Rural,Both Sexes,35 - 39,Census - de facto - complete tabulation,"Final figure, complete",1993,60835992,"1,5"
China,1990,Rural,Both Sexes,36,Census - de facto - complete tabulation,"Final figure, complete",1993,12803846,"1,5"
China,1990,Rural,Both Sexes,37,Census - de facto - complete tabulation,"Final figure, complete",1993,12203570,"1,5"
China,1990,Rural,Both Sexes,38,Census - de facto - complete tabulation,"Final figure, complete",1993,12052214,"1,5"
China,1990,Rural,Both Sexes,39,Census - de facto - complete tabulation,"Final figure, complete",1993,10263079,"1,5"
China,1990,Rural,Both Sexes,40,Census - de facto - complete tabulation,"Final figure, complete",1993,10867584,"1,5"
China,1990,Rural,Both Sexes,40 - 44,Census - de facto - complete tabulation,"Final figure, complete",1993,45475907,"1,5"
China,1990,Rural,Both Sexes,41,Census - de facto - complete tabulation,"Final figure, complete",1993,9312827,"1,5"
China,1990,Rural,Both Sexes,42,Census - de facto - complete tabulation,"Final figure, complete",1993,8889541,"1,5"
China,1990,Rural,Both Sexes,43,Census - de facto - complete tabulation,"Final figure, complete",1993,8525855,"1,5"
China,1990,Rural,Both Sexes,44,Census - de facto - complete tabulation,"Final figure, complete",1993,7880100,"1,5"
China,1990,Rural,Both Sexes,45,Census - de facto - complete tabulation,"Final figure, complete",1993,7524864,"1,5"
China,1990,Rural,Both Sexes,45 - 49,Census - de facto - complete tabulation,"Final figure, complete",1993,34990374,"1,5"
China,1990,Rural,Both Sexes,46,Census - de facto - complete tabulation,"Final figure, complete",1993,7179714,"1,5"
China,1990,Rural,Both Sexes,47,Census - de facto - complete tabulation,"Final figure, complete",1993,6712509,"1,5"
China,1990,Rural,Both Sexes,48,Census - de facto - complete tabulation,"Final figure, complete",1993,6863562,"1,5"
China,1990,Rural,Both Sexes,49,Census - de facto - complete tabulation,"Final figure, complete",1993,6709725,"1,5"
China,1990,Rural,Both Sexes,50,Census - de facto - complete tabulation,"Final figure, complete",1993,6452391,"1,5"
China,1990,Rural,Both Sexes,50 - 54,Census - de facto - complete tabulation,"Final figure, complete",1993,31889005,"1,5"
China,1990,Rural,Both Sexes,51,Census - de facto - complete tabulation,"Final figure, complete",1993,6228627,"1,5"
China,1990,Rural,Both Sexes,52,Census - de facto - complete tabulation,"Final figure, complete",1993,6450801,"1,5"
China,1990,Rural,Both Sexes,53,Census - de facto - complete tabulation,"Final figure, complete",1993,6371611,1
China,1990,Rural,Both Sexes,54,Census - de facto - complete tabulation,"Final figure, complete",1993,6385575,"1,5"
China,1990,Rural,Both Sexes,55,Census - de facto - complete tabulation,"Final figure, complete",1993,6192449,"1,5"
China,1990,Rural,Both Sexes,55 - 59,Census - de facto - complete tabulation,"Final figure, complete",1993,29689475,"1,5"
China,1990,Rural,Both Sexes,56,Census - de facto - complete tabulation,"Final figure, complete",1993,6227979,"1,5"
China,1990,Rural,Both Sexes,57,Census - de facto - complete tabulation,"Final figure, complete",1993,6145079,"1,5"
China,1990,Rural,Both Sexes,58,Census - de facto - complete tabulation,"Final figure, complete",1993,5628546,"1,5"
China,1990,Rural,Both Sexes,59,Census - de facto - complete tabulation,"Final figure, complete",1993,5495422,"1,5"
China,1990,Rural,Both Sexes,60,Census - de facto - complete tabulation,"Final figure, complete",1993,5599783,"1,5"
China,1990,Rural,Both Sexes,60 - 64,Census - de facto - complete tabulation,"Final figure, complete",1993,24959567,"1,5"
China,1990,Rural,Both Sexes,61,Census - de facto - complete tabulation,"Final figure, complete",1993,5091100,"1,5"
China,1990,Rural,Both Sexes,62,Census - de facto - complete tabulation,"Final figure, complete",1993,5203623,"1,5"
China,1990,Rural,Both Sexes,63,Census - de facto - complete tabulation,"Final figure, complete",1993,4615897,"1,5"
China,1990,Rural,Both Sexes,64,Census - de facto - complete tabulation,"Final figure, complete",1993,4449164,"1,5"
China,1990,Rural,Both Sexes,65,Census - de facto - complete tabulation,"Final figure, complete",1993,4667520,"1,5"
China,1990,Rural,Both Sexes,65 - 69,Census - de facto - complete tabulation,"Final figure, complete",1993,19934497,"1,5"
China,1990,Rural,Both Sexes,66,Census - de facto - complete tabulation,"Final figure, complete",1993,4312906,"1,5"
China,1990,Rural,Both Sexes,67,Census - de facto - complete tabulation,"Final figure, complete",1993,3775535,"1,5"
China,1990,Rural,Both Sexes,68,Census - de facto - complete tabulation,"Final figure, complete",1993,3690254,"1,5"
China,1990,Rural,Both Sexes,69,Census - de facto - complete tabulation,"Final figure, complete",1993,3488282,"1,5"
China,1990,Rural,Both Sexes,70,Census - de facto - complete tabulation,"Final figure, complete",1993,3426795,"1,5"
China,1990,Rural,Both Sexes,70 - 74,Census - de facto - complete tabulation,"Final figure, complete",1993,13857267,"1,5"
China,1990,Rural,Both Sexes,71,Census - de facto - complete tabulation,"Final figure, complete",1993,2854719,"1,5"
China,1990,Rural,Both Sexes,72,Census - de facto - complete tabulation,"Final figure, complete",1993,2703080,"1,5"
China,1990,Rural,Both Sexes,73,Census - de facto - complete tabulation,"Final figure, complete",1993,2536970,"1,5"
China,1990,Rural,Both Sexes,74,Census - de facto - complete tabulation,"Final figure, complete",1993,2335703,"1,5"
China,1990,Rural,Both Sexes,75,Census - de facto - complete tabulation,"Final figure, complete",1993,2103738,"1,5"
China,1990,Rural,Both Sexes,75 - 79,Census - de facto - complete tabulation,"Final figure, complete",1993,8334655,"1,5"
China,1990,Rural,Both Sexes,76,Census - de facto - complete tabulation,"Final figure, complete",1993,1995034,"1,5"
China,1990,Rural,Both Sexes,77,Census - de facto - complete tabulation,"Final figure, complete",1993,1614529,"1,5"
China,1990,Rural,Both Sexes,78,Census - de facto - complete tabulation,"Final figure, complete",1993,1402520,"1,5"
China,1990,Rural,Both Sexes,79,Census - de facto - complete tabulation,"Final figure, complete",1993,1218834,"1,5"
China,1990,Rural,Both Sexes,80,Census - de facto - complete tabulation,"Final figure, complete",1993,1138813,1
China,1990,Rural,Both Sexes,80 - 84,Census - de facto - complete tabulation,"Final figure, complete",1993,4051841,"1,5"
China,1990,Rural,Both Sexes,81,Census - de facto - complete tabulation,"Final figure, complete",1993,938181,"1,5"
China,1990,Rural,Both Sexes,82,Census - de facto - complete tabulation,"Final figure, complete",1993,778798,"1,5"
China,1990,Rural,Both Sexes,83,Census - de facto - complete tabulation,"Final figure, complete",1993,642109,"1,5"
China,1990,Rural,Both Sexes,84,Census - de facto - complete tabulation,"Final figure, complete",1993,553940,"1,5"
China,1990,Rural,Both Sexes,85,Census - de facto - complete tabulation,"Final figure, complete",1993,442532,"1,5"
China,1990,Rural,Both Sexes,85 - 89,Census - de facto - complete tabulation,"Final figure, complete",1993,1404658,"1,5"
China,1990,Rural,Both Sexes,86,Census - de facto - complete tabulation,"Final figure, complete",1993,346734,"1,5"
China,1990,Rural,Both Sexes,87,Census - de facto - complete tabulation,"Final figure, complete",1993,266339,"1,5"
China,1990,Rural,Both Sexes,88,Census - de facto - complete tabulation,"Final figure, complete",1993,201308,"1,5"
China,1990,Rural,Both Sexes,89,Census - de facto - complete tabulation,"Final figure, complete",1993,147745,"1,5"
China,1990,Rural,Both Sexes,90,Census - de facto - complete tabulation,"Final figure, complete",1993,100333,"1,5"
China,1990,Rural,Both Sexes,90 - 94,Census - de facto - complete tabulation,"Final figure, complete",1993,249096,"1,5"
China,1990,Rural,Both Sexes,91,Census - de facto - complete tabulation,"Final figure, complete",1993,56456,"1,5"
China,1990,Rural,Both Sexes,92,Census - de facto - complete tabulation,"Final figure, complete",1993,42668,"1,5"
China,1990,Rural,Both Sexes,93,Census - de facto - complete tabulation,"Final figure, complete",1993,29290,"1,5"
China,1990,Rural,Both Sexes,94,Census - de facto - complete tabulation,"Final figure, complete",1993,20349,"1,5"
China,1990,Rural,Both Sexes,95,Census - de facto - complete tabulation,"Final figure, complete",1993,15223,"1,5"
China,1990,Rural,Both Sexes,95 - 99,Census - de facto - complete tabulation,"Final figure, complete",1993,41099,"1,5"
China,1990,Rural,Both Sexes,96,Census - de facto - complete tabulation,"Final figure, complete",1993,9952,"1,5"
China,1990,Rural,Both Sexes,97,Census - de facto - complete tabulation,"Final figure, complete",1993,6832,"1,5"
China,1990,Rural,Both Sexes,98,Census - de facto - complete tabulation,"Final figure, complete",1993,5442,"1,5"
China,1990,Rural,Both Sexes,99,Census - de facto - complete tabulation,"Final figure, complete",1993,3650,"1,5"
China,1990,Rural,Both Sexes,100 +,Census - de facto - complete tabulation,"Final figure, complete",1993,4938,"1,5"
China,1990,Rural,Both Sexes,Unknown,Census - de facto - complete tabulation,"Final figure, complete",1993,0,"1,5"
China,1990,Rural,Male,Total,Census - de facto - complete tabulation,"Final figure, complete",1993,427641955,"1,5"
China,1990,Rural,Male,0,Census - de facto - complete tabulation,"Final figure, complete",1993,9838642,"1,5"
China,1990,Rural,Male,1,Census - de facto - complete tabulation,"Final figure, complete",1993,9773057,"1,5"
China,1990,Rural,Male,1 - 4,Census - de facto - complete tabulation,"Final figure, complete",1993,38764740,"1,5"
China,1990,Rural,Male,2,Census - de facto - complete tabulation,"Final figure, complete",1993,10062986,"1,5"
China,1990,Rural,Male,3,Census - de facto - complete tabulation,"Final figure, complete",1993,10082504,"1,5"
China,1990,Rural,Male,4,Census - de facto - complete tabulation,"Final figure, complete",1993,8846193,"1,5"
China,1990,Rural,Male,5,Census - de facto - complete tabulation,"Final figure, complete",1993,8291737,"1,5"
China,1990,Rural,Male,5 - 9,Census - de facto - complete tabulation,"Final figure, complete",1993,40465427,"1,5"
China,1990,Rural,Male,6,Census - de facto - complete tabulation,"Final figure, complete",1993,7789024,"1,5"
China,1990,Rural,Male,7,Census - de facto - complete tabulation,"Final figure, complete",1993,8110673,"1,5"
China,1990,Rural,Male,8,Census - de facto - complete tabulation,"Final figure, complete",1993,8851177,"1,5"
China,1990,Rural,Male,9,Census - de facto - complete tabulation,"Final figure, complete",1993,7422816,"1,5"
China,1990,Rural,Male,10,Census - de facto - complete tabulation,"Final figure, complete",1993,7832407,"1,5"
China,1990,Rural,Male,10 - 14,Census - de facto - complete tabulation,"Final figure, complete",1993,39428925,"1,5"
China,1990,Rural,Male,11,Census - de facto - complete tabulation,"Final figure, complete",1993,7806390,"1,5"
China,1990,Rural,Male,12,Census - de facto - complete tabulation,"Final figure, complete",1993,7607372,"1,5"
China,1990,Rural,Male,13,Census - de facto - complete tabulation,"Final figure, complete",1993,7871021,"1,5"
China,1990,Rural,Male,14,Census - de facto - complete tabulation,"Final figure, complete",1993,8311735,"1,5"
China,1990,Rural,Male,15,Census - de facto - complete tabulation,"Final figure, complete",1993,8787238,1
China,1990,Rural,Male,15 - 19,Census - de facto - complete tabulation,"Final figure, complete",1993,46794115,"1,5"
China,1990,Rural,Male,16,Census - de facto - complete tabulation,"Final figure, complete",1993,9450280,"1,5"
China,1990,Rural,Male,17,Census - de facto - complete tabulation,"Final figure, complete",1993,9548603,"1,5"
China,1990,Rural,Male,18,Census - de facto - complete tabulation,"Final figure, complete",1993,9293173,"1,5"
China,1990,Rural,Male,19,Census - de facto - complete tabulation,"Final figure, complete",1993,9714821,"1,5"
China,1990,Rural,Male,20,Census - de facto - complete tabulation,"Final figure, complete",1993,9474416,1
China,1990,Rural,Male,20 - 24,Census - de facto - complete tabulation,"Final figure, complete",1993,46583712,"1,5"
China,1990,Rural,Male,21,Census - de facto - complete tabulation,"Final figure, complete",1993,9919897,"1,5"
China,1990,Rural,Male,22,Census - de facto - complete tabulation,"Final figure, complete",1993,9136891,"1,5"
China,1990,Rural,Male,23,Census - de facto - complete tabulation,"Final figure, complete",1993,8637803,"1,5"
China,1990,Rural,Male,24,Census - de facto - complete tabulation,"Final figure, complete",1993,9414705,"1,5"
China,1990,Rural,Male,25,Census - de facto - complete tabulation,"Final figure, complete",1993,8869087,"1,5"
China,1990,Rural,Male,25 - 29,Census - de facto - complete tabulation,"Final figure, complete",1993,36488269,"1,5"
China,1990,Rural,Male,26,Census - de facto - complete tabulation,"Final figure, complete",1993,8795621,"1,5"
China,1990,Rural,Male,27,Census - de facto - complete tabulation,"Final figure, complete",1993,9520865,"1,5"
China,1990,Rural,Male,28,Census - de facto - complete tabulation,"Final figure, complete",1993,5616865,"1,5"
China,1990,Rural,Male,29,Census - de facto - complete tabulation,"Final figure, complete",1993,3685831,"1,5"
China,1990,Rural,Male,30,Census - de facto - complete tabulation,"Final figure, complete",1993,4840780,"1,5"
China,1990,Rural,Male,30 - 34,Census - de facto - complete tabulation,"Final figure, complete",1993,29343529,"1,5"
China,1990,Rural,Male,31,Census - de facto - complete tabulation,"Final figure, complete",1993,4967857,"1,5"
China,1990,Rural,Male,32,Census - de facto - complete tabulation,"Final figure, complete",1993,6742603,"1,5"
China,1990,Rural,Male,33,Census - de facto - complete tabulation,"Final figure, complete",1993,6537406,"1,5"
China,1990,Rural,Male,34,Census - de facto - complete tabulation,"Final figure, complete",1993,6254883,"1,5"
China,1990,Rural,Male,35,Census - de facto - complete tabulation,"Final figure, complete",1993,6995488,"1,5"
China,1990,Rural,Male,35 - 39,Census - de facto - complete tabulation,"Final figure, complete",1993,31261913,"1,5"
China,1990,Rural,Male,36,Census - de facto - complete tabulation,"Final figure, complete",1993,6581839,"1,5"
China,1990,Rural,Male,37,Census - de facto - complete tabulation,"Final figure, complete",1993,6257429,"1,5"
China,1990,Rural,Male,38,Census - de facto - complete tabulation,"Final figure, complete",1993,6178585,"1,5"
China,1990,Rural,Male,39,Census - de facto - complete tabulation,"Final figure, complete",1993,5248572,"1,5"
China,1990,Rural,Male,40,Census - de facto - complete tabulation,"Final figure, complete",1993,5654103,"1,5"
China,1990,Rural,Male,40 - 44,Census - de facto - complete tabulation,"Final figure, complete",1993,23587992,"1,5"
China,1990,Rural,Male,41,Census - de facto - complete tabulation,"Final figure, complete",1993,4843110,"1,5"
China,1990,Rural,Male,42,Census - de facto - complete tabulation,"Final figure, complete",1993,4626129,"1,5"
China,1990,Rural,Male,43,Census - de facto - complete tabulation,"Final figure, complete",1993,4418419,"1,5"
China,1990,Rural,Male,44,Census - de facto - complete tabulation,"Final figure, complete",1993,4046231,"1,5"
China,1990,Rural,Male,45,Census - de facto - complete tabulation,"Final figure, complete",1993,3913416,"1,5"
China,1990,Rural,Male,45 - 49,Census - de facto - complete tabulation,"Final figure, complete",1993,18405928,"1,5"
China,1990,Rural,Male,46,Census - de facto - complete tabulation,"Final figure, complete",1993,3776831,"1,5"
China,1990,Rural,Male,47,Census - de facto - complete tabulation,"Final figure, complete",1993,3544461,"1,5"
China,1990,Rural,Male,48,Census - de facto - complete tabulation,"Final figure, complete",1993,3620595,"1,5"
China,1990,Rural,Male,49,Census - de facto - complete tabulation,"Final figure, complete",1993,3550625,"1,5"
China,1990,Rural,Male,50,Census - de facto - complete tabulation,"Final figure, complete",1993,3410426,"1,5"
China,1990,Rural,Male,50 - 54,Census - de facto - complete tabulation,"Final figure, complete",1993,16906593,"1,5"
China,1990,Rural,Male,51,Census - de facto - complete tabulation,"Final figure, complete",1993,3325531,"1,5"
China,1990,Rural,Male,52,Census - de facto - complete tabulation,"Final figure, complete",1993,3451783,"1,5"
China,1990,Rural,Male,53,Census - de facto - complete tabulation,"Final figure, complete",1993,3369525,1
China,1990,Rural,Male,54,Census - de facto - complete tabulation,"Final figure, complete",1993,3349328,"1,5"
China,1990,Rural,Male,55,Census - de facto - complete tabulation,"Final figure, complete",1993,3218841,"1,5"
China,1990,Rural,Male,55 - 59,Census - de facto - complete tabulation,"Final figure, complete",1993,15398825,"1,5"
China,1990,Rural,Male,56,Census - de facto - complete tabulation,"Final figure, complete",1993,3246917,"1,5"
China,1990,Rural,Male,57,Census - de facto - complete tabulation,"Final figure, complete",1993,3198042,"1,5"
China,1990,Rural,Male,58,Census - de facto - complete tabulation,"Final figure, complete",1993,2900941,"1,5"
China,1990,Rural,Male,59,Census - de facto - complete tabulation,"Final figure, complete",1993,2834084,"1,5"
China,1990,Rural,Male,60,Census - de facto - complete tabulation,"Final figure, complete",1993,2869849,"1,5"
China,1990,Rural,Male,60 - 64,Census - de facto - complete tabulation,"Final figure, complete",1993,12693847,"1,5"
China,1990,Rural,Male,61,Census - de facto - complete tabulation,"Final figure, complete",1993,2590620,"1,5"
China,1990,Rural,Male,62,Census - de facto - complete tabulation,"Final figure, complete",1993,2651938,"1,5"
China,1990,Rural,Male,63,Census - de facto - complete tabulation,"Final figure, complete",1993,2344632,"1,5"
China,1990,Rural,Male,64,Census - de facto - complete tabulation,"Final figure, complete",1993,2236808,"1,5"
China,1990,Rural,Male,65,Census - de facto - complete tabulation,"Final figure, complete",1993,2291403,"1,5"
China,1990,Rural,Male,65 - 69,Census - de facto - complete tabulation,"Final figure, complete",1993,9695878,"1,5"
China,1990,Rural,Male,66,Census - de facto - complete tabulation,"Final figure, complete",1993,2113678,"1,5"
China,1990,Rural,Male,67,Census - de facto - complete tabulation,"Final figure, complete",1993,1838587,"1,5"
China,1990,Rural,Male,68,Census - de facto - complete tabulation,"Final figure, complete",1993,1785202,"1,5"
China,1990,Rural,Male,69,Census - de facto - complete tabulation,"Final figure, complete",1993,1667008,"1,5"
China,1990,Rural,Male,70,Census - de facto - complete tabulation,"Final figure, complete",1993,1609098,"1,5"
China,1990,Rural,Male,70 - 74,Census - de facto - complete tabulation,"Final figure, complete",1993,6368641,"1,5"
China,1990,Rural,Male,71,Census - de facto - complete tabulation,"Final figure, complete",1993,1322956,"1,5"
China,1990,Rural,Male,72,Census - de facto - complete tabulation,"Final figure, complete",1993,1243124,"1,5"
China,1990,Rural,Male,73,Census - de facto - complete tabulation,"Final figure, complete",1993,1152313,"1,5"
China,1990,Rural,Male,74,Census - de facto - complete tabulation,"Final figure, complete",1993,1041150,"1,5"
China,1990,Rural,Male,75,Census - de facto - complete tabulation,"Final figure, complete",1993,926452,"1,5"
China,1990,Rural,Male,75 - 79,Census - de facto - complete tabulation,"Final figure, complete",1993,3569671,"1,5"
China,1990,Rural,Male,76,Census - de facto - complete tabulation,"Final figure, complete",1993,869275,"1,5"
China,1990,Rural,Male,77,Census - de facto - complete tabulation,"Final figure, complete",1993,688917,"1,5"
China,1990,Rural,Male,78,Census - de facto - complete tabulation,"Final figure, complete",1993,587762,"1,5"
China,1990,Rural,Male,79,Census - de facto - complete tabulation,"Final figure, complete",1993,497265,"1,5"
China,1990,Rural,Male,80,Census - de facto - complete tabulation,"Final figure, complete",1993,447831,1
China,1990,Rural,Male,80 - 84,Census - de facto - complete tabulation,"Final figure, complete",1993,1515407,"1,5"
China,1990,Rural,Male,81,Census - de facto - complete tabulation,"Final figure, complete",1993,357369,"1,5"
China,1990,Rural,Male,82,Census - de facto - complete tabulation,"Final figure, complete",1993,288951,"1,5"
China,1990,Rural,Male,83,Census - de facto - complete tabulation,"Final figure, complete",1993,229800,"1,5"
China,1990,Rural,Male,84,Census - de facto - complete tabulation,"Final figure, complete",1993,191456,"1,5"
China,1990,Rural,Male,85,Census - de facto - complete tabulation,"Final figure, complete",1993,148500,"1,5"
China,1990,Rural,Male,85 - 89,Census - de facto - complete tabulation,"Final figure, complete",1993,450049,"1,5"
China,1990,Rural,Male,86,Census - de facto - complete tabulation,"Final figure, complete",1993,112633,"1,5"
China,1990,Rural,Male,87,Census - de facto - complete tabulation,"Final figure, complete",1993,84145,"1,5"
China,1990,Rural,Male,88,Census - de facto - complete tabulation,"Final figure, complete",1993,61435,"1,5"
China,1990,Rural,Male,89,Census - de facto - complete tabulation,"Final figure, complete",1993,43336,"1,5"
China,1990,Rural,Male,90,Census - de facto - complete tabulation,"Final figure, complete",1993,29053,"1,5"
China,1990,Rural,Male,90 - 94,Census - de facto - complete tabulation,"Final figure, complete",1993,67952,"1,5"
China,1990,Rural,Male,91,Census - de facto - complete tabulation,"Final figure, complete",1993,15325,"1,5"
China,1990,Rural,Male,92,Census - de facto - complete tabulation,"Final figure, complete",1993,11132,"1,5"
China,1990,Rural,Male,93,Census - de facto - complete tabulation,"Final figure, complete",1993,7449,"1,5"
China,1990,Rural,Male,94,Census - de facto - complete tabulation,"Final figure, complete",1993,4993,"1,5"
China,1990,Rural,Male,95,Census - de facto - complete tabulation,"Final figure, complete",1993,3978,"1,5"
China,1990,Rural,Male,95 - 99,Census - de facto - complete tabulation,"Final figure, complete",1993,10722,"1,5"
China,1990,Rural,Male,96,Census - de facto - complete tabulation,"Final figure, complete",1993,2482,"1,5"
China,1990,Rural,Male,97,Census - de facto - complete tabulation,"Final figure, complete",1993,1744,"1,5"
China,1990,Rural,Male,98,Census - de facto - complete tabulation,"Final figure, complete",1993,1521,"1,5"
China,1990,Rural,Male,99,Census - de facto - complete tabulation,"Final figure, complete",1993,997,"1,5"
China,1990,Rural,Male,100 +,Census - de facto - complete tabulation,"Final figure, complete",1993,1178,"1,5"
China,1990,Rural,Male,Unknown,Census - de facto - complete tabulation,"Final figure, complete",1993,0,"1,5"
China,1990,Rural,Female,Total,Census - de facto - complete tabulation,"Final figure, complete",1993,406723503,"1,5"
China,1990,Rural,Female,0,Census - de facto - complete tabulation,"Final figure, complete",1993,8766721,"1,5"
China,1990,Rural,Female,1,Census - de facto - complete tabulation,"Final figure, complete",1993,8723216,"1,5"
China,1990,Rural,Female,1 - 4,Census - de facto - complete tabulation,"Final figure, complete",1993,35202774,"1,5"
China,1990,Rural,Female,2,Census - de facto - complete tabulation,"Final figure, complete",1993,9112833,"1,5"
China,1990,Rural,Female,3,Census - de facto - complete tabulation,"Final figure, complete",1993,9219461,"1,5"
China,1990,Rural,Female,4,Census - de facto - complete tabulation,"Final figure, complete",1993,8147264,"1,5"
China,1990,Rural,Female,5,Census - de facto - complete tabulation,"Final figure, complete",1993,7621379,"1,5"
China,1990,Rural,Female,5 - 9,Census - de facto - complete tabulation,"Final figure, complete",1993,37368078,"1,5"
China,1990,Rural,Female,6,Census - de facto - complete tabulation,"Final figure, complete",1993,7157634,"1,5"
China,1990,Rural,Female,7,Census - de facto - complete tabulation,"Final figure, complete",1993,7445600,"1,5"
China,1990,Rural,Female,8,Census - de facto - complete tabulation,"Final figure, complete",1993,8217126,"1,5"
China,1990,Rural,Female,9,Census - de facto - complete tabulation,"Final figure, complete",1993,6926339,"1,5"
China,1990,Rural,Female,10,Census - de facto - complete tabulation,"Final figure, complete",1993,7311314,"1,5"
China,1990,Rural,Female,10 - 14,Census - de facto - complete tabulation,"Final figure, complete",1993,37048976,"1,5"
China,1990,Rural,Female,11,Census - de facto - complete tabulation,"Final figure, complete",1993,7327279,"1,5"
China,1990,Rural,Female,12,Census - de facto - complete tabulation,"Final figure, complete",1993,7163926,"1,5"
China,1990,Rural,Female,13,Census - de facto - complete tabulation,"Final figure, complete",1993,7407867,"1,5"
China,1990,Rural,Female,14,Census - de facto - complete tabulation,"Final figure, complete",1993,7838590,"1,5"
China,1990,Rural,Female,15,Census - de facto - complete tabulation,"Final figure, complete",1993,8306852,1
China,1990,Rural,Female,15 - 19,Census - de facto - complete tabulation,"Final figure, complete",1993,44507320,"1,5"
China,1990,Rural,Female,16,Census - de facto - complete tabulation,"Final figure, complete",1993,8944808,"1,5"
China,1990,Rural,Female,17,Census - de facto - complete tabulation,"Final figure, complete",1993,9052215,"1,5"
China,1990,Rural,Female,18,Census - de facto - complete tabulation,"Final figure, complete",1993,8864024,"1,5"
China,1990,Rural,Female,19,Census - de facto - complete tabulation,"Final figure, complete",1993,9339421,"1,5"
China,1990,Rural,Female,20,Census - de facto - complete tabulation,"Final figure, complete",1993,9465853,1
China,1990,Rural,Female,20 - 24,Census - de facto - complete tabulation,"Final figure, complete",1993,45551287,"1,5"
China,1990,Rural,Female,21,Census - de facto - complete tabulation,"Final figure, complete",1993,9785101,"1,5"
China,1990,Rural,Female,22,Census - de facto - complete tabulation,"Final figure, complete",1993,8863512,"1,5"
China,1990,Rural,Female,23,Census - de facto - complete tabulation,"Final figure, complete",1993,8379529,"1,5"
China,1990,Rural,Female,24,Census - de facto - complete tabulation,"Final figure, complete",1993,9057292,"1,5"
China,1990,Rural,Female,25,Census - de facto - complete tabulation,"Final figure, complete",1993,8585945,"1,5"
China,1990,Rural,Female,25 - 29,Census - de facto - complete tabulation,"Final figure, complete",1993,35354820,"1,5"
China,1990,Rural,Female,26,Census - de facto - complete tabulation,"Final figure, complete",1993,8550180,"1,5"
China,1990,Rural,Female,27,Census - de facto - complete tabulation,"Final figure, complete",1993,9059153,"1,5"
China,1990,Rural,Female,28,Census - de facto - complete tabulation,"Final figure, complete",1993,5499341,"1,5"
China,1990,Rural,Female,29,Census - de facto - complete tabulation,"Final figure, complete",1993,3660201,"1,5"
China,1990,Rural,Female,30,Census - de facto - complete tabulation,"Final figure, complete",1993,4510983,"1,5"
China,1990,Rural,Female,30 - 34,Census - de facto - complete tabulation,"Final figure, complete",1993,27139752,"1,5"
China,1990,Rural,Female,31,Census - de facto - complete tabulation,"Final figure, complete",1993,4544775,"1,5"
China,1990,Rural,Female,32,Census - de facto - complete tabulation,"Final figure, complete",1993,6117088,"1,5"
China,1990,Rural,Female,33,Census - de facto - complete tabulation,"Final figure, complete",1993,6075805,"1,5"
China,1990,Rural,Female,34,Census - de facto - complete tabulation,"Final figure, complete",1993,5891101,"1,5"
China,1990,Rural,Female,35,Census - de facto - complete tabulation,"Final figure, complete",1993,6517795,"1,5"
China,1990,Rural,Female,35 - 39,Census - de facto - complete tabulation,"Final figure, complete",1993,29574079,"1,5"
China,1990,Rural,Female,36,Census - de facto - complete tabulation,"Final figure, complete",1993,6222007,"1,5"
China,1990,Rural,Female,37,Census - de facto - complete tabulation,"Final figure, complete",1993,5946141,"1,5"
China,1990,Rural,Female,38,Census - de facto - complete tabulation,"Final figure, complete",1993,5873629,"1,5"
China,1990,Rural,Female,39,Census - de facto - complete tabulation,"Final figure, complete",1993,5014507,"1,5"
China,1990,Rural,Female,40,Census - de facto - complete tabulation,"Final figure, complete",1993,5213481,"1,5"
China,1990,Rural,Female,40 - 44,Census - de facto - complete tabulation,"Final figure, complete",1993,21887915,"1,5"
China,1990,Rural,Female,41,Census - de facto - complete tabulation,"Final figure, complete",1993,4469717,"1,5"
China,1990,Rural,Female,42,Census - de facto - complete tabulation,"Final figure, complete",1993,4263412,"1,5"
China,1990,Rural,Female,43,Census - de facto - complete tabulation,"Final figure, complete",1993,4107436,"1,5"
China,1990,Rural,Female,44,Census - de facto - complete tabulation,"Final figure, complete",1993,3833869,"1,5"
China,1990,Rural,Female,45,Census - de facto - complete tabulation,"Final figure, complete",1993,3611448,"1,5"
China,1990,Rural,Female,45 - 49,Census - de facto - complete tabulation,"Final figure, complete",1993,16584446,"1,5"
China,1990,Rural,Female,46,Census - de facto - complete tabulation,"Final figure, complete",1993,3402883,"1,5"
China,1990,Rural,Female,47,Census - de facto - complete tabulation,"Final figure, complete",1993,3168048,"1,5"
China,1990,Rural,Female,48,Census - de facto - complete tabulation,"Final figure, complete",1993,3242967,"1,5"
China,1990,Rural,Female,49,Census - de facto - complete tabulation,"Final figure, complete",1993,3159100,"1,5"
China,1990,Rural,Female,50,Census - de facto - complete tabulation,"Final figure, complete",1993,3041965,"1,5"
China,1990,Rural,Female,50 - 54,Census - de facto - complete tabulation,"Final figure, complete",1993,14982412,"1,5"
China,1990,Rural,Female,51,Census - de facto - complete tabulation,"Final figure, complete",1993,2903096,"1,5"
China,1990,Rural,Female,52,Census - de facto - complete tabulation,"Final figure, complete",1993,2999018,"1,5"
China,1990,Rural,Female,53,Census - de facto - complete tabulation,"Final figure, complete",1993,3002086,1
China,1990,Rural,Female,54,Census - de facto - complete tabulation,"Final figure, complete",1993,3036247,"1,5"
China,1990,Rural,Female,55,Census - de facto - complete tabulation,"Final figure, complete",1993,2973608,"1,5"
China,1990,Rural,Female,55 - 59,Census - de facto - complete tabulation,"Final figure, complete",1993,14290650,"1,5"
China,1990,Rural,Female,56,Census - de facto - complete tabulation,"Final figure, complete",1993,2981062,"1,5"
China,1990,Rural,Female,57,Census - de facto - complete tabulation,"Final figure, complete",1993,2947037,"1,5"
China,1990,Rural,Female,58,Census - de facto - complete tabulation,"Final figure, complete",1993,2727605,"1,5"
China,1990,Rural,Female,59,Census - de facto - complete tabulation,"Final figure, complete",1993,2661338,"1,5"
China,1990,Rural,Female,60,Census - de facto - complete tabulation,"Final figure, complete",1993,2729934,"1,5"
China,1990,Rural,Female,60 - 64,Census - de facto - complete tabulation,"Final figure, complete",1993,12265720,"1,5"
China,1990,Rural,Female,61,Census - de facto - complete tabulation,"Final figure, complete",1993,2500480,"1,5"
China,1990,Rural,Female,62,Census - de facto - complete tabulation,"Final figure, complete",1993,2551685,"1,5"
China,1990,Rural,Female,63,Census - de facto - complete tabulation,"Final figure, complete",1993,2271265,"1,5"
China,1990,Rural,Female,64,Census - de facto - complete tabulation,"Final figure, complete",1993,2212356,"1,5"
China,1990,Rural,Female,65,Census - de facto - complete tabulation,"Final figure, complete",1993,2376117,"1,5"
China,1990,Rural,Female,65 - 69,Census - de facto - complete tabulation,"Final figure, complete",1993,10238619,"1,5"
China,1990,Rural,Female,66,Census - de facto - complete tabulation,"Final figure, complete",1993,2199228,"1,5"
China,1990,Rural,Female,67,Census - de facto - complete tabulation,"Final figure, complete",1993,1936948,"1,5"
China,1990,Rural,Female,68,Census - de facto - complete tabulation,"Final figure, complete",1993,1905052,"1,5"
China,1990,Rural,Female,69,Census - de facto - complete tabulation,"Final figure, complete",1993,1821274,"1,5"
China,1990,Rural,Female,70,Census - de facto - complete tabulation,"Final figure, complete",1993,1817697,"1,5"
China,1990,Rural,Female,70 - 74,Census - de facto - complete tabulation,"Final figure, complete",1993,7488626,"1,5"
China,1990,Rural,Female,71,Census - de facto - complete tabulation,"Final figure, complete",1993,1531763,"1,5"
China,1990,Rural,Female,72,Census - de facto - complete tabulation,"Final figure, complete",1993,1459956,"1,5"
China,1990,Rural,Female,73,Census - de facto - complete tabulation,"Final figure, complete",1993,1384657,"1,5"
China,1990,Rural,Female,74,Census - de facto - complete tabulation,"Final figure, complete",1993,1294553,"1,5"
China,1990,Rural,Female,75,Census - de facto - complete tabulation,"Final figure, complete",1993,1177286,"1,5"
China,1990,Rural,Female,75 - 79,Census - de facto - complete tabulation,"Final figure, complete",1993,4764984,"1,5"
China,1990,Rural,Female,76,Census - de facto - complete tabulation,"Final figure, complete",1993,1125759,"1,5"
China,1990,Rural,Female,77,Census - de facto - complete tabulation,"Final figure, complete",1993,925612,"1,5"
China,1990,Rural,Female,78,Census - de facto - complete tabulation,"Final figure, complete",1993,814758,"1,5"
China,1990,Rural,Female,79,Census - de facto - complete tabulation,"Final figure, complete",1993,721569,"1,5"
China,1990,Rural,Female,80,Census - de facto - complete tabulation,"Final figure, complete",1993,690982,1
China,1990,Rural,Female,80 - 84,Census - de facto - complete tabulation,"Final figure, complete",1993,2536434,"1,5"
China,1990,Rural,Female,81,Census - de facto - complete tabulation,"Final figure, complete",1993,580812,"1,5"
China,1990,Rural,Female,82,Census - de facto - complete tabulation,"Final figure, complete",1993,489847,"1,5"
China,1990,Rural,Female,83,Census - de facto - complete tabulation,"Final figure, complete",1993,412309,"1,5"
China,1990,Rural,Female,84,Census - de facto - complete tabulation,"Final figure, complete",1993,362484,"1,5"
China,1990,Rural,Female,85,Census - de facto - complete tabulation,"Final figure, complete",1993,294032,"1,5"
China,1990,Rural,Female,85 - 89,Census - de facto - complete tabulation,"Final figure, complete",1993,954609,"1,5"
China,1990,Rural,Female,86,Census - de facto - complete tabulation,"Final figure, complete",1993,234101,"1,5"
China,1990,Rural,Female,87,Census - de facto - complete tabulation,"Final figure, complete",1993,182194,"1,5"
China,1990,Rural,Female,88,Census - de facto - complete tabulation,"Final figure, complete",1993,139873,"1,5"
China,1990,Rural,Female,89,Census - de facto - complete tabulation,"Final figure, complete",1993,104409,"1,5"
China,1990,Rural,Female,90,Census - de facto - complete tabulation,"Final figure, complete",1993,71280,"1,5"
China,1990,Rural,Female,90 - 94,Census - de facto - complete tabulation,"Final figure, complete",1993,181144,"1,5"
China,1990,Rural,Female,91,Census - de facto - complete tabulation,"Final figure, complete",1993,41131,"1,5"
China,1990,Rural,Female,92,Census - de facto - complete tabulation,"Final figure, complete",1993,31536,"1,5"
China,1990,Rural,Female,93,Census - de facto - complete tabulation,"Final figure, complete",1993,21841,"1,5"
China,1990,Rural,Female,94,Census - de facto - complete tabulation,"Final figure, complete",1993,15356,"1,5"
China,1990,Rural,Female,95,Census - de facto - complete tabulation,"Final figure, complete",1993,11245,"1,5"
China,1990,Rural,Female,95 - 99,Census - de facto - complete tabulation,"Final figure, complete",1993,30377,"1,5"
China,1990,Rural,Female,96,Census - de facto - complete tabulation,"Final figure, complete",1993,7470,"1,5"
China,1990,Rural,Female,97,Census - de facto - complete tabulation,"Final figure, complete",1993,5088,"1,5"
China,1990,Rural,Female,98,Census - de facto - complete tabulation,"Final figure, complete",1993,3921,"1,5"
China,1990,Rural,Female,99,Census - de facto - complete tabulation,"Final figure, complete",1993,2653,"1,5"
China,1990,Rural,Female,100 +,Census - de facto - complete tabulation,"Final figure, complete",1993,3760,"1,5"
China,1990,Rural,Female,Unknown,Census - de facto - complete tabulation,"Final figure, complete",1993,0,"1,5"
China,1987,Total,Both Sexes,Total,Sample survey - de facto,"Final figure, complete",1989,1067930800,1
China,1987,Total,Both Sexes,0,Sample survey - de facto,"Final figure, complete",1989,22718200,1
China,1987,Total,Both Sexes,1,Sample survey - de facto,"Final figure, complete",1989,20103300,1
China,1987,Total,Both Sexes,1 - 4,Sample survey - de facto,"Final figure, complete",1989,76549900,1
China,1987,Total,Both Sexes,2,Sample survey - de facto,"Final figure, complete",1989,18528200,1
China,1987,Total,Both Sexes,3,Sample survey - de facto,"Final figure, complete",1989,18159500,1
China,1987,Total,Both Sexes,4,Sample survey - de facto,"Final figure, complete",1989,19758900,1
China,1987,Total,Both Sexes,5,Sample survey - de facto,"Final figure, complete",1989,21920400,1
China,1987,Total,Both Sexes,5 - 9,Sample survey - de facto,"Final figure, complete",1989,96910100,1
China,1987,Total,Both Sexes,6,Sample survey - de facto,"Final figure, complete",1989,18094400,1
China,1987,Total,Both Sexes,7,Sample survey - de facto,"Final figure, complete",1989,19011300,1
China,1987,Total,Both Sexes,8,Sample survey - de facto,"Final figure, complete",1989,19404300,1
China,1987,Total,Both Sexes,9,Sample survey - de facto,"Final figure, complete",1989,18479700,1
China,1987,Total,Both Sexes,10,Sample survey - de facto,"Final figure, complete",1989,19443400,1
China,1987,Total,Both Sexes,10 - 14,Sample survey - de facto,"Final figure, complete",1989,110989400,1
China,1987,Total,Both Sexes,11,Sample survey - de facto,"Final figure, complete",1989,20351100,1
China,1987,Total,Both Sexes,12,Sample survey - de facto,"Final figure, complete",1989,22049900,1
China,1987,Total,Both Sexes,13,Sample survey - de facto,"Final figure, complete",1989,23983700,1
China,1987,Total,Both Sexes,14,Sample survey - de facto,"Final figure, complete",1989,25161300,1
China,1987,Total,Both Sexes,15,Sample survey - de facto,"Final figure, complete",1989,25100400,1
China,1987,Total,Both Sexes,15 - 19,Sample survey - de facto,"Final figure, complete",1989,128071600,1
China,1987,Total,Both Sexes,16,Sample survey - de facto,"Final figure, complete",1989,27018200,1
China,1987,Total,Both Sexes,17,Sample survey - de facto,"Final figure, complete",1989,25751800,1
China,1987,Total,Both Sexes,18,Sample survey - de facto,"Final figure, complete",1989,27061200,1
China,1987,Total,Both Sexes,19,Sample survey - de facto,"Final figure, complete",1989,23140000,1
China,1987,Total,Both Sexes,20,Sample survey - de facto,"Final figure, complete",1989,22052300,1
China,1987,Total,Both Sexes,20 - 24,Sample survey - de facto,"Final figure, complete",1989,121513600,1
China,1987,Total,Both Sexes,21,Sample survey - de facto,"Final figure, complete",1989,23953300,1
China,1987,Total,Both Sexes,22,Sample survey - de facto,"Final figure, complete",1989,23749200,1
China,1987,Total,Both Sexes,23,Sample survey - de facto,"Final figure, complete",1989,24800300,1
China,1987,Total,Both Sexes,24,Sample survey - de facto,"Final figure, complete",1989,26958500,1
China,1987,Total,Both Sexes,25,Sample survey - de facto,"Final figure, complete",1989,15894800,1
China,1987,Total,Both Sexes,25 - 29,Sample survey - de facto,"Final figure, complete",1989,74364400,1
China,1987,Total,Both Sexes,26,Sample survey - de facto,"Final figure, complete",1989,11477300,1
China,1987,Total,Both Sexes,27,Sample survey - de facto,"Final figure, complete",1989,13938900,1
China,1987,Total,Both Sexes,28,Sample survey - de facto,"Final figure, complete",1989,14307900,1
China,1987,Total,Both Sexes,29,Sample survey - de facto,"Final figure, complete",1989,18745500,1
China,1987,Total,Both Sexes,30,Sample survey - de facto,"Final figure, complete",1989,18410500,1
China,1987,Total,Both Sexes,30 - 34,Sample survey - de facto,"Final figure, complete",1989,89705100,1
China,1987,Total,Both Sexes,31,Sample survey - de facto,"Final figure, complete",1989,17208300,1
China,1987,Total,Both Sexes,32,Sample survey - de facto,"Final figure, complete",1989,19054700,1
China,1987,Total,Both Sexes,33,Sample survey - de facto,"Final figure, complete",1989,17932700,1
China,1987,Total,Both Sexes,34,Sample survey - de facto,"Final figure, complete",1989,17098900,1
China,1987,Total,Both Sexes,35,Sample survey - de facto,"Final figure, complete",1989,16757600,1
China,1987,Total,Both Sexes,35 - 39,Sample survey - de facto,"Final figure, complete",1989,71375000,1
China,1987,Total,Both Sexes,36,Sample survey - de facto,"Final figure, complete",1989,14440100,1
China,1987,Total,Both Sexes,37,Sample survey - de facto,"Final figure, complete",1989,14890700,1
China,1987,Total,Both Sexes,38,Sample survey - de facto,"Final figure, complete",1989,13057700,1
China,1987,Total,Both Sexes,39,Sample survey - de facto,"Final figure, complete",1989,12228900,1
China,1987,Total,Both Sexes,40,Sample survey - de facto,"Final figure, complete",1989,12280900,1
China,1987,Total,Both Sexes,40 - 44,Sample survey - de facto,"Final figure, complete",1989,52663200,1
China,1987,Total,Both Sexes,41,Sample survey - de facto,"Final figure, complete",1989,10799900,1
China,1987,Total,Both Sexes,42,Sample survey - de facto,"Final figure, complete",1989,10352100,1
China,1987,Total,Both Sexes,43,Sample survey - de facto,"Final figure, complete",1989,9814900,1
China,1987,Total,Both Sexes,44,Sample survey - de facto,"Final figure, complete",1989,9415400,1
China,1987,Total,Both Sexes,45,Sample survey - de facto,"Final figure, complete",1989,9783900,1
China,1987,Total,Both Sexes,45 - 49,Sample survey - de facto,"Final figure, complete",1989,46955300,1
China,1987,Total,Both Sexes,46,Sample survey - de facto,"Final figure, complete",1989,9581900,1
China,1987,Total,Both Sexes,47,Sample survey - de facto,"Final figure, complete",1989,9025800,1
China,1987,Total,Both Sexes,48,Sample survey - de facto,"Final figure, complete",1989,9235300,1
China,1987,Total,Both Sexes,49,Sample survey - de facto,"Final figure, complete",1989,9328400,1
China,1987,Total,Both Sexes,50,Sample survey - de facto,"Final figure, complete",1989,9540400,1
China,1987,Total,Both Sexes,50 - 54,Sample survey - de facto,"Final figure, complete",1989,46112200,1
China,1987,Total,Both Sexes,51,Sample survey - de facto,"Final figure, complete",1989,9280400,1
China,1987,Total,Both Sexes,52,Sample survey - de facto,"Final figure, complete",1989,9011100,1
China,1987,Total,Both Sexes,53,Sample survey - de facto,"Final figure, complete",1989,9154300,1
China,1987,Total,Both Sexes,54,Sample survey - de facto,"Final figure, complete",1989,9126000,1
China,1987,Total,Both Sexes,55,Sample survey - de facto,"Final figure, complete",1989,8311900,1
China,1987,Total,Both Sexes,55 - 59,Sample survey - de facto,"Final figure, complete",1989,39507100,1
China,1987,Total,Both Sexes,56,Sample survey - de facto,"Final figure, complete",1989,8134400,1
China,1987,Total,Both Sexes,57,Sample survey - de facto,"Final figure, complete",1989,7933700,1
China,1987,Total,Both Sexes,58,Sample survey - de facto,"Final figure, complete",1989,7553000,1
China,1987,Total,Both Sexes,59,Sample survey - de facto,"Final figure, complete",1989,7574100,1
China,1987,Total,Both Sexes,60,Sample survey - de facto,"Final figure, complete",1989,7014200,1
China,1987,Total,Both Sexes,60 - 64,Sample survey - de facto,"Final figure, complete",1989,31947200,1
China,1987,Total,Both Sexes,61,Sample survey - de facto,"Final figure, complete",1989,6404800,1
China,1987,Total,Both Sexes,62,Sample survey - de facto,"Final figure, complete",1989,6655200,1
China,1987,Total,Both Sexes,63,Sample survey - de facto,"Final figure, complete",1989,6260000,1
China,1987,Total,Both Sexes,64,Sample survey - de facto,"Final figure, complete",1989,5613000,1
China,1987,Total,Both Sexes,65,Sample survey - de facto,"Final figure, complete",1989,5538200,1
China,1987,Total,Both Sexes,65 - 69,Sample survey - de facto,"Final figure, complete",1989,24240500,1
China,1987,Total,Both Sexes,66,Sample survey - de facto,"Final figure, complete",1989,5234400,1
China,1987,Total,Both Sexes,67,Sample survey - de facto,"Final figure, complete",1989,5003400,1
China,1987,Total,Both Sexes,68,Sample survey - de facto,"Final figure, complete",1989,4359600,1
China,1987,Total,Both Sexes,69,Sample survey - de facto,"Final figure, complete",1989,4104900,1
China,1987,Total,Both Sexes,70,Sample survey - de facto,"Final figure, complete",1989,4092700,1
China,1987,Total,Both Sexes,70 - 74,Sample survey - de facto,"Final figure, complete",1989,17225400,1
China,1987,Total,Both Sexes,71,Sample survey - de facto,"Final figure, complete",1989,3621900,1
China,1987,Total,Both Sexes,72,Sample survey - de facto,"Final figure, complete",1989,3355300,1
China,1987,Total,Both Sexes,73,Sample survey - de facto,"Final figure, complete",1989,3365500,1
China,1987,Total,Both Sexes,74,Sample survey - de facto,"Final figure, complete",1989,2790000,1
China,1987,Total,Both Sexes,75,Sample survey - de facto,"Final figure, complete",1989,2470100,1
China,1987,Total,Both Sexes,75 - 79,Sample survey - de facto,"Final figure, complete",1989,10154800,1
China,1987,Total,Both Sexes,76,Sample survey - de facto,"Final figure, complete",1989,2252300,1
China,1987,Total,Both Sexes,77,Sample survey - de facto,"Final figure, complete",1989,2020100,1
China,1987,Total,Both Sexes,78,Sample survey - de facto,"Final figure, complete",1989,1860800,1
China,1987,Total,Both Sexes,79,Sample survey - de facto,"Final figure, complete",1989,1551500,1
China,1987,Total,Both Sexes,80,Sample survey - de facto,"Final figure, complete",1989,1366000,1
China,1987,Total,Both Sexes,80 - 84,Sample survey - de facto,"Final figure, complete",1989,4996800,1
China,1987,Total,Both Sexes,81,Sample survey - de facto,"Final figure, complete",1989,1155100,1
China,1987,Total,Both Sexes,82,Sample survey - de facto,"Final figure, complete",1989,970400,1
China,1987,Total,Both Sexes,83,Sample survey - de facto,"Final figure, complete",1989,814000,1
China,1987,Total,Both Sexes,84,Sample survey - de facto,"Final figure, complete",1989,691300,1
China,1987,Total,Both Sexes,85 +,Sample survey - de facto,"Final figure, complete",1989,1930900,1
China,1987,Total,Both Sexes,Unknown,Sample survey - de facto,"Final figure, complete",1989,0,1
China,1987,Total,Male,Total,Sample survey - de facto,"Final figure, complete",1989,544146900,1
China,1987,Total,Male,0,Sample survey - de facto,"Final figure, complete",1989,11879200,1
China,1987,Total,Male,1,Sample survey - de facto,"Final figure, complete",1989,10600900,1
China,1987,Total,Male,1 - 4,Sample survey - de facto,"Final figure, complete",1989,40106900,1
China,1987,Total,Male,2,Sample survey - de facto,"Final figure, complete",1989,9705900,1
China,1987,Total,Male,3,Sample survey - de facto,"Final figure, complete",1989,9507900,1
China,1987,Total,Male,4,Sample survey - de facto,"Final figure, complete",1989,10292200,1
China,1987,Total,Male,5,Sample survey - de facto,"Final figure, complete",1989,11380200,1
China,1987,Total,Male,5 - 9,Sample survey - de facto,"Final figure, complete",1989,50137500,1
China,1987,Total,Male,6,Sample survey - de facto,"Final figure, complete",1989,9362600,1
China,1987,Total,Male,7,Sample survey - de facto,"Final figure, complete",1989,9905600,1
China,1987,Total,Male,8,Sample survey - de facto,"Final figure, complete",1989,9975900,1
China,1987,Total,Male,9,Sample survey - de facto,"Final figure, complete",1989,9513200,1
China,1987,Total,Male,10,Sample survey - de facto,"Final figure, complete",1989,10040400,1
China,1987,Total,Male,10 - 14,Sample survey - de facto,"Final figure, complete",1989,57158000,1
China,1987,Total,Male,11,Sample survey - de facto,"Final figure, complete",1989,10495000,1
China,1987,Total,Male,12,Sample survey - de facto,"Final figure, complete",1989,11332700,1
China,1987,Total,Male,13,Sample survey - de facto,"Final figure, complete",1989,12349400,1
China,1987,Total,Male,14,Sample survey - de facto,"Final figure, complete",1989,12940500,1
China,1987,Total,Male,15,Sample survey - de facto,"Final figure, complete",1989,12895500,1
China,1987,Total,Male,15 - 19,Sample survey - de facto,"Final figure, complete",1989,65186300,1
China,1987,Total,Male,16,Sample survey - de facto,"Final figure, complete",1989,13789900,1
China,1987,Total,Male,17,Sample survey - de facto,"Final figure, complete",1989,13128500,1
China,1987,Total,Male,18,Sample survey - de facto,"Final figure, complete",1989,13708200,1
China,1987,Total,Male,19,Sample survey - de facto,"Final figure, complete",1989,11664200,1
China,1987,Total,Male,20,Sample survey - de facto,"Final figure, complete",1989,10956100,1
China,1987,Total,Male,20 - 24,Sample survey - de facto,"Final figure, complete",1989,60813400,1
China,1987,Total,Male,21,Sample survey - de facto,"Final figure, complete",1989,11954200,1
China,1987,Total,Male,22,Sample survey - de facto,"Final figure, complete",1989,11858600,1
China,1987,Total,Male,23,Sample survey - de facto,"Final figure, complete",1989,12420200,1
China,1987,Total,Male,24,Sample survey - de facto,"Final figure, complete",1989,13624300,1
China,1987,Total,Male,25,Sample survey - de facto,"Final figure, complete",1989,7956000,1
China,1987,Total,Male,25 - 29,Sample survey - de facto,"Final figure, complete",1989,38036400,1
China,1987,Total,Male,26,Sample survey - de facto,"Final figure, complete",1989,5752600,1
China,1987,Total,Male,27,Sample survey - de facto,"Final figure, complete",1989,7177200,1
China,1987,Total,Male,28,Sample survey - de facto,"Final figure, complete",1989,7387900,1
China,1987,Total,Male,29,Sample survey - de facto,"Final figure, complete",1989,9762700,1
China,1987,Total,Male,30,Sample survey - de facto,"Final figure, complete",1989,9441800,1
China,1987,Total,Male,30 - 34,Sample survey - de facto,"Final figure, complete",1989,45789000,1
China,1987,Total,Male,31,Sample survey - de facto,"Final figure, complete",1989,8787100,1
China,1987,Total,Male,32,Sample survey - de facto,"Final figure, complete",1989,9740600,1
China,1987,Total,Male,33,Sample survey - de facto,"Final figure, complete",1989,9117500,1
China,1987,Total,Male,34,Sample survey - de facto,"Final figure, complete",1989,8702000,1
China,1987,Total,Male,35,Sample survey - de facto,"Final figure, complete",1989,8509400,1
China,1987,Total,Male,35 - 39,Sample survey - de facto,"Final figure, complete",1989,36580900,1
China,1987,Total,Male,36,Sample survey - de facto,"Final figure, complete",1989,7347800,1
China,1987,Total,Male,37,Sample survey - de facto,"Final figure, complete",1989,7711600,1
China,1987,Total,Male,38,Sample survey - de facto,"Final figure, complete",1989,6697700,1
China,1987,Total,Male,39,Sample survey - de facto,"Final figure, complete",1989,6314400,1
China,1987,Total,Male,40,Sample survey - de facto,"Final figure, complete",1989,6346000,1
China,1987,Total,Male,40 - 44,Sample survey - de facto,"Final figure, complete",1989,27186200,1
China,1987,Total,Male,41,Sample survey - de facto,"Final figure, complete",1989,5515300,1
China,1987,Total,Male,42,Sample survey - de facto,"Final figure, complete",1989,5336300,1
China,1987,Total,Male,43,Sample survey - de facto,"Final figure, complete",1989,5096400,1
China,1987,Total,Male,44,Sample survey - de facto,"Final figure, complete",1989,4892200,1
China,1987,Total,Male,45,Sample survey - de facto,"Final figure, complete",1989,5069700,1
China,1987,Total,Male,45 - 49,Sample survey - de facto,"Final figure, complete",1989,24429000,1
China,1987,Total,Male,46,Sample survey - de facto,"Final figure, complete",1989,5010400,1
China,1987,Total,Male,47,Sample survey - de facto,"Final figure, complete",1989,4654800,1
China,1987,Total,Male,48,Sample survey - de facto,"Final figure, complete",1989,4796900,1
China,1987,Total,Male,49,Sample survey - de facto,"Final figure, complete",1989,4897200,1
China,1987,Total,Male,50,Sample survey - de facto,"Final figure, complete",1989,4964100,1
China,1987,Total,Male,50 - 54,Sample survey - de facto,"Final figure, complete",1989,23869800,1
China,1987,Total,Male,51,Sample survey - de facto,"Final figure, complete",1989,4817400,1
China,1987,Total,Male,52,Sample survey - de facto,"Final figure, complete",1989,4621800,1
China,1987,Total,Male,53,Sample survey - de facto,"Final figure, complete",1989,4729500,1
China,1987,Total,Male,54,Sample survey - de facto,"Final figure, complete",1989,4737000,1
China,1987,Total,Male,55,Sample survey - de facto,"Final figure, complete",1989,4325300,1
China,1987,Total,Male,55 - 59,Sample survey - de facto,"Final figure, complete",1989,20465700,1
China,1987,Total,Male,56,Sample survey - de facto,"Final figure, complete",1989,4265100,1
China,1987,Total,Male,57,Sample survey - de facto,"Final figure, complete",1989,4113800,1
China,1987,Total,Male,58,Sample survey - de facto,"Final figure, complete",1989,3872700,1
China,1987,Total,Male,59,Sample survey - de facto,"Final figure, complete",1989,3888800,1
China,1987,Total,Male,60,Sample survey - de facto,"Final figure, complete",1989,3601300,1
China,1987,Total,Male,60 - 64,Sample survey - de facto,"Final figure, complete",1989,16197200,1
China,1987,Total,Male,61,Sample survey - de facto,"Final figure, complete",1989,3271100,1
China,1987,Total,Male,62,Sample survey - de facto,"Final figure, complete",1989,3383700,1
China,1987,Total,Male,63,Sample survey - de facto,"Final figure, complete",1989,3134500,1
China,1987,Total,Male,64,Sample survey - de facto,"Final figure, complete",1989,2806600,1
China,1987,Total,Male,65,Sample survey - de facto,"Final figure, complete",1989,2733100,1
China,1987,Total,Male,65 - 69,Sample survey - de facto,"Final figure, complete",1989,11755100,1
China,1987,Total,Male,66,Sample survey - de facto,"Final figure, complete",1989,2568900,1
China,1987,Total,Male,67,Sample survey - de facto,"Final figure, complete",1989,2428300,1
China,1987,Total,Male,68,Sample survey - de facto,"Final figure, complete",1989,2075500,1
China,1987,Total,Male,69,Sample survey - de facto,"Final figure, complete",1989,1949300,1
China,1987,Total,Male,70,Sample survey - de facto,"Final figure, complete",1989,1922700,1
China,1987,Total,Male,70 - 74,Sample survey - de facto,"Final figure, complete",1989,7901600,1
China,1987,Total,Male,71,Sample survey - de facto,"Final figure, complete",1989,1673800,1
China,1987,Total,Male,72,Sample survey - de facto,"Final figure, complete",1989,1521600,1
China,1987,Total,Male,73,Sample survey - de facto,"Final figure, complete",1989,1537100,1
China,1987,Total,Male,74,Sample survey - de facto,"Final figure, complete",1989,1246400,1
China,1987,Total,Male,75,Sample survey - de facto,"Final figure, complete",1989,1072900,1
China,1987,Total,Male,75 - 79,Sample survey - de facto,"Final figure, complete",1989,4231200,1
China,1987,Total,Male,76,Sample survey - de facto,"Final figure, complete",1989,966600,1
China,1987,Total,Male,77,Sample survey - de facto,"Final figure, complete",1989,845700,1
China,1987,Total,Male,78,Sample survey - de facto,"Final figure, complete",1989,739700,1
China,1987,Total,Male,79,Sample survey - de facto,"Final figure, complete",1989,606300,1
China,1987,Total,Male,80,Sample survey - de facto,"Final figure, complete",1989,524200,1
China,1987,Total,Male,80 - 84,Sample survey - de facto,"Final figure, complete",1989,1831900,1
China,1987,Total,Male,81,Sample survey - de facto,"Final figure, complete",1989,433200,1
China,1987,Total,Male,82,Sample survey - de facto,"Final figure, complete",1989,356500,1
China,1987,Total,Male,83,Sample survey - de facto,"Final figure, complete",1989,285200,1
China,1987,Total,Male,84,Sample survey - de facto,"Final figure, complete",1989,232800,1
China,1987,Total,Male,85 +,Sample survey - de facto,"Final figure, complete",1989,591800,1
China,1987,Total,Male,Unknown,Sample survey - de facto,"Final figure, complete",1989,0,1
China,1987,Total,Female,Total,Sample survey - de facto,"Final figure, complete",1989,523783800,1
China,1987,Total,Female,0,Sample survey - de facto,"Final figure, complete",1989,10839000,1
China,1987,Total,Female,1,Sample survey - de facto,"Final figure, complete",1989,9502400,1
China,1987,Total,Female,1 - 4,Sample survey - de facto,"Final figure, complete",1989,36442900,1
China,1987,Total,Female,2,Sample survey - de facto,"Final figure, complete",1989,8822300,1
China,1987,Total,Female,3,Sample survey - de facto,"Final figure, complete",1989,8651600,1
China,1987,Total,Female,4,Sample survey - de facto,"Final figure, complete",1989,9466600,1
China,1987,Total,Female,5,Sample survey - de facto,"Final figure, complete",1989,10540200,1
China,1987,Total,Female,5 - 9,Sample survey - de facto,"Final figure, complete",1989,46772600,1
China,1987,Total,Female,6,Sample survey - de facto,"Final figure, complete",1989,8731800,1
China,1987,Total,Female,7,Sample survey - de facto,"Final figure, complete",1989,9105700,1
China,1987,Total,Female,8,Sample survey - de facto,"Final figure, complete",1989,9428400,1
China,1987,Total,Female,9,Sample survey - de facto,"Final figure, complete",1989,8966500,1
China,1987,Total,Female,10,Sample survey - de facto,"Final figure, complete",1989,9403000,1
China,1987,Total,Female,10 - 14,Sample survey - de facto,"Final figure, complete",1989,53831400,1
China,1987,Total,Female,11,Sample survey - de facto,"Final figure, complete",1989,9856100,1
China,1987,Total,Female,12,Sample survey - de facto,"Final figure, complete",1989,10717200,1
China,1987,Total,Female,13,Sample survey - de facto,"Final figure, complete",1989,11634400,1
China,1987,Total,Female,14,Sample survey - de facto,"Final figure, complete",1989,12220700,1
China,1987,Total,Female,15,Sample survey - de facto,"Final figure, complete",1989,12204900,1
China,1987,Total,Female,15 - 19,Sample survey - de facto,"Final figure, complete",1989,62885500,1
China,1987,Total,Female,16,Sample survey - de facto,"Final figure, complete",1989,13228400,1
China,1987,Total,Female,17,Sample survey - de facto,"Final figure, complete",1989,12623400,1
China,1987,Total,Female,18,Sample survey - de facto,"Final figure, complete",1989,13353000,1
China,1987,Total,Female,19,Sample survey - de facto,"Final figure, complete",1989,11475800,1
China,1987,Total,Female,20,Sample survey - de facto,"Final figure, complete",1989,11096200,1
China,1987,Total,Female,20 - 24,Sample survey - de facto,"Final figure, complete",1989,60700100,1
China,1987,Total,Female,21,Sample survey - de facto,"Final figure, complete",1989,11999000,1
China,1987,Total,Female,22,Sample survey - de facto,"Final figure, complete",1989,11890600,1
China,1987,Total,Female,23,Sample survey - de facto,"Final figure, complete",1989,12380100,1
China,1987,Total,Female,24,Sample survey - de facto,"Final figure, complete",1989,13334200,1
China,1987,Total,Female,25,Sample survey - de facto,"Final figure, complete",1989,7938800,1
China,1987,Total,Female,25 - 29,Sample survey - de facto,"Final figure, complete",1989,36328000,1
China,1987,Total,Female,26,Sample survey - de facto,"Final figure, complete",1989,5724700,1
China,1987,Total,Female,27,Sample survey - de facto,"Final figure, complete",1989,6761700,1
China,1987,Total,Female,28,Sample survey - de facto,"Final figure, complete",1989,6920000,1
China,1987,Total,Female,29,Sample survey - de facto,"Final figure, complete",1989,8982800,1
China,1987,Total,Female,30,Sample survey - de facto,"Final figure, complete",1989,8968700,1
China,1987,Total,Female,30 - 34,Sample survey - de facto,"Final figure, complete",1989,43916100,1
China,1987,Total,Female,31,Sample survey - de facto,"Final figure, complete",1989,8421200,1
China,1987,Total,Female,32,Sample survey - de facto,"Final figure, complete",1989,9314100,1
China,1987,Total,Female,33,Sample survey - de facto,"Final figure, complete",1989,8815200,1
China,1987,Total,Female,34,Sample survey - de facto,"Final figure, complete",1989,8396900,1
China,1987,Total,Female,35,Sample survey - de facto,"Final figure, complete",1989,8248300,1
China,1987,Total,Female,35 - 39,Sample survey - de facto,"Final figure, complete",1989,34794400,1
China,1987,Total,Female,36,Sample survey - de facto,"Final figure, complete",1989,7092300,1
China,1987,Total,Female,37,Sample survey - de facto,"Final figure, complete",1989,7179200,1
China,1987,Total,Female,38,Sample survey - de facto,"Final figure, complete",1989,6360000,1
China,1987,Total,Female,39,Sample survey - de facto,"Final figure, complete",1989,5914600,1
China,1987,Total,Female,40,Sample survey - de facto,"Final figure, complete",1989,5934900,1
China,1987,Total,Female,40 - 44,Sample survey - de facto,"Final figure, complete",1989,25476900,1
China,1987,Total,Female,41,Sample survey - de facto,"Final figure, complete",1989,5284600,1
China,1987,Total,Female,42,Sample survey - de facto,"Final figure, complete",1989,5015800,1
China,1987,Total,Female,43,Sample survey - de facto,"Final figure, complete",1989,4718500,1
China,1987,Total,Female,44,Sample survey - de facto,"Final figure, complete",1989,4523100,1
China,1987,Total,Female,45,Sample survey - de facto,"Final figure, complete",1989,4714100,1
China,1987,Total,Female,45 - 49,Sample survey - de facto,"Final figure, complete",1989,22526100,1
China,1987,Total,Female,46,Sample survey - de facto,"Final figure, complete",1989,4571500,1
China,1987,Total,Female,47,Sample survey - de facto,"Final figure, complete",1989,4371000,1
China,1987,Total,Female,48,Sample survey - de facto,"Final figure, complete",1989,4438400,1
China,1987,Total,Female,49,Sample survey - de facto,"Final figure, complete",1989,4431100,1
China,1987,Total,Female,50,Sample survey - de facto,"Final figure, complete",1989,4576300,1
China,1987,Total,Female,50 - 54,Sample survey - de facto,"Final figure, complete",1989,22242500,1
China,1987,Total,Female,51,Sample survey - de facto,"Final figure, complete",1989,4463000,1
China,1987,Total,Female,52,Sample survey - de facto,"Final figure, complete",1989,4389300,1
China,1987,Total,Female,53,Sample survey - de facto,"Final figure, complete",1989,4424800,1
China,1987,Total,Female,54,Sample survey - de facto,"Final figure, complete",1989,4389100,1
China,1987,Total,Female,55,Sample survey - de facto,"Final figure, complete",1989,3986600,1
China,1987,Total,Female,55 - 59,Sample survey - de facto,"Final figure, complete",1989,19041400,1
China,1987,Total,Female,56,Sample survey - de facto,"Final figure, complete",1989,3869300,1
China,1987,Total,Female,57,Sample survey - de facto,"Final figure, complete",1989,3819900,1
China,1987,Total,Female,58,Sample survey - de facto,"Final figure, complete",1989,3680300,1
China,1987,Total,Female,59,Sample survey - de facto,"Final figure, complete",1989,3685300,1
China,1987,Total,Female,60,Sample survey - de facto,"Final figure, complete",1989,3412900,1
China,1987,Total,Female,60 - 64,Sample survey - de facto,"Final figure, complete",1989,15749900,1
China,1987,Total,Female,61,Sample survey - de facto,"Final figure, complete",1989,3133700,1
China,1987,Total,Female,62,Sample survey - de facto,"Final figure, complete",1989,3271500,1
China,1987,Total,Female,63,Sample survey - de facto,"Final figure, complete",1989,3125500,1
China,1987,Total,Female,64,Sample survey - de facto,"Final figure, complete",1989,2806300,1
China,1987,Total,Female,65,Sample survey - de facto,"Final figure, complete",1989,2805100,1
China,1987,Total,Female,65 - 69,Sample survey - de facto,"Final figure, complete",1989,12485500,1
China,1987,Total,Female,66,Sample survey - de facto,"Final figure, complete",1989,2665600,1
China,1987,Total,Female,67,Sample survey - de facto,"Final figure, complete",1989,2575100,1
China,1987,Total,Female,68,Sample survey - de facto,"Final figure, complete",1989,2284200,1
China,1987,Total,Female,69,Sample survey - de facto,"Final figure, complete",1989,2155500,1
China,1987,Total,Female,70,Sample survey - de facto,"Final figure, complete",1989,2170000,1
China,1987,Total,Female,70 - 74,Sample survey - de facto,"Final figure, complete",1989,9323900,1
China,1987,Total,Female,71,Sample survey - de facto,"Final figure, complete",1989,1948100,1
China,1987,Total,Female,72,Sample survey - de facto,"Final figure, complete",1989,1833800,1
China,1987,Total,Female,73,Sample survey - de facto,"Final figure, complete",1989,1828400,1
China,1987,Total,Female,74,Sample survey - de facto,"Final figure, complete",1989,1543600,1
China,1987,Total,Female,75,Sample survey - de facto,"Final figure, complete",1989,1397200,1
China,1987,Total,Female,75 - 79,Sample survey - de facto,"Final figure, complete",1989,5923500,1
China,1987,Total,Female,76,Sample survey - de facto,"Final figure, complete",1989,1285700,1
China,1987,Total,Female,77,Sample survey - de facto,"Final figure, complete",1989,1174400,1
China,1987,Total,Female,78,Sample survey - de facto,"Final figure, complete",1989,1121000,1
China,1987,Total,Female,79,Sample survey - de facto,"Final figure, complete",1989,945200,1
China,1987,Total,Female,80,Sample survey - de facto,"Final figure, complete",1989,841700,1
China,1987,Total,Female,80 - 84,Sample survey - de facto,"Final figure, complete",1989,3164700,1
China,1987,Total,Female,81,Sample survey - de facto,"Final figure, complete",1989,721800,1
China,1987,Total,Female,82,Sample survey - de facto,"Final figure, complete",1989,614000,1
China,1987,Total,Female,83,Sample survey - de facto,"Final figure, complete",1989,528700,1
China,1987,Total,Female,84,Sample survey - de facto,"Final figure, complete",1989,458500,1
China,1987,Total,Female,85 +,Sample survey - de facto,"Final figure, complete",1989,1339100,1
China,1987,Total,Female,Unknown,Sample survey - de facto,"Final figure, complete",1989,0,1
China,1987,Urban,Both Sexes,Total,Sample survey - de facto,"Final figure, complete",1989,393889100,1
China,1987,Urban,Both Sexes,0,Sample survey - de facto,"Final figure, complete",1989,7499100,1
China,1987,Urban,Both Sexes,1,Sample survey - de facto,"Final figure, complete",1989,6725100,1
China,1987,Urban,Both Sexes,1 - 4,Sample survey - de facto,"Final figure, complete",1989,25983000,1
China,1987,Urban,Both Sexes,2,Sample survey - de facto,"Final figure, complete",1989,6171600,1
China,1987,Urban,Both Sexes,3,Sample survey - de facto,"Final figure, complete",1989,6211300,1
China,1987,Urban,Both Sexes,4,Sample survey - de facto,"Final figure, complete",1989,6875000,1
China,1987,Urban,Both Sexes,5,Sample survey - de facto,"Final figure, complete",1989,7449100,1
China,1987,Urban,Both Sexes,5 - 9,Sample survey - de facto,"Final figure, complete",1989,32086500,1
China,1987,Urban,Both Sexes,6,Sample survey - de facto,"Final figure, complete",1989,5834100,1
China,1987,Urban,Both Sexes,7,Sample survey - de facto,"Final figure, complete",1989,6251700,1
China,1987,Urban,Both Sexes,8,Sample survey - de facto,"Final figure, complete",1989,6389300,1
China,1987,Urban,Both Sexes,9,Sample survey - de facto,"Final figure, complete",1989,6162300,1
China,1987,Urban,Both Sexes,10,Sample survey - de facto,"Final figure, complete",1989,6251000,1
China,1987,Urban,Both Sexes,10 - 14,Sample survey - de facto,"Final figure, complete",1989,35354700,1
China,1987,Urban,Both Sexes,11,Sample survey - de facto,"Final figure, complete",1989,6545400,1
China,1987,Urban,Both Sexes,12,Sample survey - de facto,"Final figure, complete",1989,6912700,1
China,1987,Urban,Both Sexes,13,Sample survey - de facto,"Final figure, complete",1989,7483200,1
China,1987,Urban,Both Sexes,14,Sample survey - de facto,"Final figure, complete",1989,8162400,1
China,1987,Urban,Both Sexes,15,Sample survey - de facto,"Final figure, complete",1989,8323300,1
China,1987,Urban,Both Sexes,15 - 19,Sample survey - de facto,"Final figure, complete",1989,44092600,1
China,1987,Urban,Both Sexes,16,Sample survey - de facto,"Final figure, complete",1989,9183700,1
China,1987,Urban,Both Sexes,17,Sample survey - de facto,"Final figure, complete",1989,8943100,1
China,1987,Urban,Both Sexes,18,Sample survey - de facto,"Final figure, complete",1989,9459500,1
China,1987,Urban,Both Sexes,19,Sample survey - de facto,"Final figure, complete",1989,8183000,1
China,1987,Urban,Both Sexes,20,Sample survey - de facto,"Final figure, complete",1989,7537900,1
China,1987,Urban,Both Sexes,20 - 24,Sample survey - de facto,"Final figure, complete",1989,46074500,1
China,1987,Urban,Both Sexes,21,Sample survey - de facto,"Final figure, complete",1989,8582800,1
China,1987,Urban,Both Sexes,22,Sample survey - de facto,"Final figure, complete",1989,8949700,1
China,1987,Urban,Both Sexes,23,Sample survey - de facto,"Final figure, complete",1989,9991800,1
China,1987,Urban,Both Sexes,24,Sample survey - de facto,"Final figure, complete",1989,11012300,1
China,1987,Urban,Both Sexes,25,Sample survey - de facto,"Final figure, complete",1989,6258000,1
China,1987,Urban,Both Sexes,25 - 29,Sample survey - de facto,"Final figure, complete",1989,32052200,1
China,1987,Urban,Both Sexes,26,Sample survey - de facto,"Final figure, complete",1989,5222400,1
China,1987,Urban,Both Sexes,27,Sample survey - de facto,"Final figure, complete",1989,6341000,1
China,1987,Urban,Both Sexes,28,Sample survey - de facto,"Final figure, complete",1989,6223500,1
China,1987,Urban,Both Sexes,29,Sample survey - de facto,"Final figure, complete",1989,8007300,1
China,1987,Urban,Both Sexes,30,Sample survey - de facto,"Final figure, complete",1989,7512000,1
China,1987,Urban,Both Sexes,30 - 34,Sample survey - de facto,"Final figure, complete",1989,36445100,1
China,1987,Urban,Both Sexes,31,Sample survey - de facto,"Final figure, complete",1989,7126800,1
China,1987,Urban,Both Sexes,32,Sample survey - de facto,"Final figure, complete",1989,7739200,1
China,1987,Urban,Both Sexes,33,Sample survey - de facto,"Final figure, complete",1989,7308800,1
China,1987,Urban,Both Sexes,34,Sample survey - de facto,"Final figure, complete",1989,6758300,1
China,1987,Urban,Both Sexes,35,Sample survey - de facto,"Final figure, complete",1989,6586500,1
China,1987,Urban,Both Sexes,35 - 39,Sample survey - de facto,"Final figure, complete",1989,28096400,1
China,1987,Urban,Both Sexes,36,Sample survey - de facto,"Final figure, complete",1989,5782500,1
China,1987,Urban,Both Sexes,37,Sample survey - de facto,"Final figure, complete",1989,5942800,1
China,1987,Urban,Both Sexes,38,Sample survey - de facto,"Final figure, complete",1989,5038800,1
China,1987,Urban,Both Sexes,39,Sample survey - de facto,"Final figure, complete",1989,4745800,1
China,1987,Urban,Both Sexes,40,Sample survey - de facto,"Final figure, complete",1989,4693300,1
China,1987,Urban,Both Sexes,40 - 44,Sample survey - de facto,"Final figure, complete",1989,20304500,1
China,1987,Urban,Both Sexes,41,Sample survey - de facto,"Final figure, complete",1989,4209400,1
China,1987,Urban,Both Sexes,42,Sample survey - de facto,"Final figure, complete",1989,3984100,1
China,1987,Urban,Both Sexes,43,Sample survey - de facto,"Final figure, complete",1989,3756200,1
China,1987,Urban,Both Sexes,44,Sample survey - de facto,"Final figure, complete",1989,3661500,1
China,1987,Urban,Both Sexes,45,Sample survey - de facto,"Final figure, complete",1989,3842200,1
China,1987,Urban,Both Sexes,45 - 49,Sample survey - de facto,"Final figure, complete",1989,18890800,1
China,1987,Urban,Both Sexes,46,Sample survey - de facto,"Final figure, complete",1989,3824500,1
China,1987,Urban,Both Sexes,47,Sample survey - de facto,"Final figure, complete",1989,3715100,1
China,1987,Urban,Both Sexes,48,Sample survey - de facto,"Final figure, complete",1989,3741400,1
China,1987,Urban,Both Sexes,49,Sample survey - de facto,"Final figure, complete",1989,3767600,1
China,1987,Urban,Both Sexes,50,Sample survey - de facto,"Final figure, complete",1989,3797200,1
China,1987,Urban,Both Sexes,50 - 54,Sample survey - de facto,"Final figure, complete",1989,18552700,1
China,1987,Urban,Both Sexes,51,Sample survey - de facto,"Final figure, complete",1989,3797100,1
China,1987,Urban,Both Sexes,52,Sample survey - de facto,"Final figure, complete",1989,3647300,1
China,1987,Urban,Both Sexes,53,Sample survey - de facto,"Final figure, complete",1989,3676600,1
China,1987,Urban,Both Sexes,54,Sample survey - de facto,"Final figure, complete",1989,3634500,1
China,1987,Urban,Both Sexes,55,Sample survey - de facto,"Final figure, complete",1989,3281600,1
China,1987,Urban,Both Sexes,55 - 59,Sample survey - de facto,"Final figure, complete",1989,15373700,1
China,1987,Urban,Both Sexes,56,Sample survey - de facto,"Final figure, complete",1989,3214000,1
China,1987,Urban,Both Sexes,57,Sample survey - de facto,"Final figure, complete",1989,3147200,1
China,1987,Urban,Both Sexes,58,Sample survey - de facto,"Final figure, complete",1989,2868700,1
China,1987,Urban,Both Sexes,59,Sample survey - de facto,"Final figure, complete",1989,2862200,1
China,1987,Urban,Both Sexes,60,Sample survey - de facto,"Final figure, complete",1989,2607400,1
China,1987,Urban,Both Sexes,60 - 64,Sample survey - de facto,"Final figure, complete",1989,11776900,1
China,1987,Urban,Both Sexes,61,Sample survey - de facto,"Final figure, complete",1989,2405700,1
China,1987,Urban,Both Sexes,62,Sample survey - de facto,"Final figure, complete",1989,2432800,1
China,1987,Urban,Both Sexes,63,Sample survey - de facto,"Final figure, complete",1989,2286300,1
China,1987,Urban,Both Sexes,64,Sample survey - de facto,"Final figure, complete",1989,2044700,1
China,1987,Urban,Both Sexes,65,Sample survey - de facto,"Final figure, complete",1989,2042500,1
China,1987,Urban,Both Sexes,65 - 69,Sample survey - de facto,"Final figure, complete",1989,8845600,1
China,1987,Urban,Both Sexes,66,Sample survey - de facto,"Final figure, complete",1989,1931800,1
China,1987,Urban,Both Sexes,67,Sample survey - de facto,"Final figure, complete",1989,1816500,1
China,1987,Urban,Both Sexes,68,Sample survey - de facto,"Final figure, complete",1989,1559300,1
China,1987,Urban,Both Sexes,69,Sample survey - de facto,"Final figure, complete",1989,1495500,1
China,1987,Urban,Both Sexes,70,Sample survey - de facto,"Final figure, complete",1989,1449800,1
China,1987,Urban,Both Sexes,70 - 74,Sample survey - de facto,"Final figure, complete",1989,6187300,1
China,1987,Urban,Both Sexes,71,Sample survey - de facto,"Final figure, complete",1989,1281700,1
China,1987,Urban,Both Sexes,72,Sample survey - de facto,"Final figure, complete",1989,1210700,1
China,1987,Urban,Both Sexes,73,Sample survey - de facto,"Final figure, complete",1989,1228500,1
China,1987,Urban,Both Sexes,74,Sample survey - de facto,"Final figure, complete",1989,1016600,1
China,1987,Urban,Both Sexes,75,Sample survey - de facto,"Final figure, complete",1989,916700,1
China,1987,Urban,Both Sexes,75 - 79,Sample survey - de facto,"Final figure, complete",1989,3709300,1
China,1987,Urban,Both Sexes,76,Sample survey - de facto,"Final figure, complete",1989,828700,1
China,1987,Urban,Both Sexes,77,Sample survey - de facto,"Final figure, complete",1989,737900,1
China,1987,Urban,Both Sexes,78,Sample survey - de facto,"Final figure, complete",1989,673100,1
China,1987,Urban,Both Sexes,79,Sample survey - de facto,"Final figure, complete",1989,552900,1
China,1987,Urban,Both Sexes,80,Sample survey - de facto,"Final figure, complete",1989,492300,1
China,1987,Urban,Both Sexes,80 - 84,Sample survey - de facto,"Final figure, complete",1989,1823000,1
China,1987,Urban,Both Sexes,81,Sample survey - de facto,"Final figure, complete",1989,419800,1
China,1987,Urban,Both Sexes,82,Sample survey - de facto,"Final figure, complete",1989,354700,1
China,1987,Urban,Both Sexes,83,Sample survey - de facto,"Final figure, complete",1989,302300,1
China,1987,Urban,Both Sexes,84,Sample survey - de facto,"Final figure, complete",1989,253900,1
China,1987,Urban,Both Sexes,85 +,Sample survey - de facto,"Final figure, complete",1989,742300,1
China,1987,Urban,Both Sexes,Unknown,Sample survey - de facto,"Final figure, complete",1989,0,1
China,1987,Urban,Male,Total,Sample survey - de facto,"Final figure, complete",1989,200573800,1
China,1987,Urban,Male,0,Sample survey - de facto,"Final figure, complete",1989,3906900,1
China,1987,Urban,Male,1,Sample survey - de facto,"Final figure, complete",1989,3530900,1
China,1987,Urban,Male,1 - 4,Sample survey - de facto,"Final figure, complete",1989,13575000,1
China,1987,Urban,Male,2,Sample survey - de facto,"Final figure, complete",1989,3220600,1
China,1987,Urban,Male,3,Sample survey - de facto,"Final figure, complete",1989,3241900,1
China,1987,Urban,Male,4,Sample survey - de facto,"Final figure, complete",1989,3581600,1
China,1987,Urban,Male,5,Sample survey - de facto,"Final figure, complete",1989,3858300,1
China,1987,Urban,Male,5 - 9,Sample survey - de facto,"Final figure, complete",1989,16586900,1
China,1987,Urban,Male,6,Sample survey - de facto,"Final figure, complete",1989,3019300,1
China,1987,Urban,Male,7,Sample survey - de facto,"Final figure, complete",1989,3245400,1
China,1987,Urban,Male,8,Sample survey - de facto,"Final figure, complete",1989,3289800,1
China,1987,Urban,Male,9,Sample survey - de facto,"Final figure, complete",1989,3174100,1
China,1987,Urban,Male,10,Sample survey - de facto,"Final figure, complete",1989,3218500,1
China,1987,Urban,Male,10 - 14,Sample survey - de facto,"Final figure, complete",1989,18212300,1
China,1987,Urban,Male,11,Sample survey - de facto,"Final figure, complete",1989,3383500,1
China,1987,Urban,Male,12,Sample survey - de facto,"Final figure, complete",1989,3563100,1
China,1987,Urban,Male,13,Sample survey - de facto,"Final figure, complete",1989,3864800,1
China,1987,Urban,Male,14,Sample survey - de facto,"Final figure, complete",1989,4182400,1
China,1987,Urban,Male,15,Sample survey - de facto,"Final figure, complete",1989,4253600,1
China,1987,Urban,Male,15 - 19,Sample survey - de facto,"Final figure, complete",1989,22334300,1
China,1987,Urban,Male,16,Sample survey - de facto,"Final figure, complete",1989,4672100,1
China,1987,Urban,Male,17,Sample survey - de facto,"Final figure, complete",1989,4520200,1
China,1987,Urban,Male,18,Sample survey - de facto,"Final figure, complete",1989,4765300,1
China,1987,Urban,Male,19,Sample survey - de facto,"Final figure, complete",1989,4123100,1
China,1987,Urban,Male,20,Sample survey - de facto,"Final figure, complete",1989,3772000,1
China,1987,Urban,Male,20 - 24,Sample survey - de facto,"Final figure, complete",1989,23042400,1
China,1987,Urban,Male,21,Sample survey - de facto,"Final figure, complete",1989,4271400,1
China,1987,Urban,Male,22,Sample survey - de facto,"Final figure, complete",1989,4471300,1
China,1987,Urban,Male,23,Sample survey - de facto,"Final figure, complete",1989,4985400,1
China,1987,Urban,Male,24,Sample survey - de facto,"Final figure, complete",1989,5542300,1
China,1987,Urban,Male,25,Sample survey - de facto,"Final figure, complete",1989,3117900,1
China,1987,Urban,Male,25 - 29,Sample survey - de facto,"Final figure, complete",1989,16293700,1
China,1987,Urban,Male,26,Sample survey - de facto,"Final figure, complete",1989,2616000,1
China,1987,Urban,Male,27,Sample survey - de facto,"Final figure, complete",1989,3246100,1
China,1987,Urban,Male,28,Sample survey - de facto,"Final figure, complete",1989,3173600,1
China,1987,Urban,Male,29,Sample survey - de facto,"Final figure, complete",1989,4140100,1
China,1987,Urban,Male,30,Sample survey - de facto,"Final figure, complete",1989,3817500,1
China,1987,Urban,Male,30 - 34,Sample survey - de facto,"Final figure, complete",1989,18533700,1
China,1987,Urban,Male,31,Sample survey - de facto,"Final figure, complete",1989,3620600,1
China,1987,Urban,Male,32,Sample survey - de facto,"Final figure, complete",1989,3939500,1
China,1987,Urban,Male,33,Sample survey - de facto,"Final figure, complete",1989,3714600,1
China,1987,Urban,Male,34,Sample survey - de facto,"Final figure, complete",1989,3441500,1
China,1987,Urban,Male,35,Sample survey - de facto,"Final figure, complete",1989,3353100,1
China,1987,Urban,Male,35 - 39,Sample survey - de facto,"Final figure, complete",1989,14432600,1
China,1987,Urban,Male,36,Sample survey - de facto,"Final figure, complete",1989,2960700,1
China,1987,Urban,Male,37,Sample survey - de facto,"Final figure, complete",1989,3066800,1
China,1987,Urban,Male,38,Sample survey - de facto,"Final figure, complete",1989,2592800,1
China,1987,Urban,Male,39,Sample survey - de facto,"Final figure, complete",1989,2459200,1
China,1987,Urban,Male,40,Sample survey - de facto,"Final figure, complete",1989,2439300,1
China,1987,Urban,Male,40 - 44,Sample survey - de facto,"Final figure, complete",1989,10502900,1
China,1987,Urban,Male,41,Sample survey - de facto,"Final figure, complete",1989,2179800,1
China,1987,Urban,Male,42,Sample survey - de facto,"Final figure, complete",1989,2051400,1
China,1987,Urban,Male,43,Sample survey - de facto,"Final figure, complete",1989,1945500,1
China,1987,Urban,Male,44,Sample survey - de facto,"Final figure, complete",1989,1886900,1
China,1987,Urban,Male,45,Sample survey - de facto,"Final figure, complete",1989,1979500,1
China,1987,Urban,Male,45 - 49,Sample survey - de facto,"Final figure, complete",1989,9761300,1
China,1987,Urban,Male,46,Sample survey - de facto,"Final figure, complete",1989,1985900,1
China,1987,Urban,Male,47,Sample survey - de facto,"Final figure, complete",1989,1901600,1
China,1987,Urban,Male,48,Sample survey - de facto,"Final figure, complete",1989,1929700,1
China,1987,Urban,Male,49,Sample survey - de facto,"Final figure, complete",1989,1964600,1
China,1987,Urban,Male,50,Sample survey - de facto,"Final figure, complete",1989,1966400,1
China,1987,Urban,Male,50 - 54,Sample survey - de facto,"Final figure, complete",1989,9642300,1
China,1987,Urban,Male,51,Sample survey - de facto,"Final figure, complete",1989,1976000,1
China,1987,Urban,Male,52,Sample survey - de facto,"Final figure, complete",1989,1868900,1
China,1987,Urban,Male,53,Sample survey - de facto,"Final figure, complete",1989,1917700,1
China,1987,Urban,Male,54,Sample survey - de facto,"Final figure, complete",1989,1913300,1
China,1987,Urban,Male,55,Sample survey - de facto,"Final figure, complete",1989,1740000,1
China,1987,Urban,Male,55 - 59,Sample survey - de facto,"Final figure, complete",1989,8093600,1
China,1987,Urban,Male,56,Sample survey - de facto,"Final figure, complete",1989,1718500,1
China,1987,Urban,Male,57,Sample survey - de facto,"Final figure, complete",1989,1671000,1
China,1987,Urban,Male,58,Sample survey - de facto,"Final figure, complete",1989,1488500,1
China,1987,Urban,Male,59,Sample survey - de facto,"Final figure, complete",1989,1475600,1
China,1987,Urban,Male,60,Sample survey - de facto,"Final figure, complete",1989,1355700,1
China,1987,Urban,Male,60 - 64,Sample survey - de facto,"Final figure, complete",1989,6012800,1
China,1987,Urban,Male,61,Sample survey - de facto,"Final figure, complete",1989,1240700,1
China,1987,Urban,Male,62,Sample survey - de facto,"Final figure, complete",1989,1244000,1
China,1987,Urban,Male,63,Sample survey - de facto,"Final figure, complete",1989,1150100,1
China,1987,Urban,Male,64,Sample survey - de facto,"Final figure, complete",1989,1022300,1
China,1987,Urban,Male,65,Sample survey - de facto,"Final figure, complete",1989,1023400,1
China,1987,Urban,Male,65 - 69,Sample survey - de facto,"Final figure, complete",1989,4339900,1
China,1987,Urban,Male,66,Sample survey - de facto,"Final figure, complete",1989,964700,1
China,1987,Urban,Male,67,Sample survey - de facto,"Final figure, complete",1989,896700,1
China,1987,Urban,Male,68,Sample survey - de facto,"Final figure, complete",1989,739600,1
China,1987,Urban,Male,69,Sample survey - de facto,"Final figure, complete",1989,715500,1
China,1987,Urban,Male,70,Sample survey - de facto,"Final figure, complete",1989,692600,1
China,1987,Urban,Male,70 - 74,Sample survey - de facto,"Final figure, complete",1989,2861100,1
China,1987,Urban,Male,71,Sample survey - de facto,"Final figure, complete",1989,600700,1
China,1987,Urban,Male,72,Sample survey - de facto,"Final figure, complete",1989,549000,1
China,1987,Urban,Male,73,Sample survey - de facto,"Final figure, complete",1989,567700,1
China,1987,Urban,Male,74,Sample survey - de facto,"Final figure, complete",1989,451100,1
China,1987,Urban,Male,75,Sample survey - de facto,"Final figure, complete",1989,398800,1
China,1987,Urban,Male,75 - 79,Sample survey - de facto,"Final figure, complete",1989,1545500,1
China,1987,Urban,Male,76,Sample survey - de facto,"Final figure, complete",1989,352100,1
China,1987,Urban,Male,77,Sample survey - de facto,"Final figure, complete",1989,309200,1
China,1987,Urban,Male,78,Sample survey - de facto,"Final figure, complete",1989,269900,1
China,1987,Urban,Male,79,Sample survey - de facto,"Final figure, complete",1989,215500,1
China,1987,Urban,Male,80,Sample survey - de facto,"Final figure, complete",1989,194500,1
China,1987,Urban,Male,80 - 84,Sample survey - de facto,"Final figure, complete",1989,671200,1
China,1987,Urban,Male,81,Sample survey - de facto,"Final figure, complete",1989,160500,1
China,1987,Urban,Male,82,Sample survey - de facto,"Final figure, complete",1989,127800,1
China,1987,Urban,Male,83,Sample survey - de facto,"Final figure, complete",1989,105800,1
China,1987,Urban,Male,84,Sample survey - de facto,"Final figure, complete",1989,82600,1
China,1987,Urban,Male,85 +,Sample survey - de facto,"Final figure, complete",1989,225100,1
China,1987,Urban,Male,Unknown,Sample survey - de facto,"Final figure, complete",1989,0,1
China,1987,Urban,Female,Total,Sample survey - de facto,"Final figure, complete",1989,193315300,1
China,1987,Urban,Female,0,Sample survey - de facto,"Final figure, complete",1989,3592200,1
China,1987,Urban,Female,1,Sample survey - de facto,"Final figure, complete",1989,3194200,1
China,1987,Urban,Female,1 - 4,Sample survey - de facto,"Final figure, complete",1989,12408100,1
China,1987,Urban,Female,2,Sample survey - de facto,"Final figure, complete",1989,2951100,1
China,1987,Urban,Female,3,Sample survey - de facto,"Final figure, complete",1989,2969500,1
China,1987,Urban,Female,4,Sample survey - de facto,"Final figure, complete",1989,3293300,1
China,1987,Urban,Female,5,Sample survey - de facto,"Final figure, complete",1989,3590800,1
China,1987,Urban,Female,5 - 9,Sample survey - de facto,"Final figure, complete",1989,15499500,1
China,1987,Urban,Female,6,Sample survey - de facto,"Final figure, complete",1989,2814700,1
China,1987,Urban,Female,7,Sample survey - de facto,"Final figure, complete",1989,3006300,1
China,1987,Urban,Female,8,Sample survey - de facto,"Final figure, complete",1989,3099500,1
China,1987,Urban,Female,9,Sample survey - de facto,"Final figure, complete",1989,2988200,1
China,1987,Urban,Female,10,Sample survey - de facto,"Final figure, complete",1989,3032400,1
China,1987,Urban,Female,10 - 14,Sample survey - de facto,"Final figure, complete",1989,17142300,1
China,1987,Urban,Female,11,Sample survey - de facto,"Final figure, complete",1989,3162000,1
China,1987,Urban,Female,12,Sample survey - de facto,"Final figure, complete",1989,3349600,1
China,1987,Urban,Female,13,Sample survey - de facto,"Final figure, complete",1989,3618500,1
China,1987,Urban,Female,14,Sample survey - de facto,"Final figure, complete",1989,3979800,1
China,1987,Urban,Female,15,Sample survey - de facto,"Final figure, complete",1989,4069800,1
China,1987,Urban,Female,15 - 19,Sample survey - de facto,"Final figure, complete",1989,21758600,1
China,1987,Urban,Female,16,Sample survey - de facto,"Final figure, complete",1989,4511600,1
China,1987,Urban,Female,17,Sample survey - de facto,"Final figure, complete",1989,4423000,1
China,1987,Urban,Female,18,Sample survey - de facto,"Final figure, complete",1989,4694300,1
China,1987,Urban,Female,19,Sample survey - de facto,"Final figure, complete",1989,4059900,1
China,1987,Urban,Female,20,Sample survey - de facto,"Final figure, complete",1989,3765900,1
China,1987,Urban,Female,20 - 24,Sample survey - de facto,"Final figure, complete",1989,23032000,1
China,1987,Urban,Female,21,Sample survey - de facto,"Final figure, complete",1989,4311300,1
China,1987,Urban,Female,22,Sample survey - de facto,"Final figure, complete",1989,4478400,1
China,1987,Urban,Female,23,Sample survey - de facto,"Final figure, complete",1989,5006400,1
China,1987,Urban,Female,24,Sample survey - de facto,"Final figure, complete",1989,5470000,1
China,1987,Urban,Female,25,Sample survey - de facto,"Final figure, complete",1989,3140100,1
China,1987,Urban,Female,25 - 29,Sample survey - de facto,"Final figure, complete",1989,15758500,1
China,1987,Urban,Female,26,Sample survey - de facto,"Final figure, complete",1989,2606400,1
China,1987,Urban,Female,27,Sample survey - de facto,"Final figure, complete",1989,3094900,1
China,1987,Urban,Female,28,Sample survey - de facto,"Final figure, complete",1989,3049900,1
China,1987,Urban,Female,29,Sample survey - de facto,"Final figure, complete",1989,3867200,1
China,1987,Urban,Female,30,Sample survey - de facto,"Final figure, complete",1989,3694600,1
China,1987,Urban,Female,30 - 34,Sample survey - de facto,"Final figure, complete",1989,17911500,1
China,1987,Urban,Female,31,Sample survey - de facto,"Final figure, complete",1989,3506300,1
China,1987,Urban,Female,32,Sample survey - de facto,"Final figure, complete",1989,3799700,1
China,1987,Urban,Female,33,Sample survey - de facto,"Final figure, complete",1989,3594100,1
China,1987,Urban,Female,34,Sample survey - de facto,"Final figure, complete",1989,3316800,1
China,1987,Urban,Female,35,Sample survey - de facto,"Final figure, complete",1989,3233400,1
China,1987,Urban,Female,35 - 39,Sample survey - de facto,"Final figure, complete",1989,13663900,1
China,1987,Urban,Female,36,Sample survey - de facto,"Final figure, complete",1989,2821800,1
China,1987,Urban,Female,37,Sample survey - de facto,"Final figure, complete",1989,2876000,1
China,1987,Urban,Female,38,Sample survey - de facto,"Final figure, complete",1989,2446000,1
China,1987,Urban,Female,39,Sample survey - de facto,"Final figure, complete",1989,2286700,1
China,1987,Urban,Female,40,Sample survey - de facto,"Final figure, complete",1989,2254000,1
China,1987,Urban,Female,40 - 44,Sample survey - de facto,"Final figure, complete",1989,9801100,1
China,1987,Urban,Female,41,Sample survey - de facto,"Final figure, complete",1989,2029600,1
China,1987,Urban,Female,42,Sample survey - de facto,"Final figure, complete",1989,1932300,1
China,1987,Urban,Female,43,Sample survey - de facto,"Final figure, complete",1989,1810700,1
China,1987,Urban,Female,44,Sample survey - de facto,"Final figure, complete",1989,1774500,1
China,1987,Urban,Female,45,Sample survey - de facto,"Final figure, complete",1989,1862600,1
China,1987,Urban,Female,45 - 49,Sample survey - de facto,"Final figure, complete",1989,9129300,1
China,1987,Urban,Female,46,Sample survey - de facto,"Final figure, complete",1989,1838600,1
China,1987,Urban,Female,47,Sample survey - de facto,"Final figure, complete",1989,1813500,1
China,1987,Urban,Female,48,Sample survey - de facto,"Final figure, complete",1989,1811700,1
China,1987,Urban,Female,49,Sample survey - de facto,"Final figure, complete",1989,1802900,1
China,1987,Urban,Female,50,Sample survey - de facto,"Final figure, complete",1989,1830800,1
China,1987,Urban,Female,50 - 54,Sample survey - de facto,"Final figure, complete",1989,8910600,1
China,1987,Urban,Female,51,Sample survey - de facto,"Final figure, complete",1989,1821200,1
China,1987,Urban,Female,52,Sample survey - de facto,"Final figure, complete",1989,1778400,1
China,1987,Urban,Female,53,Sample survey - de facto,"Final figure, complete",1989,1758900,1
China,1987,Urban,Female,54,Sample survey - de facto,"Final figure, complete",1989,1721300,1
China,1987,Urban,Female,55,Sample survey - de facto,"Final figure, complete",1989,1541600,1
China,1987,Urban,Female,55 - 59,Sample survey - de facto,"Final figure, complete",1989,7280000,1
China,1987,Urban,Female,56,Sample survey - de facto,"Final figure, complete",1989,1495500,1
China,1987,Urban,Female,57,Sample survey - de facto,"Final figure, complete",1989,1476200,1
China,1987,Urban,Female,58,Sample survey - de facto,"Final figure, complete",1989,1380100,1
China,1987,Urban,Female,59,Sample survey - de facto,"Final figure, complete",1989,1386600,1
China,1987,Urban,Female,60,Sample survey - de facto,"Final figure, complete",1989,1251700,1
China,1987,Urban,Female,60 - 64,Sample survey - de facto,"Final figure, complete",1989,5763900,1
China,1987,Urban,Female,61,Sample survey - de facto,"Final figure, complete",1989,1165000,1
China,1987,Urban,Female,62,Sample survey - de facto,"Final figure, complete",1989,1188700,1
China,1987,Urban,Female,63,Sample survey - de facto,"Final figure, complete",1989,1136200,1
China,1987,Urban,Female,64,Sample survey - de facto,"Final figure, complete",1989,1022300,1
China,1987,Urban,Female,65,Sample survey - de facto,"Final figure, complete",1989,1019100,1
China,1987,Urban,Female,65 - 69,Sample survey - de facto,"Final figure, complete",1989,4505800,1
China,1987,Urban,Female,66,Sample survey - de facto,"Final figure, complete",1989,967100,1
China,1987,Urban,Female,67,Sample survey - de facto,"Final figure, complete",1989,919700,1
China,1987,Urban,Female,68,Sample survey - de facto,"Final figure, complete",1989,819900,1
China,1987,Urban,Female,69,Sample survey - de facto,"Final figure, complete",1989,780000,1
China,1987,Urban,Female,70,Sample survey - de facto,"Final figure, complete",1989,757200,1
China,1987,Urban,Female,70 - 74,Sample survey - de facto,"Final figure, complete",1989,3326000,1
China,1987,Urban,Female,71,Sample survey - de facto,"Final figure, complete",1989,680900,1
China,1987,Urban,Female,72,Sample survey - de facto,"Final figure, complete",1989,661800,1
China,1987,Urban,Female,73,Sample survey - de facto,"Final figure, complete",1989,660900,1
China,1987,Urban,Female,74,Sample survey - de facto,"Final figure, complete",1989,565200,1
China,1987,Urban,Female,75,Sample survey - de facto,"Final figure, complete",1989,517900,1
China,1987,Urban,Female,75 - 79,Sample survey - de facto,"Final figure, complete",1989,2163800,1
China,1987,Urban,Female,76,Sample survey - de facto,"Final figure, complete",1989,476500,1
China,1987,Urban,Female,77,Sample survey - de facto,"Final figure, complete",1989,428800,1
China,1987,Urban,Female,78,Sample survey - de facto,"Final figure, complete",1989,403100,1
China,1987,Urban,Female,79,Sample survey - de facto,"Final figure, complete",1989,337500,1
China,1987,Urban,Female,80,Sample survey - de facto,"Final figure, complete",1989,297700,1
China,1987,Urban,Female,80 - 84,Sample survey - de facto,"Final figure, complete",1989,1151700,1
China,1987,Urban,Female,81,Sample survey - de facto,"Final figure, complete",1989,259200,1
China,1987,Urban,Female,82,Sample survey - de facto,"Final figure, complete",1989,227100,1
China,1987,Urban,Female,83,Sample survey - de facto,"Final figure, complete",1989,196400,1
China,1987,Urban,Female,84,Sample survey - de facto,"Final figure, complete",1989,171300,1
China,1987,Urban,Female,85 +,Sample survey - de facto,"Final figure, complete",1989,517100,1
China,1987,Urban,Female,Unknown,Sample survey - de facto,"Final figure, complete",1989,0,1
China,1987,Rural,Both Sexes,Total,Sample survey - de facto,"Final figure, complete",1989,674041700,1
China,1987,Rural,Both Sexes,0,Sample survey - de facto,"Final figure, complete",1989,15219100,1
China,1987,Rural,Both Sexes,1,Sample survey - de facto,"Final figure, complete",1989,13378200,1
China,1987,Rural,Both Sexes,1 - 4,Sample survey - de facto,"Final figure, complete",1989,50566900,1
China,1987,Rural,Both Sexes,2,Sample survey - de facto,"Final figure, complete",1989,12356600,1
China,1987,Rural,Both Sexes,3,Sample survey - de facto,"Final figure, complete",1989,11948200,1
China,1987,Rural,Both Sexes,4,Sample survey - de facto,"Final figure, complete",1989,12883900,1
China,1987,Rural,Both Sexes,5,Sample survey - de facto,"Final figure, complete",1989,14471300,1
China,1987,Rural,Both Sexes,5 - 9,Sample survey - de facto,"Final figure, complete",1989,64823600,1
China,1987,Rural,Both Sexes,6,Sample survey - de facto,"Final figure, complete",1989,12260300,1
China,1987,Rural,Both Sexes,7,Sample survey - de facto,"Final figure, complete",1989,12759600,1
China,1987,Rural,Both Sexes,8,Sample survey - de facto,"Final figure, complete",1989,13015000,1
China,1987,Rural,Both Sexes,9,Sample survey - de facto,"Final figure, complete",1989,12317400,1
China,1987,Rural,Both Sexes,10,Sample survey - de facto,"Final figure, complete",1989,13192400,1
China,1987,Rural,Both Sexes,10 - 14,Sample survey - de facto,"Final figure, complete",1989,75634700,1
China,1987,Rural,Both Sexes,11,Sample survey - de facto,"Final figure, complete",1989,13805700,1
China,1987,Rural,Both Sexes,12,Sample survey - de facto,"Final figure, complete",1989,15137200,1
China,1987,Rural,Both Sexes,13,Sample survey - de facto,"Final figure, complete",1989,16500500,1
China,1987,Rural,Both Sexes,14,Sample survey - de facto,"Final figure, complete",1989,16998900,1
China,1987,Rural,Both Sexes,15,Sample survey - de facto,"Final figure, complete",1989,16777100,1
China,1987,Rural,Both Sexes,15 - 19,Sample survey - de facto,"Final figure, complete",1989,83979000,1
China,1987,Rural,Both Sexes,16,Sample survey - de facto,"Final figure, complete",1989,17834500,1
China,1987,Rural,Both Sexes,17,Sample survey - de facto,"Final figure, complete",1989,16808700,1
China,1987,Rural,Both Sexes,18,Sample survey - de facto,"Final figure, complete",1989,17601700,1
China,1987,Rural,Both Sexes,19,Sample survey - de facto,"Final figure, complete",1989,14957000,1
China,1987,Rural,Both Sexes,20,Sample survey - de facto,"Final figure, complete",1989,14514400,1
China,1987,Rural,Both Sexes,20 - 24,Sample survey - de facto,"Final figure, complete",1989,75439100,1
China,1987,Rural,Both Sexes,21,Sample survey - de facto,"Final figure, complete",1989,15370500,1
China,1987,Rural,Both Sexes,22,Sample survey - de facto,"Final figure, complete",1989,14799500,1
China,1987,Rural,Both Sexes,23,Sample survey - de facto,"Final figure, complete",1989,14808500,1
China,1987,Rural,Both Sexes,24,Sample survey - de facto,"Final figure, complete",1989,15946200,1
China,1987,Rural,Both Sexes,25,Sample survey - de facto,"Final figure, complete",1989,9636800,1
China,1987,Rural,Both Sexes,25 - 29,Sample survey - de facto,"Final figure, complete",1989,42312200,1
China,1987,Rural,Both Sexes,26,Sample survey - de facto,"Final figure, complete",1989,6254900,1
China,1987,Rural,Both Sexes,27,Sample survey - de facto,"Final figure, complete",1989,7597900,1
China,1987,Rural,Both Sexes,28,Sample survey - de facto,"Final figure, complete",1989,8084400,1
China,1987,Rural,Both Sexes,29,Sample survey - de facto,"Final figure, complete",1989,10738200,1
China,1987,Rural,Both Sexes,30,Sample survey - de facto,"Final figure, complete",1989,10898500,1
China,1987,Rural,Both Sexes,30 - 34,Sample survey - de facto,"Final figure, complete",1989,53260000,1
China,1987,Rural,Both Sexes,31,Sample survey - de facto,"Final figure, complete",1989,10081500,1
China,1987,Rural,Both Sexes,32,Sample survey - de facto,"Final figure, complete",1989,11315500,1
China,1987,Rural,Both Sexes,33,Sample survey - de facto,"Final figure, complete",1989,10623900,1
China,1987,Rural,Both Sexes,34,Sample survey - de facto,"Final figure, complete",1989,10340600,1
China,1987,Rural,Both Sexes,35,Sample survey - de facto,"Final figure, complete",1989,10171100,1
China,1987,Rural,Both Sexes,35 - 39,Sample survey - de facto,"Final figure, complete",1989,43279000,1
China,1987,Rural,Both Sexes,36,Sample survey - de facto,"Final figure, complete",1989,8657900,1
China,1987,Rural,Both Sexes,37,Sample survey - de facto,"Final figure, complete",1989,8948000,1
China,1987,Rural,Both Sexes,38,Sample survey - de facto,"Final figure, complete",1989,8018900,1
China,1987,Rural,Both Sexes,39,Sample survey - de facto,"Final figure, complete",1989,7483100,1
China,1987,Rural,Both Sexes,40,Sample survey - de facto,"Final figure, complete",1989,7587600,1
China,1987,Rural,Both Sexes,40 - 44,Sample survey - de facto,"Final figure, complete",1989,32358700,1
China,1987,Rural,Both Sexes,41,Sample survey - de facto,"Final figure, complete",1989,6590500,1
China,1987,Rural,Both Sexes,42,Sample survey - de facto,"Final figure, complete",1989,6368000,1
China,1987,Rural,Both Sexes,43,Sample survey - de facto,"Final figure, complete",1989,6058700,1
China,1987,Rural,Both Sexes,44,Sample survey - de facto,"Final figure, complete",1989,5753900,1
China,1987,Rural,Both Sexes,45,Sample survey - de facto,"Final figure, complete",1989,5941700,1
China,1987,Rural,Both Sexes,45 - 49,Sample survey - de facto,"Final figure, complete",1989,28064500,1
China,1987,Rural,Both Sexes,46,Sample survey - de facto,"Final figure, complete",1989,5757400,1
China,1987,Rural,Both Sexes,47,Sample survey - de facto,"Final figure, complete",1989,5310700,1
China,1987,Rural,Both Sexes,48,Sample survey - de facto,"Final figure, complete",1989,5493900,1
China,1987,Rural,Both Sexes,49,Sample survey - de facto,"Final figure, complete",1989,5560800,1
China,1987,Rural,Both Sexes,50,Sample survey - de facto,"Final figure, complete",1989,5743200,1
China,1987,Rural,Both Sexes,50 - 54,Sample survey - de facto,"Final figure, complete",1989,27559500,1
China,1987,Rural,Both Sexes,51,Sample survey - de facto,"Final figure, complete",1989,5483300,1
China,1987,Rural,Both Sexes,52,Sample survey - de facto,"Final figure, complete",1989,5363800,1
China,1987,Rural,Both Sexes,53,Sample survey - de facto,"Final figure, complete",1989,5477700,1
China,1987,Rural,Both Sexes,54,Sample survey - de facto,"Final figure, complete",1989,5491500,1
China,1987,Rural,Both Sexes,55,Sample survey - de facto,"Final figure, complete",1989,5031300,1
China,1987,Rural,Both Sexes,55 - 59,Sample survey - de facto,"Final figure, complete",1989,24134400,1
China,1987,Rural,Both Sexes,56,Sample survey - de facto,"Final figure, complete",1989,4920400,1
China,1987,Rural,Both Sexes,57,Sample survey - de facto,"Final figure, complete",1989,4786500,1
China,1987,Rural,Both Sexes,58,Sample survey - de facto,"Final figure, complete",1989,4684300,1
China,1987,Rural,Both Sexes,59,Sample survey - de facto,"Final figure, complete",1989,4711900,1
China,1987,Rural,Both Sexes,60,Sample survey - de facto,"Final figure, complete",1989,4406800,1
China,1987,Rural,Both Sexes,60 - 64,Sample survey - de facto,"Final figure, complete",1989,20170300,1
China,1987,Rural,Both Sexes,61,Sample survey - de facto,"Final figure, complete",1989,3999100,1
China,1987,Rural,Both Sexes,62,Sample survey - de facto,"Final figure, complete",1989,4222400,1
China,1987,Rural,Both Sexes,63,Sample survey - de facto,"Final figure, complete",1989,3973700,1
China,1987,Rural,Both Sexes,64,Sample survey - de facto,"Final figure, complete",1989,3568300,1
China,1987,Rural,Both Sexes,65,Sample survey - de facto,"Final figure, complete",1989,3495700,1
China,1987,Rural,Both Sexes,65 - 69,Sample survey - de facto,"Final figure, complete",1989,15394900,1
China,1987,Rural,Both Sexes,66,Sample survey - de facto,"Final figure, complete",1989,3302600,1
China,1987,Rural,Both Sexes,67,Sample survey - de facto,"Final figure, complete",1989,3186900,1
China,1987,Rural,Both Sexes,68,Sample survey - de facto,"Final figure, complete",1989,2800300,1
China,1987,Rural,Both Sexes,69,Sample survey - de facto,"Final figure, complete",1989,2609400,1
China,1987,Rural,Both Sexes,70,Sample survey - de facto,"Final figure, complete",1989,2642900,1
China,1987,Rural,Both Sexes,70 - 74,Sample survey - de facto,"Final figure, complete",1989,11038100,1
China,1987,Rural,Both Sexes,71,Sample survey - de facto,"Final figure, complete",1989,2340200,1
China,1987,Rural,Both Sexes,72,Sample survey - de facto,"Final figure, complete",1989,2144600,1
China,1987,Rural,Both Sexes,73,Sample survey - de facto,"Final figure, complete",1989,2137000,1
China,1987,Rural,Both Sexes,74,Sample survey - de facto,"Final figure, complete",1989,1773400,1
China,1987,Rural,Both Sexes,75,Sample survey - de facto,"Final figure, complete",1989,1553400,1
China,1987,Rural,Both Sexes,75 - 79,Sample survey - de facto,"Final figure, complete",1989,6445500,1
China,1987,Rural,Both Sexes,76,Sample survey - de facto,"Final figure, complete",1989,1423600,1
China,1987,Rural,Both Sexes,77,Sample survey - de facto,"Final figure, complete",1989,1282200,1
China,1987,Rural,Both Sexes,78,Sample survey - de facto,"Final figure, complete",1989,1187700,1
China,1987,Rural,Both Sexes,79,Sample survey - de facto,"Final figure, complete",1989,998600,1
China,1987,Rural,Both Sexes,80,Sample survey - de facto,"Final figure, complete",1989,873700,1
China,1987,Rural,Both Sexes,80 - 84,Sample survey - de facto,"Final figure, complete",1989,3173800,1
China,1987,Rural,Both Sexes,81,Sample survey - de facto,"Final figure, complete",1989,735300,1
China,1987,Rural,Both Sexes,82,Sample survey - de facto,"Final figure, complete",1989,615700,1
China,1987,Rural,Both Sexes,83,Sample survey - de facto,"Final figure, complete",1989,511700,1
China,1987,Rural,Both Sexes,84,Sample survey - de facto,"Final figure, complete",1989,437400,1
China,1987,Rural,Both Sexes,85 +,Sample survey - de facto,"Final figure, complete",1989,1188600,1
China,1987,Rural,Both Sexes,Unknown,Sample survey - de facto,"Final figure, complete",1989,0,1
China,1987,Rural,Male,Total,Sample survey - de facto,"Final figure, complete",1989,343573100,1
China,1987,Rural,Male,0,Sample survey - de facto,"Final figure, complete",1989,7972300,1
China,1987,Rural,Male,1,Sample survey - de facto,"Final figure, complete",1989,7070000,1
China,1987,Rural,Male,1 - 4,Sample survey - de facto,"Final figure, complete",1989,26531900,1
China,1987,Rural,Male,2,Sample survey - de facto,"Final figure, complete",1989,6485300,1
China,1987,Rural,Male,3,Sample survey - de facto,"Final figure, complete",1989,6266000,1
China,1987,Rural,Male,4,Sample survey - de facto,"Final figure, complete",1989,6710600,1
China,1987,Rural,Male,5,Sample survey - de facto,"Final figure, complete",1989,7521900,1
China,1987,Rural,Male,5 - 9,Sample survey - de facto,"Final figure, complete",1989,33550600,1
China,1987,Rural,Male,6,Sample survey - de facto,"Final figure, complete",1989,6343300,1
China,1987,Rural,Male,7,Sample survey - de facto,"Final figure, complete",1989,6660200,1
China,1987,Rural,Male,8,Sample survey - de facto,"Final figure, complete",1989,6686100,1
China,1987,Rural,Male,9,Sample survey - de facto,"Final figure, complete",1989,6339100,1
China,1987,Rural,Male,10,Sample survey - de facto,"Final figure, complete",1989,6821900,1
China,1987,Rural,Male,10 - 14,Sample survey - de facto,"Final figure, complete",1989,38945700,1
China,1987,Rural,Male,11,Sample survey - de facto,"Final figure, complete",1989,7111500,1
China,1987,Rural,Male,12,Sample survey - de facto,"Final figure, complete",1989,7769600,1
China,1987,Rural,Male,13,Sample survey - de facto,"Final figure, complete",1989,8484600,1
China,1987,Rural,Male,14,Sample survey - de facto,"Final figure, complete",1989,8758100,1
China,1987,Rural,Male,15,Sample survey - de facto,"Final figure, complete",1989,8641900,1
China,1987,Rural,Male,15 - 19,Sample survey - de facto,"Final figure, complete",1989,42852000,1
China,1987,Rural,Male,16,Sample survey - de facto,"Final figure, complete",1989,9117800,1
China,1987,Rural,Male,17,Sample survey - de facto,"Final figure, complete",1989,8608300,1
China,1987,Rural,Male,18,Sample survey - de facto,"Final figure, complete",1989,8942900,1
China,1987,Rural,Male,19,Sample survey - de facto,"Final figure, complete",1989,7541100,1
China,1987,Rural,Male,20,Sample survey - de facto,"Final figure, complete",1989,7184100,1
China,1987,Rural,Male,20 - 24,Sample survey - de facto,"Final figure, complete",1989,37771000,1
China,1987,Rural,Male,21,Sample survey - de facto,"Final figure, complete",1989,7682800,1
China,1987,Rural,Male,22,Sample survey - de facto,"Final figure, complete",1989,7387300,1
China,1987,Rural,Male,23,Sample survey - de facto,"Final figure, complete",1989,7434800,1
China,1987,Rural,Male,24,Sample survey - de facto,"Final figure, complete",1989,8082000,1
China,1987,Rural,Male,25,Sample survey - de facto,"Final figure, complete",1989,4838100,1
China,1987,Rural,Male,25 - 29,Sample survey - de facto,"Final figure, complete",1989,21742700,1
China,1987,Rural,Male,26,Sample survey - de facto,"Final figure, complete",1989,3136600,1
China,1987,Rural,Male,27,Sample survey - de facto,"Final figure, complete",1989,3931100,1
China,1987,Rural,Male,28,Sample survey - de facto,"Final figure, complete",1989,4214300,1
China,1987,Rural,Male,29,Sample survey - de facto,"Final figure, complete",1989,5622600,1
China,1987,Rural,Male,30,Sample survey - de facto,"Final figure, complete",1989,5624300,1
China,1987,Rural,Male,30 - 34,Sample survey - de facto,"Final figure, complete",1989,27255300,1
China,1987,Rural,Male,31,Sample survey - de facto,"Final figure, complete",1989,5166500,1
China,1987,Rural,Male,32,Sample survey - de facto,"Final figure, complete",1989,5801100,1
China,1987,Rural,Male,33,Sample survey - de facto,"Final figure, complete",1989,5402900,1
China,1987,Rural,Male,34,Sample survey - de facto,"Final figure, complete",1989,5260500,1
China,1987,Rural,Male,35,Sample survey - de facto,"Final figure, complete",1989,5156300,1
China,1987,Rural,Male,35 - 39,Sample survey - de facto,"Final figure, complete",1989,22148300,1
China,1987,Rural,Male,36,Sample survey - de facto,"Final figure, complete",1989,4387100,1
China,1987,Rural,Male,37,Sample survey - de facto,"Final figure, complete",1989,4644800,1
China,1987,Rural,Male,38,Sample survey - de facto,"Final figure, complete",1989,4104900,1
China,1987,Rural,Male,39,Sample survey - de facto,"Final figure, complete",1989,3855200,1
China,1987,Rural,Male,40,Sample survey - de facto,"Final figure, complete",1989,3906700,1
China,1987,Rural,Male,40 - 44,Sample survey - de facto,"Final figure, complete",1989,16683300,1
China,1987,Rural,Male,41,Sample survey - de facto,"Final figure, complete",1989,3335500,1
China,1987,Rural,Male,42,Sample survey - de facto,"Final figure, complete",1989,3284900,1
China,1987,Rural,Male,43,Sample survey - de facto,"Final figure, complete",1989,3150900,1
China,1987,Rural,Male,44,Sample survey - de facto,"Final figure, complete",1989,3005300,1
China,1987,Rural,Male,45,Sample survey - de facto,"Final figure, complete",1989,3090200,1
China,1987,Rural,Male,45 - 49,Sample survey - de facto,"Final figure, complete",1989,14667700,1
China,1987,Rural,Male,46,Sample survey - de facto,"Final figure, complete",1989,3024500,1
China,1987,Rural,Male,47,Sample survey - de facto,"Final figure, complete",1989,2753200,1
China,1987,Rural,Male,48,Sample survey - de facto,"Final figure, complete",1989,2867200,1
China,1987,Rural,Male,49,Sample survey - de facto,"Final figure, complete",1989,2932600,1
China,1987,Rural,Male,50,Sample survey - de facto,"Final figure, complete",1989,2997700,1
China,1987,Rural,Male,50 - 54,Sample survey - de facto,"Final figure, complete",1989,14227500,1
China,1987,Rural,Male,51,Sample survey - de facto,"Final figure, complete",1989,2841400,1
China,1987,Rural,Male,52,Sample survey - de facto,"Final figure, complete",1989,2752900,1
China,1987,Rural,Male,53,Sample survey - de facto,"Final figure, complete",1989,2811800,1
China,1987,Rural,Male,54,Sample survey - de facto,"Final figure, complete",1989,2823700,1
China,1987,Rural,Male,55,Sample survey - de facto,"Final figure, complete",1989,2585300,1
China,1987,Rural,Male,55 - 59,Sample survey - de facto,"Final figure, complete",1989,12372100,1
China,1987,Rural,Male,56,Sample survey - de facto,"Final figure, complete",1989,2546600,1
China,1987,Rural,Male,57,Sample survey - de facto,"Final figure, complete",1989,2442800,1
China,1987,Rural,Male,58,Sample survey - de facto,"Final figure, complete",1989,2384200,1
China,1987,Rural,Male,59,Sample survey - de facto,"Final figure, complete",1989,2413200,1
China,1987,Rural,Male,60,Sample survey - de facto,"Final figure, complete",1989,2245600,1
China,1987,Rural,Male,60 - 64,Sample survey - de facto,"Final figure, complete",1989,10184400,1
China,1987,Rural,Male,61,Sample survey - de facto,"Final figure, complete",1989,2030400,1
China,1987,Rural,Male,62,Sample survey - de facto,"Final figure, complete",1989,2139700,1
China,1987,Rural,Male,63,Sample survey - de facto,"Final figure, complete",1989,1984400,1
China,1987,Rural,Male,64,Sample survey - de facto,"Final figure, complete",1989,1784300,1
China,1987,Rural,Male,65,Sample survey - de facto,"Final figure, complete",1989,1709700,1
China,1987,Rural,Male,65 - 69,Sample survey - de facto,"Final figure, complete",1989,7415200,1
China,1987,Rural,Male,66,Sample survey - de facto,"Final figure, complete",1989,1604200,1
China,1987,Rural,Male,67,Sample survey - de facto,"Final figure, complete",1989,1531600,1
China,1987,Rural,Male,68,Sample survey - de facto,"Final figure, complete",1989,1335900,1
China,1987,Rural,Male,69,Sample survey - de facto,"Final figure, complete",1989,1233800,1
China,1987,Rural,Male,70,Sample survey - de facto,"Final figure, complete",1989,1230100,1
China,1987,Rural,Male,70 - 74,Sample survey - de facto,"Final figure, complete",1989,5040200,1
China,1987,Rural,Male,71,Sample survey - de facto,"Final figure, complete",1989,1073100,1
China,1987,Rural,Male,72,Sample survey - de facto,"Final figure, complete",1989,972600,1
China,1987,Rural,Male,73,Sample survey - de facto,"Final figure, complete",1989,969400,1
China,1987,Rural,Male,74,Sample survey - de facto,"Final figure, complete",1989,795000,1
China,1987,Rural,Male,75,Sample survey - de facto,"Final figure, complete",1989,674100,1
China,1987,Rural,Male,75 - 79,Sample survey - de facto,"Final figure, complete",1989,2685700,1
China,1987,Rural,Male,76,Sample survey - de facto,"Final figure, complete",1989,614500,1
China,1987,Rural,Male,77,Sample survey - de facto,"Final figure, complete",1989,536500,1
China,1987,Rural,Male,78,Sample survey - de facto,"Final figure, complete",1989,469800,1
China,1987,Rural,Male,79,Sample survey - de facto,"Final figure, complete",1989,390800,1
China,1987,Rural,Male,80,Sample survey - de facto,"Final figure, complete",1989,329700,1
China,1987,Rural,Male,80 - 84,Sample survey - de facto,"Final figure, complete",1989,1160700,1
China,1987,Rural,Male,81,Sample survey - de facto,"Final figure, complete",1989,272700,1
China,1987,Rural,Male,82,Sample survey - de facto,"Final figure, complete",1989,228700,1
China,1987,Rural,Male,83,Sample survey - de facto,"Final figure, complete",1989,179400,1
China,1987,Rural,Male,84,Sample survey - de facto,"Final figure, complete",1989,150200,1
China,1987,Rural,Male,85 +,Sample survey - de facto,"Final figure, complete",1989,366700,1
China,1987,Rural,Male,Unknown,Sample survey - de facto,"Final figure, complete",1989,0,1
China,1987,Rural,Female,Total,Sample survey - de facto,"Final figure, complete",1989,330468500,1
China,1987,Rural,Female,0,Sample survey - de facto,"Final figure, complete",1989,7246800,1
China,1987,Rural,Female,1,Sample survey - de facto,"Final figure, complete",1989,6308200,1
China,1987,Rural,Female,1 - 4,Sample survey - de facto,"Final figure, complete",1989,24034800,1
China,1987,Rural,Female,2,Sample survey - de facto,"Final figure, complete",1989,5871200,1
China,1987,Rural,Female,3,Sample survey - de facto,"Final figure, complete",1989,5682100,1
China,1987,Rural,Female,4,Sample survey - de facto,"Final figure, complete",1989,6173300,1
China,1987,Rural,Female,5,Sample survey - de facto,"Final figure, complete",1989,6949400,1
China,1987,Rural,Female,5 - 9,Sample survey - de facto,"Final figure, complete",1989,31273100,1
China,1987,Rural,Female,6,Sample survey - de facto,"Final figure, complete",1989,5917100,1
China,1987,Rural,Female,7,Sample survey - de facto,"Final figure, complete",1989,6099400,1
China,1987,Rural,Female,8,Sample survey - de facto,"Final figure, complete",1989,6328900,1
China,1987,Rural,Female,9,Sample survey - de facto,"Final figure, complete",1989,5978300,1
China,1987,Rural,Female,10,Sample survey - de facto,"Final figure, complete",1989,6370600,1
China,1987,Rural,Female,10 - 14,Sample survey - de facto,"Final figure, complete",1989,36689100,1
China,1987,Rural,Female,11,Sample survey - de facto,"Final figure, complete",1989,6694100,1
China,1987,Rural,Female,12,Sample survey - de facto,"Final figure, complete",1989,7367600,1
China,1987,Rural,Female,13,Sample survey - de facto,"Final figure, complete",1989,8015900,1
China,1987,Rural,Female,14,Sample survey - de facto,"Final figure, complete",1989,8240900,1
China,1987,Rural,Female,15,Sample survey - de facto,"Final figure, complete",1989,8135100,1
China,1987,Rural,Female,15 - 19,Sample survey - de facto,"Final figure, complete",1989,41126900,1
China,1987,Rural,Female,16,Sample survey - de facto,"Final figure, complete",1989,8716800,1
China,1987,Rural,Female,17,Sample survey - de facto,"Final figure, complete",1989,8200400,1
China,1987,Rural,Female,18,Sample survey - de facto,"Final figure, complete",1989,8658700,1
China,1987,Rural,Female,19,Sample survey - de facto,"Final figure, complete",1989,7415900,1
China,1987,Rural,Female,20,Sample survey - de facto,"Final figure, complete",1989,7330300,1
China,1987,Rural,Female,20 - 24,Sample survey - de facto,"Final figure, complete",1989,37668100,1
China,1987,Rural,Female,21,Sample survey - de facto,"Final figure, complete",1989,7687700,1
China,1987,Rural,Female,22,Sample survey - de facto,"Final figure, complete",1989,7412200,1
China,1987,Rural,Female,23,Sample survey - de facto,"Final figure, complete",1989,7373700,1
China,1987,Rural,Female,24,Sample survey - de facto,"Final figure, complete",1989,7864200,1
China,1987,Rural,Female,25,Sample survey - de facto,"Final figure, complete",1989,4798700,1
China,1987,Rural,Female,25 - 29,Sample survey - de facto,"Final figure, complete",1989,20569500,1
China,1987,Rural,Female,26,Sample survey - de facto,"Final figure, complete",1989,3118300,1
China,1987,Rural,Female,27,Sample survey - de facto,"Final figure, complete",1989,3666800,1
China,1987,Rural,Female,28,Sample survey - de facto,"Final figure, complete",1989,3870100,1
China,1987,Rural,Female,29,Sample survey - de facto,"Final figure, complete",1989,5115600,1
China,1987,Rural,Female,30,Sample survey - de facto,"Final figure, complete",1989,5274100,1
China,1987,Rural,Female,30 - 34,Sample survey - de facto,"Final figure, complete",1989,26004600,1
China,1987,Rural,Female,31,Sample survey - de facto,"Final figure, complete",1989,4914900,1
China,1987,Rural,Female,32,Sample survey - de facto,"Final figure, complete",1989,5514400,1
China,1987,Rural,Female,33,Sample survey - de facto,"Final figure, complete",1989,5221100,1
China,1987,Rural,Female,34,Sample survey - de facto,"Final figure, complete",1989,5080100,1
China,1987,Rural,Female,35,Sample survey - de facto,"Final figure, complete",1989,5014900,1
China,1987,Rural,Female,35 - 39,Sample survey - de facto,"Final figure, complete",1989,21130700,1
China,1987,Rural,Female,36,Sample survey - de facto,"Final figure, complete",1989,4270700,1
China,1987,Rural,Female,37,Sample survey - de facto,"Final figure, complete",1989,4303200,1
China,1987,Rural,Female,38,Sample survey - de facto,"Final figure, complete",1989,3914000,1
China,1987,Rural,Female,39,Sample survey - de facto,"Final figure, complete",1989,3627900,1
China,1987,Rural,Female,40,Sample survey - de facto,"Final figure, complete",1989,3680900,1
China,1987,Rural,Female,40 - 44,Sample survey - de facto,"Final figure, complete",1989,15675800,1
China,1987,Rural,Female,41,Sample survey - de facto,"Final figure, complete",1989,3255000,1
China,1987,Rural,Female,42,Sample survey - de facto,"Final figure, complete",1989,3083500,1
China,1987,Rural,Female,43,Sample survey - de facto,"Final figure, complete",1989,2907800,1
China,1987,Rural,Female,44,Sample survey - de facto,"Final figure, complete",1989,2748600,1
China,1987,Rural,Female,45,Sample survey - de facto,"Final figure, complete",1989,2851500,1
China,1987,Rural,Female,45 - 49,Sample survey - de facto,"Final figure, complete",1989,13396800,1
China,1987,Rural,Female,46,Sample survey - de facto,"Final figure, complete",1989,2732900,1
China,1987,Rural,Female,47,Sample survey - de facto,"Final figure, complete",1989,2557500,1
China,1987,Rural,Female,48,Sample survey - de facto,"Final figure, complete",1989,2626700,1
China,1987,Rural,Female,49,Sample survey - de facto,"Final figure, complete",1989,2628200,1
China,1987,Rural,Female,50,Sample survey - de facto,"Final figure, complete",1989,2745500,1
China,1987,Rural,Female,50 - 54,Sample survey - de facto,"Final figure, complete",1989,13331900,1
China,1987,Rural,Female,51,Sample survey - de facto,"Final figure, complete",1989,2641800,1
China,1987,Rural,Female,52,Sample survey - de facto,"Final figure, complete",1989,2610900,1
China,1987,Rural,Female,53,Sample survey - de facto,"Final figure, complete",1989,2665900,1
China,1987,Rural,Female,54,Sample survey - de facto,"Final figure, complete",1989,2667800,1
China,1987,Rural,Female,55,Sample survey - de facto,"Final figure, complete",1989,2446000,1
China,1987,Rural,Female,55 - 59,Sample survey - de facto,"Final figure, complete",1989,11762400,1
China,1987,Rural,Female,56,Sample survey - de facto,"Final figure, complete",1989,2373800,1
China,1987,Rural,Female,57,Sample survey - de facto,"Final figure, complete",1989,2343700,1
China,1987,Rural,Female,58,Sample survey - de facto,"Final figure, complete",1989,2300200,1
China,1987,Rural,Female,59,Sample survey - de facto,"Final figure, complete",1989,2298700,1
China,1987,Rural,Female,60,Sample survey - de facto,"Final figure, complete",1989,2161200,1
China,1987,Rural,Female,60 - 64,Sample survey - de facto,"Final figure, complete",1989,9986000,1
China,1987,Rural,Female,61,Sample survey - de facto,"Final figure, complete",1989,1968700,1
China,1987,Rural,Female,62,Sample survey - de facto,"Final figure, complete",1989,2082800,1
China,1987,Rural,Female,63,Sample survey - de facto,"Final figure, complete",1989,1989300,1
China,1987,Rural,Female,64,Sample survey - de facto,"Final figure, complete",1989,1784000,1
China,1987,Rural,Female,65,Sample survey - de facto,"Final figure, complete",1989,1786000,1
China,1987,Rural,Female,65 - 69,Sample survey - de facto,"Final figure, complete",1989,7979700,1
China,1987,Rural,Female,66,Sample survey - de facto,"Final figure, complete",1989,1698500,1
China,1987,Rural,Female,67,Sample survey - de facto,"Final figure, complete",1989,1655400,1
China,1987,Rural,Female,68,Sample survey - de facto,"Final figure, complete",1989,1464300,1
China,1987,Rural,Female,69,Sample survey - de facto,"Final figure, complete",1989,1375500,1
China,1987,Rural,Female,70,Sample survey - de facto,"Final figure, complete",1989,1412800,1
China,1987,Rural,Female,70 - 74,Sample survey - de facto,"Final figure, complete",1989,5997900,1
China,1987,Rural,Female,71,Sample survey - de facto,"Final figure, complete",1989,1267200,1
China,1987,Rural,Female,72,Sample survey - de facto,"Final figure, complete",1989,1172000,1
China,1987,Rural,Female,73,Sample survey - de facto,"Final figure, complete",1989,1167500,1
China,1987,Rural,Female,74,Sample survey - de facto,"Final figure, complete",1989,978400,1
China,1987,Rural,Female,75,Sample survey - de facto,"Final figure, complete",1989,879300,1
China,1987,Rural,Female,75 - 79,Sample survey - de facto,"Final figure, complete",1989,3759700,1
China,1987,Rural,Female,76,Sample survey - de facto,"Final figure, complete",1989,809200,1
China,1987,Rural,Female,77,Sample survey - de facto,"Final figure, complete",1989,745600,1
China,1987,Rural,Female,78,Sample survey - de facto,"Final figure, complete",1989,717900,1
China,1987,Rural,Female,79,Sample survey - de facto,"Final figure, complete",1989,607700,1
China,1987,Rural,Female,80,Sample survey - de facto,"Final figure, complete",1989,544000,1
China,1987,Rural,Female,80 - 84,Sample survey - de facto,"Final figure, complete",1989,2013000,1
China,1987,Rural,Female,81,Sample survey - de facto,"Final figure, complete",1989,462600,1
China,1987,Rural,Female,82,Sample survey - de facto,"Final figure, complete",1989,386900,1
China,1987,Rural,Female,83,Sample survey - de facto,"Final figure, complete",1989,332300,1
China,1987,Rural,Female,84,Sample survey - de facto,"Final figure, complete",1989,287200,1
China,1987,Rural,Female,85 +,Sample survey - de facto,"Final figure, complete",1989,822000,1
China,1982,Total,Both Sexes,Total,Census - de facto - complete tabulation,"Final figure, complete",1984,1003913927,
China,1982,Total,Both Sexes,0,Census - de facto - complete tabulation,"Final figure, complete",1984,20809347,
China,1982,Total,Both Sexes,1,Census - de facto - complete tabulation,"Final figure, complete",1984,17375778,
China,1982,Total,Both Sexes,1 - 4,Census - de facto - complete tabulation,"Final figure, complete",1984,73895014,"1,6"
China,1982,Total,Both Sexes,2,Census - de facto - complete tabulation,"Final figure, complete",1984,18273841,
China,1982,Total,Both Sexes,3,Census - de facto - complete tabulation,"Final figure, complete",1984,19625509,
China,1982,Total,Both Sexes,4,Census - de facto - complete tabulation,"Final figure, complete",1984,18619886,
China,1982,Total,Both Sexes,5,Census - de facto - complete tabulation,"Final figure, complete",1984,19421300,
China,1982,Total,Both Sexes,5 - 9,Census - de facto - complete tabulation,"Final figure, complete",1984,110735871,"1,6"
China,1982,Total,Both Sexes,6,Census - de facto - complete tabulation,"Final figure, complete",1984,20432542,
China,1982,Total,Both Sexes,7,Census - de facto - complete tabulation,"Final figure, complete",1984,21779429,
China,1982,Total,Both Sexes,8,Census - de facto - complete tabulation,"Final figure, complete",1984,24032967,
China,1982,Total,Both Sexes,9,Census - de facto - complete tabulation,"Final figure, complete",1984,25069633,
China,1982,Total,Both Sexes,10,Census - de facto - complete tabulation,"Final figure, complete",1984,25222513,
China,1982,Total,Both Sexes,10 - 14,Census - de facto - complete tabulation,"Final figure, complete",1984,131810957,"1,6"
China,1982,Total,Both Sexes,11,Census - de facto - complete tabulation,"Final figure, complete",1984,27323306,
China,1982,Total,Both Sexes,12,Census - de facto - complete tabulation,"Final figure, complete",1984,26487340,
China,1982,Total,Both Sexes,13,Census - de facto - complete tabulation,"Final figure, complete",1984,28239541,
China,1982,Total,Both Sexes,14,Census - de facto - complete tabulation,"Final figure, complete",1984,24538257,
China,1982,Total,Both Sexes,15,Census - de facto - complete tabulation,"Final figure, complete",1984,22750897,
China,1982,Total,Both Sexes,15 - 19,Census - de facto - complete tabulation,"Final figure, complete",1984,125366344,"1,6"
China,1982,Total,Both Sexes,16,Census - de facto - complete tabulation,"Final figure, complete",1984,25686509,
China,1982,Total,Both Sexes,17,Census - de facto - complete tabulation,"Final figure, complete",1984,24417934,
China,1982,Total,Both Sexes,18,Census - de facto - complete tabulation,"Final figure, complete",1984,25131408,
China,1982,Total,Both Sexes,19,Census - de facto - complete tabulation,"Final figure, complete",1984,27379596,
China,1982,Total,Both Sexes,20,Census - de facto - complete tabulation,"Final figure, complete",1984,15620970,
China,1982,Total,Both Sexes,20 - 24,Census - de facto - complete tabulation,"Final figure, complete",1984,74363020,"1,6"
China,1982,Total,Both Sexes,21,Census - de facto - complete tabulation,"Final figure, complete",1984,10690834,
China,1982,Total,Both Sexes,22,Census - de facto - complete tabulation,"Final figure, complete",1984,14307196,
China,1982,Total,Both Sexes,23,Census - de facto - complete tabulation,"Final figure, complete",1984,14284240,
China,1982,Total,Both Sexes,24,Census - de facto - complete tabulation,"Final figure, complete",1984,19459780,
China,1982,Total,Both Sexes,25,Census - de facto - complete tabulation,"Final figure, complete",1984,18876181,
China,1982,Total,Both Sexes,25 - 29,Census - de facto - complete tabulation,"Final figure, complete",1984,92563882,"1,6"
China,1982,Total,Both Sexes,26,Census - de facto - complete tabulation,"Final figure, complete",1984,17932830,
China,1982,Total,Both Sexes,27,Census - de facto - complete tabulation,"Final figure, complete",1984,19662511,
China,1982,Total,Both Sexes,28,Census - de facto - complete tabulation,"Final figure, complete",1984,18604868,
China,1982,Total,Both Sexes,29,Census - de facto - complete tabulation,"Final figure, complete",1984,17487492,
China,1982,Total,Both Sexes,30,Census - de facto - complete tabulation,"Final figure, complete",1984,17351297,
China,1982,Total,Both Sexes,30 - 34,Census - de facto - complete tabulation,"Final figure, complete",1984,72958237,"1,6"
China,1982,Total,Both Sexes,31,Census - de facto - complete tabulation,"Final figure, complete",1984,14628858,
China,1982,Total,Both Sexes,32,Census - de facto - complete tabulation,"Final figure, complete",1984,15269938,
China,1982,Total,Both Sexes,33,Census - de facto - complete tabulation,"Final figure, complete",1984,13149025,
China,1982,Total,Both Sexes,34,Census - de facto - complete tabulation,"Final figure, complete",1984,12559119,
China,1982,Total,Both Sexes,35,Census - de facto - complete tabulation,"Final figure, complete",1984,12401450,
China,1982,Total,Both Sexes,35 - 39,Census - de facto - complete tabulation,"Final figure, complete",1984,54221629,"1,6"
China,1982,Total,Both Sexes,36,Census - de facto - complete tabulation,"Final figure, complete",1984,11284882,
China,1982,Total,Both Sexes,37,Census - de facto - complete tabulation,"Final figure, complete",1984,10580696,
China,1982,Total,Both Sexes,38,Census - de facto - complete tabulation,"Final figure, complete",1984,10255445,
China,1982,Total,Both Sexes,39,Census - de facto - complete tabulation,"Final figure, complete",1984,9699156,
China,1982,Total,Both Sexes,40,Census - de facto - complete tabulation,"Final figure, complete",1984,10060211,
China,1982,Total,Both Sexes,40 - 44,Census - de facto - complete tabulation,"Final figure, complete",1984,48437943,"1,6"
China,1982,Total,Both Sexes,41,Census - de facto - complete tabulation,"Final figure, complete",1984,9999643,
China,1982,Total,Both Sexes,42,Census - de facto - complete tabulation,"Final figure, complete",1984,9384301,
China,1982,Total,Both Sexes,43,Census - de facto - complete tabulation,"Final figure, complete",1984,9401304,
China,1982,Total,Both Sexes,44,Census - de facto - complete tabulation,"Final figure, complete",1984,9592484,
China,1982,Total,Both Sexes,45,Census - de facto - complete tabulation,"Final figure, complete",1984,9601925,
China,1982,Total,Both Sexes,45 - 49,Census - de facto - complete tabulation,"Final figure, complete",1984,47403331,"1,6"
China,1982,Total,Both Sexes,46,Census - de facto - complete tabulation,"Final figure, complete",1984,9655814,
China,1982,Total,Both Sexes,47,Census - de facto - complete tabulation,"Final figure, complete",1984,9297996,
China,1982,Total,Both Sexes,48,Census - de facto - complete tabulation,"Final figure, complete",1984,9459632,
China,1982,Total,Both Sexes,49,Census - de facto - complete tabulation,"Final figure, complete",1984,9387964,
China,1982,Total,Both Sexes,50,Census - de facto - complete tabulation,"Final figure, complete",1984,8579435,
China,1982,Total,Both Sexes,50 - 54,Census - de facto - complete tabulation,"Final figure, complete",1984,40815501,"1,6"
China,1982,Total,Both Sexes,51,Census - de facto - complete tabulation,"Final figure, complete",1984,8137913,
China,1982,Total,Both Sexes,52,Census - de facto - complete tabulation,"Final figure, complete",1984,8426358,
China,1982,Total,Both Sexes,53,Census - de facto - complete tabulation,"Final figure, complete",1984,7776282,
China,1982,Total,Both Sexes,54,Census - de facto - complete tabulation,"Final figure, complete",1984,7895513,
China,1982,Total,Both Sexes,55,Census - de facto - complete tabulation,"Final figure, complete",1984,7083086,
China,1982,Total,Both Sexes,55 - 59,Census - de facto - complete tabulation,"Final figure, complete",1984,33894327,"1,6"
China,1982,Total,Both Sexes,56,Census - de facto - complete tabulation,"Final figure, complete",1984,6911047,
China,1982,Total,Both Sexes,57,Census - de facto - complete tabulation,"Final figure, complete",1984,7049455,
China,1982,Total,Both Sexes,58,Census - de facto - complete tabulation,"Final figure, complete",1984,6797183,
China,1982,Total,Both Sexes,59,Census - de facto - complete tabulation,"Final figure, complete",1984,6053556,
China,1982,Total,Both Sexes,60,Census - de facto - complete tabulation,"Final figure, complete",1984,6162246,
China,1982,Total,Both Sexes,60 - 64,Census - de facto - complete tabulation,"Final figure, complete",1984,27362204,"1,6"
China,1982,Total,Both Sexes,61,Census - de facto - complete tabulation,"Final figure, complete",1984,5753771,
China,1982,Total,Both Sexes,62,Census - de facto - complete tabulation,"Final figure, complete",1984,5688684,
China,1982,Total,Both Sexes,63,Census - de facto - complete tabulation,"Final figure, complete",1984,4966706,
China,1982,Total,Both Sexes,64,Census - de facto - complete tabulation,"Final figure, complete",1984,4790797,
China,1982,Total,Both Sexes,65,Census - de facto - complete tabulation,"Final figure, complete",1984,4804711,
China,1982,Total,Both Sexes,65 - 69,Census - de facto - complete tabulation,"Final figure, complete",1984,21260370,"1,6"
China,1982,Total,Both Sexes,66,Census - de facto - complete tabulation,"Final figure, complete",1984,4475235,
China,1982,Total,Both Sexes,67,Census - de facto - complete tabulation,"Final figure, complete",1984,4159969,
China,1982,Total,Both Sexes,68,Census - de facto - complete tabulation,"Final figure, complete",1984,4246945,
China,1982,Total,Both Sexes,69,Census - de facto - complete tabulation,"Final figure, complete",1984,3573510,
China,1982,Total,Both Sexes,70,Census - de facto - complete tabulation,"Final figure, complete",1984,3248508,
China,1982,Total,Both Sexes,70 - 74,Census - de facto - complete tabulation,"Final figure, complete",1984,14348045,"1,6"
China,1982,Total,Both Sexes,71,Census - de facto - complete tabulation,"Final figure, complete",1984,3067353,
China,1982,Total,Both Sexes,72,Census - de facto - complete tabulation,"Final figure, complete",1984,2923408,
China,1982,Total,Both Sexes,73,Census - de facto - complete tabulation,"Final figure, complete",1984,2747288,
China,1982,Total,Both Sexes,74,Census - de facto - complete tabulation,"Final figure, complete",1984,2361488,
China,1982,Total,Both Sexes,75,Census - de facto - complete tabulation,"Final figure, complete",1984,2114856,
China,1982,Total,Both Sexes,75 - 79,Census - de facto - complete tabulation,"Final figure, complete",1984,8617043,"1,6"
China,1982,Total,Both Sexes,76,Census - de facto - complete tabulation,"Final figure, complete",1984,1993144,
China,1982,Total,Both Sexes,77,Census - de facto - complete tabulation,"Final figure, complete",1984,1688121,
China,1982,Total,Both Sexes,78,Census - de facto - complete tabulation,"Final figure, complete",1984,1512955,
China,1982,Total,Both Sexes,79,Census - de facto - complete tabulation,"Final figure, complete",1984,1307967,
China,1982,Total,Both Sexes,80,Census - de facto - complete tabulation,"Final figure, complete",1984,1114354,
China,1982,Total,Both Sexes,80 - 84,Census - de facto - complete tabulation,"Final figure, complete",1984,3704605,"1,6"
China,1982,Total,Both Sexes,81,Census - de facto - complete tabulation,"Final figure, complete",1984,918361,
China,1982,Total,Both Sexes,82,Census - de facto - complete tabulation,"Final figure, complete",1984,694784,
China,1982,Total,Both Sexes,83,Census - de facto - complete tabulation,"Final figure, complete",1984,525285,
China,1982,Total,Both Sexes,84,Census - de facto - complete tabulation,"Final figure, complete",1984,451821,
China,1982,Total,Both Sexes,85 +,Census - de facto - complete tabulation,"Final figure, complete",1984,1345486,
China,1982,Total,Both Sexes,Unknown,Census - de facto - complete tabulation,"Final figure, complete",1984,771,
China,1982,Total,Male,Total,Census - de facto - complete tabulation,"Final figure, complete",1984,515277505,
China,1982,Total,Male,0,Census - de facto - complete tabulation,"Final figure, complete",1984,10787028,
China,1982,Total,Male,1,Census - de facto - complete tabulation,"Final figure, complete",1984,9015023,
China,1982,Total,Male,1 - 4,Census - de facto - complete tabulation,"Final figure, complete",1984,38196785,"1,6"
China,1982,Total,Male,2,Census - de facto - complete tabulation,"Final figure, complete",1984,9460846,
China,1982,Total,Male,3,Census - de facto - complete tabulation,"Final figure, complete",1984,10131309,
China,1982,Total,Male,4,Census - de facto - complete tabulation,"Final figure, complete",1984,9589607,
China,1982,Total,Male,5,Census - de facto - complete tabulation,"Final figure, complete",1984,10005985,
China,1982,Total,Male,5 - 9,Census - de facto - complete tabulation,"Final figure, complete",1984,57026296,"1,6"
China,1982,Total,Male,6,Census - de facto - complete tabulation,"Final figure, complete",1984,10528882,
China,1982,Total,Male,7,Census - de facto - complete tabulation,"Final figure, complete",1984,11215966,
China,1982,Total,Male,8,Census - de facto - complete tabulation,"Final figure, complete",1984,12373188,
China,1982,Total,Male,9,Census - de facto - complete tabulation,"Final figure, complete",1984,12902275,
China,1982,Total,Male,10,Census - de facto - complete tabulation,"Final figure, complete",1984,12990403,
China,1982,Total,Male,10 - 14,Census - de facto - complete tabulation,"Final figure, complete",1984,67837932,"1,6"
China,1982,Total,Male,11,Census - de facto - complete tabulation,"Final figure, complete",1984,14071874,
China,1982,Total,Male,12,Census - de facto - complete tabulation,"Final figure, complete",1984,13614655,
China,1982,Total,Male,13,Census - de facto - complete tabulation,"Final figure, complete",1984,14522190,
China,1982,Total,Male,14,Census - de facto - complete tabulation,"Final figure, complete",1984,12638810,
China,1982,Total,Male,15,Census - de facto - complete tabulation,"Final figure, complete",1984,11710874,
China,1982,Total,Male,15 - 19,Census - de facto - complete tabulation,"Final figure, complete",1984,63804581,"1,6"
China,1982,Total,Male,16,Census - de facto - complete tabulation,"Final figure, complete",1984,13189846,
China,1982,Total,Male,17,Census - de facto - complete tabulation,"Final figure, complete",1984,12507810,
China,1982,Total,Male,18,Census - de facto - complete tabulation,"Final figure, complete",1984,12726845,
China,1982,Total,Male,19,Census - de facto - complete tabulation,"Final figure, complete",1984,13669206,
China,1982,Total,Male,20,Census - de facto - complete tabulation,"Final figure, complete",1984,7693607,
China,1982,Total,Male,20 - 24,Census - de facto - complete tabulation,"Final figure, complete",1984,37880114,"1,6"
China,1982,Total,Male,21,Census - de facto - complete tabulation,"Final figure, complete",1984,5320423,
China,1982,Total,Male,22,Census - de facto - complete tabulation,"Final figure, complete",1984,7337219,
China,1982,Total,Male,23,Census - de facto - complete tabulation,"Final figure, complete",1984,7396047,
China,1982,Total,Male,24,Census - de facto - complete tabulation,"Final figure, complete",1984,10132818,
China,1982,Total,Male,25,Census - de facto - complete tabulation,"Final figure, complete",1984,9773764,
China,1982,Total,Male,25 - 29,Census - de facto - complete tabulation,"Final figure, complete",1984,47746258,"1,6"
China,1982,Total,Male,26,Census - de facto - complete tabulation,"Final figure, complete",1984,9247831,
China,1982,Total,Male,27,Census - de facto - complete tabulation,"Final figure, complete",1984,10169169,
China,1982,Total,Male,28,Census - de facto - complete tabulation,"Final figure, complete",1984,9573341,
China,1982,Total,Male,29,Census - de facto - complete tabulation,"Final figure, complete",1984,8982153,
China,1982,Total,Male,30,Census - de facto - complete tabulation,"Final figure, complete",1984,8910451,
China,1982,Total,Male,30 - 34,Census - de facto - complete tabulation,"Final figure, complete",1984,37930244,"1,6"
China,1982,Total,Male,31,Census - de facto - complete tabulation,"Final figure, complete",1984,7545721,
China,1982,Total,Male,32,Census - de facto - complete tabulation,"Final figure, complete",1984,8007225,
China,1982,Total,Male,33,Census - de facto - complete tabulation,"Final figure, complete",1984,6881142,
China,1982,Total,Male,34,Census - de facto - complete tabulation,"Final figure, complete",1984,6585705,
China,1982,Total,Male,35,Census - de facto - complete tabulation,"Final figure, complete",1984,6509081,
China,1982,Total,Male,35 - 39,Census - de facto - complete tabulation,"Final figure, complete",1984,28565678,"1,6"
China,1982,Total,Male,36,Census - de facto - complete tabulation,"Final figure, complete",1984,5896179,
China,1982,Total,Male,37,Census - de facto - complete tabulation,"Final figure, complete",1984,5566357,
China,1982,Total,Male,38,Census - de facto - complete tabulation,"Final figure, complete",1984,5436653,
China,1982,Total,Male,39,Census - de facto - complete tabulation,"Final figure, complete",1984,5157408,
China,1982,Total,Male,40,Census - de facto - complete tabulation,"Final figure, complete",1984,5331337,
China,1982,Total,Male,40 - 44,Census - de facto - complete tabulation,"Final figure, complete",1984,25827570,"1,6"
China,1982,Total,Male,41,Census - de facto - complete tabulation,"Final figure, complete",1984,5341152,
China,1982,Total,Male,42,Census - de facto - complete tabulation,"Final figure, complete",1984,4994743,
China,1982,Total,Male,43,Census - de facto - complete tabulation,"Final figure, complete",1984,5014787,
China,1982,Total,Male,44,Census - de facto - complete tabulation,"Final figure, complete",1984,5145551,
China,1982,Total,Male,45,Census - de facto - complete tabulation,"Final figure, complete",1984,5108174,
China,1982,Total,Male,45 - 49,Census - de facto - complete tabulation,"Final figure, complete",1984,25073117,"1,6"
China,1982,Total,Male,46,Census - de facto - complete tabulation,"Final figure, complete",1984,5107686,
China,1982,Total,Male,47,Census - de facto - complete tabulation,"Final figure, complete",1984,4887513,
China,1982,Total,Male,48,Census - de facto - complete tabulation,"Final figure, complete",1984,5005341,
China,1982,Total,Male,49,Census - de facto - complete tabulation,"Final figure, complete",1984,4964403,
China,1982,Total,Male,50,Census - de facto - complete tabulation,"Final figure, complete",1984,4532590,
China,1982,Total,Male,50 - 54,Census - de facto - complete tabulation,"Final figure, complete",1984,21528986,"1,6"
China,1982,Total,Male,51,Census - de facto - complete tabulation,"Final figure, complete",1984,4332903,
China,1982,Total,Male,52,Census - de facto - complete tabulation,"Final figure, complete",1984,4453993,
China,1982,Total,Male,53,Census - de facto - complete tabulation,"Final figure, complete",1984,4074350,
China,1982,Total,Male,54,Census - de facto - complete tabulation,"Final figure, complete",1984,4135150,
China,1982,Total,Male,55,Census - de facto - complete tabulation,"Final figure, complete",1984,3705316,
China,1982,Total,Male,55 - 59,Census - de facto - complete tabulation,"Final figure, complete",1984,17493925,"1,6"
China,1982,Total,Male,56,Census - de facto - complete tabulation,"Final figure, complete",1984,3588621,
China,1982,Total,Male,57,Census - de facto - complete tabulation,"Final figure, complete",1984,3642023,
China,1982,Total,Male,58,Census - de facto - complete tabulation,"Final figure, complete",1984,3475640,
China,1982,Total,Male,59,Census - de facto - complete tabulation,"Final figure, complete",1984,3082325,
China,1982,Total,Male,60,Census - de facto - complete tabulation,"Final figure, complete",1984,3130575,
China,1982,Total,Male,60 - 64,Census - de facto - complete tabulation,"Final figure, complete",1984,13709397,"1,6"
China,1982,Total,Male,61,Census - de facto - complete tabulation,"Final figure, complete",1984,2907890,
China,1982,Total,Male,62,Census - de facto - complete tabulation,"Final figure, complete",1984,2854566,
China,1982,Total,Male,63,Census - de facto - complete tabulation,"Final figure, complete",1984,2455851,
China,1982,Total,Male,64,Census - de facto - complete tabulation,"Final figure, complete",1984,2360515,
China,1982,Total,Male,65,Census - de facto - complete tabulation,"Final figure, complete",1984,2327945,
China,1982,Total,Male,65 - 69,Census - de facto - complete tabulation,"Final figure, complete",1984,10171973,"1,6"
China,1982,Total,Male,66,Census - de facto - complete tabulation,"Final figure, complete",1984,2153933,
China,1982,Total,Male,67,Census - de facto - complete tabulation,"Final figure, complete",1984,1995038,
China,1982,Total,Male,68,Census - de facto - complete tabulation,"Final figure, complete",1984,2018582,
China,1982,Total,Male,69,Census - de facto - complete tabulation,"Final figure, complete",1984,1676475,
China,1982,Total,Male,70,Census - de facto - complete tabulation,"Final figure, complete",1984,1508595,
China,1982,Total,Male,70 - 74,Census - de facto - complete tabulation,"Final figure, complete",1984,6434731,"1,6"
China,1982,Total,Male,71,Census - de facto - complete tabulation,"Final figure, complete",1984,1405271,
China,1982,Total,Male,72,Census - de facto - complete tabulation,"Final figure, complete",1984,1306674,
China,1982,Total,Male,73,Census - de facto - complete tabulation,"Final figure, complete",1984,1198007,
China,1982,Total,Male,74,Census - de facto - complete tabulation,"Final figure, complete",1984,1016184,
China,1982,Total,Male,75,Census - de facto - complete tabulation,"Final figure, complete",1984,891456,
China,1982,Total,Male,75 - 79,Census - de facto - complete tabulation,"Final figure, complete",1984,3496703,"1,6"
China,1982,Total,Male,76,Census - de facto - complete tabulation,"Final figure, complete",1984,817130,
China,1982,Total,Male,77,Census - de facto - complete tabulation,"Final figure, complete",1984,682054,
China,1982,Total,Male,78,Census - de facto - complete tabulation,"Final figure, complete",1984,598805,
China,1982,Total,Male,79,Census - de facto - complete tabulation,"Final figure, complete",1984,507258,
China,1982,Total,Male,80,Census - de facto - complete tabulation,"Final figure, complete",1984,422376,
China,1982,Total,Male,80 - 84,Census - de facto - complete tabulation,"Final figure, complete",1984,1350776,"1,6"
China,1982,Total,Male,81,Census - de facto - complete tabulation,"Final figure, complete",1984,339657,
China,1982,Total,Male,82,Census - de facto - complete tabulation,"Final figure, complete",1984,249804,
China,1982,Total,Male,83,Census - de facto - complete tabulation,"Final figure, complete",1984,184363,
China,1982,Total,Male,84,Census - de facto - complete tabulation,"Final figure, complete",1984,154576,
China,1982,Total,Male,85 +,Census - de facto - complete tabulation,"Final figure, complete",1984,415047,
China,1982,Total,Male,Unknown,Census - de facto - complete tabulation,"Final figure, complete",1984,364,
China,1982,Total,Female,Total,Census - de facto - complete tabulation,"Final figure, complete",1984,488636422,
China,1982,Total,Female,0,Census - de facto - complete tabulation,"Final figure, complete",1984,10022319,
China,1982,Total,Female,1,Census - de facto - complete tabulation,"Final figure, complete",1984,8360755,
China,1982,Total,Female,1 - 4,Census - de facto - complete tabulation,"Final figure, complete",1984,35698229,"1,6"
China,1982,Total,Female,2,Census - de facto - complete tabulation,"Final figure, complete",1984,8812995,
China,1982,Total,Female,3,Census - de facto - complete tabulation,"Final figure, complete",1984,9494200,
China,1982,Total,Female,4,Census - de facto - complete tabulation,"Final figure, complete",1984,9030279,
China,1982,Total,Female,5,Census - de facto - complete tabulation,"Final figure, complete",1984,9415315,
China,1982,Total,Female,5 - 9,Census - de facto - complete tabulation,"Final figure, complete",1984,53709575,"1,6"
China,1982,Total,Female,6,Census - de facto - complete tabulation,"Final figure, complete",1984,9903660,
China,1982,Total,Female,7,Census - de facto - complete tabulation,"Final figure, complete",1984,10563463,
China,1982,Total,Female,8,Census - de facto - complete tabulation,"Final figure, complete",1984,11659779,
China,1982,Total,Female,9,Census - de facto - complete tabulation,"Final figure, complete",1984,12167358,
China,1982,Total,Female,10,Census - de facto - complete tabulation,"Final figure, complete",1984,12232110,
China,1982,Total,Female,10 - 14,Census - de facto - complete tabulation,"Final figure, complete",1984,63973025,"1,6"
China,1982,Total,Female,11,Census - de facto - complete tabulation,"Final figure, complete",1984,13251432,
China,1982,Total,Female,12,Census - de facto - complete tabulation,"Final figure, complete",1984,12872685,
China,1982,Total,Female,13,Census - de facto - complete tabulation,"Final figure, complete",1984,13717351,
China,1982,Total,Female,14,Census - de facto - complete tabulation,"Final figure, complete",1984,11899447,
China,1982,Total,Female,15,Census - de facto - complete tabulation,"Final figure, complete",1984,11040023,
China,1982,Total,Female,15 - 19,Census - de facto - complete tabulation,"Final figure, complete",1984,61561763,"1,6"
China,1982,Total,Female,16,Census - de facto - complete tabulation,"Final figure, complete",1984,12496663,
China,1982,Total,Female,17,Census - de facto - complete tabulation,"Final figure, complete",1984,11910124,
China,1982,Total,Female,18,Census - de facto - complete tabulation,"Final figure, complete",1984,12404563,
China,1982,Total,Female,19,Census - de facto - complete tabulation,"Final figure, complete",1984,13710390,
China,1982,Total,Female,20,Census - de facto - complete tabulation,"Final figure, complete",1984,7927363,
China,1982,Total,Female,20 - 24,Census - de facto - complete tabulation,"Final figure, complete",1984,36482906,"1,6"
China,1982,Total,Female,21,Census - de facto - complete tabulation,"Final figure, complete",1984,5370411,
China,1982,Total,Female,22,Census - de facto - complete tabulation,"Final figure, complete",1984,6969977,
China,1982,Total,Female,23,Census - de facto - complete tabulation,"Final figure, complete",1984,6888193,
China,1982,Total,Female,24,Census - de facto - complete tabulation,"Final figure, complete",1984,9326962,
China,1982,Total,Female,25,Census - de facto - complete tabulation,"Final figure, complete",1984,9102417,
China,1982,Total,Female,25 - 29,Census - de facto - complete tabulation,"Final figure, complete",1984,44817624,"1,6"
China,1982,Total,Female,26,Census - de facto - complete tabulation,"Final figure, complete",1984,8684999,
China,1982,Total,Female,27,Census - de facto - complete tabulation,"Final figure, complete",1984,9493342,
China,1982,Total,Female,28,Census - de facto - complete tabulation,"Final figure, complete",1984,9031527,
China,1982,Total,Female,29,Census - de facto - complete tabulation,"Final figure, complete",1984,8505339,
China,1982,Total,Female,30,Census - de facto - complete tabulation,"Final figure, complete",1984,8440846,
China,1982,Total,Female,30 - 34,Census - de facto - complete tabulation,"Final figure, complete",1984,35027993,"1,6"
China,1982,Total,Female,31,Census - de facto - complete tabulation,"Final figure, complete",1984,7083137,
China,1982,Total,Female,32,Census - de facto - complete tabulation,"Final figure, complete",1984,7262713,
China,1982,Total,Female,33,Census - de facto - complete tabulation,"Final figure, complete",1984,6267883,
China,1982,Total,Female,34,Census - de facto - complete tabulation,"Final figure, complete",1984,5973414,
China,1982,Total,Female,35,Census - de facto - complete tabulation,"Final figure, complete",1984,5892369,
China,1982,Total,Female,35 - 39,Census - de facto - complete tabulation,"Final figure, complete",1984,25655951,"1,6"
China,1982,Total,Female,36,Census - de facto - complete tabulation,"Final figure, complete",1984,5388703,
China,1982,Total,Female,37,Census - de facto - complete tabulation,"Final figure, complete",1984,5014339,
China,1982,Total,Female,38,Census - de facto - complete tabulation,"Final figure, complete",1984,4818792,
China,1982,Total,Female,39,Census - de facto - complete tabulation,"Final figure, complete",1984,4541748,
China,1982,Total,Female,40,Census - de facto - complete tabulation,"Final figure, complete",1984,4728874,
China,1982,Total,Female,40 - 44,Census - de facto - complete tabulation,"Final figure, complete",1984,22610373,"1,6"
China,1982,Total,Female,41,Census - de facto - complete tabulation,"Final figure, complete",1984,4658491,
China,1982,Total,Female,42,Census - de facto - complete tabulation,"Final figure, complete",1984,4389558,
China,1982,Total,Female,43,Census - de facto - complete tabulation,"Final figure, complete",1984,4386517,
China,1982,Total,Female,44,Census - de facto - complete tabulation,"Final figure, complete",1984,4446933,
China,1982,Total,Female,45,Census - de facto - complete tabulation,"Final figure, complete",1984,4493751,
China,1982,Total,Female,45 - 49,Census - de facto - complete tabulation,"Final figure, complete",1984,22330214,"1,6"
China,1982,Total,Female,46,Census - de facto - complete tabulation,"Final figure, complete",1984,4548128,
China,1982,Total,Female,47,Census - de facto - complete tabulation,"Final figure, complete",1984,4410483,
China,1982,Total,Female,48,Census - de facto - complete tabulation,"Final figure, complete",1984,4454291,
China,1982,Total,Female,49,Census - de facto - complete tabulation,"Final figure, complete",1984,4423561,
China,1982,Total,Female,50,Census - de facto - complete tabulation,"Final figure, complete",1984,4046845,
China,1982,Total,Female,50 - 54,Census - de facto - complete tabulation,"Final figure, complete",1984,19286515,"1,6"
China,1982,Total,Female,51,Census - de facto - complete tabulation,"Final figure, complete",1984,3805010,
China,1982,Total,Female,52,Census - de facto - complete tabulation,"Final figure, complete",1984,3972365,
China,1982,Total,Female,53,Census - de facto - complete tabulation,"Final figure, complete",1984,3701932,
China,1982,Total,Female,54,Census - de facto - complete tabulation,"Final figure, complete",1984,3760363,
China,1982,Total,Female,55,Census - de facto - complete tabulation,"Final figure, complete",1984,3377770,
China,1982,Total,Female,55 - 59,Census - de facto - complete tabulation,"Final figure, complete",1984,16400402,"1,6"
China,1982,Total,Female,56,Census - de facto - complete tabulation,"Final figure, complete",1984,3322426,
China,1982,Total,Female,57,Census - de facto - complete tabulation,"Final figure, complete",1984,3407432,
China,1982,Total,Female,58,Census - de facto - complete tabulation,"Final figure, complete",1984,3321543,
China,1982,Total,Female,59,Census - de facto - complete tabulation,"Final figure, complete",1984,2971231,
China,1982,Total,Female,60,Census - de facto - complete tabulation,"Final figure, complete",1984,3031671,
China,1982,Total,Female,60 - 64,Census - de facto - complete tabulation,"Final figure, complete",1984,13652807,"1,6"
China,1982,Total,Female,61,Census - de facto - complete tabulation,"Final figure, complete",1984,2845881,
China,1982,Total,Female,62,Census - de facto - complete tabulation,"Final figure, complete",1984,2834118,
China,1982,Total,Female,63,Census - de facto - complete tabulation,"Final figure, complete",1984,2510855,
China,1982,Total,Female,64,Census - de facto - complete tabulation,"Final figure, complete",1984,2430282,
China,1982,Total,Female,65,Census - de facto - complete tabulation,"Final figure, complete",1984,2476766,
China,1982,Total,Female,65 - 69,Census - de facto - complete tabulation,"Final figure, complete",1984,11088397,"1,6"
China,1982,Total,Female,66,Census - de facto - complete tabulation,"Final figure, complete",1984,2321302,
China,1982,Total,Female,67,Census - de facto - complete tabulation,"Final figure, complete",1984,2164931,
China,1982,Total,Female,68,Census - de facto - complete tabulation,"Final figure, complete",1984,2228363,
China,1982,Total,Female,69,Census - de facto - complete tabulation,"Final figure, complete",1984,1897035,
China,1982,Total,Female,70,Census - de facto - complete tabulation,"Final figure, complete",1984,1739913,
China,1982,Total,Female,70 - 74,Census - de facto - complete tabulation,"Final figure, complete",1984,7913314,"1,6"
China,1982,Total,Female,71,Census - de facto - complete tabulation,"Final figure, complete",1984,1662082,
China,1982,Total,Female,72,Census - de facto - complete tabulation,"Final figure, complete",1984,1616734,
China,1982,Total,Female,73,Census - de facto - complete tabulation,"Final figure, complete",1984,1549281,
China,1982,Total,Female,74,Census - de facto - complete tabulation,"Final figure, complete",1984,1345304,
China,1982,Total,Female,75,Census - de facto - complete tabulation,"Final figure, complete",1984,1223400,
China,1982,Total,Female,75 - 79,Census - de facto - complete tabulation,"Final figure, complete",1984,5120340,"1,6"
China,1982,Total,Female,76,Census - de facto - complete tabulation,"Final figure, complete",1984,1176014,
China,1982,Total,Female,77,Census - de facto - complete tabulation,"Final figure, complete",1984,1006067,
China,1982,Total,Female,78,Census - de facto - complete tabulation,"Final figure, complete",1984,914150,
China,1982,Total,Female,79,Census - de facto - complete tabulation,"Final figure, complete",1984,800709,
China,1982,Total,Female,80,Census - de facto - complete tabulation,"Final figure, complete",1984,691978,
China,1982,Total,Female,80 - 84,Census - de facto - complete tabulation,"Final figure, complete",1984,2353829,"1,6"
China,1982,Total,Female,81,Census - de facto - complete tabulation,"Final figure, complete",1984,578704,
China,1982,Total,Female,82,Census - de facto - complete tabulation,"Final figure, complete",1984,444980,
China,1982,Total,Female,83,Census - de facto - complete tabulation,"Final figure, complete",1984,340922,
China,1982,Total,Female,84,Census - de facto - complete tabulation,"Final figure, complete",1984,297245,
China,1982,Total,Female,85 +,Census - de facto - complete tabulation,"Final figure, complete",1984,930439,
China,1982,Total,Female,Unknown,Census - de facto - complete tabulation,"Final figure, complete",1984,407,
China,1982,Urban,Both Sexes,Total,Census - de facto - complete tabulation,"Final figure, complete",1984,206309144,
China,1982,Urban,Both Sexes,0,Census - de facto - complete tabulation,"Final figure, complete",1984,3758415,
China,1982,Urban,Both Sexes,1,Census - de facto - complete tabulation,"Final figure, complete",1984,2768027,
China,1982,Urban,Both Sexes,1 - 4,Census - de facto - complete tabulation,"Final figure, complete",1984,11982140,"1,6"
China,1982,Urban,Both Sexes,2,Census - de facto - complete tabulation,"Final figure, complete",1984,2997460,
China,1982,Urban,Both Sexes,3,Census - de facto - complete tabulation,"Final figure, complete",1984,3150054,
China,1982,Urban,Both Sexes,4,Census - de facto - complete tabulation,"Final figure, complete",1984,3066599,
China,1982,Urban,Both Sexes,5,Census - de facto - complete tabulation,"Final figure, complete",1984,3020983,
China,1982,Urban,Both Sexes,5 - 9,Census - de facto - complete tabulation,"Final figure, complete",1984,17067627,"1,6"
China,1982,Urban,Both Sexes,6,Census - de facto - complete tabulation,"Final figure, complete",1984,3177128,
China,1982,Urban,Both Sexes,7,Census - de facto - complete tabulation,"Final figure, complete",1984,3302328,
China,1982,Urban,Both Sexes,8,Census - de facto - complete tabulation,"Final figure, complete",1984,3578125,
China,1982,Urban,Both Sexes,9,Census - de facto - complete tabulation,"Final figure, complete",1984,3989063,
China,1982,Urban,Both Sexes,10,Census - de facto - complete tabulation,"Final figure, complete",1984,4149999,
China,1982,Urban,Both Sexes,10 - 14,Census - de facto - complete tabulation,"Final figure, complete",1984,22265227,"1,6"
China,1982,Urban,Both Sexes,11,Census - de facto - complete tabulation,"Final figure, complete",1984,4508865,
China,1982,Urban,Both Sexes,12,Census - de facto - complete tabulation,"Final figure, complete",1984,4477053,
China,1982,Urban,Both Sexes,13,Census - de facto - complete tabulation,"Final figure, complete",1984,4885385,
China,1982,Urban,Both Sexes,14,Census - de facto - complete tabulation,"Final figure, complete",1984,4243925,
China,1982,Urban,Both Sexes,15,Census - de facto - complete tabulation,"Final figure, complete",1984,3620393,
China,1982,Urban,Both Sexes,15 - 19,Census - de facto - complete tabulation,"Final figure, complete",1984,24901460,"1,6"
China,1982,Urban,Both Sexes,16,Census - de facto - complete tabulation,"Final figure, complete",1984,4391524,
China,1982,Urban,Both Sexes,17,Census - de facto - complete tabulation,"Final figure, complete",1984,4826890,
China,1982,Urban,Both Sexes,18,Census - de facto - complete tabulation,"Final figure, complete",1984,5785682,
China,1982,Urban,Both Sexes,19,Census - de facto - complete tabulation,"Final figure, complete",1984,6276971,
China,1982,Urban,Both Sexes,20,Census - de facto - complete tabulation,"Final figure, complete",1984,3453149,
China,1982,Urban,Both Sexes,20 - 24,Census - de facto - complete tabulation,"Final figure, complete",1984,19399116,"1,6"
China,1982,Urban,Both Sexes,21,Census - de facto - complete tabulation,"Final figure, complete",1984,3173497,
China,1982,Urban,Both Sexes,22,Census - de facto - complete tabulation,"Final figure, complete",1984,3994390,
China,1982,Urban,Both Sexes,23,Census - de facto - complete tabulation,"Final figure, complete",1984,3811515,
China,1982,Urban,Both Sexes,24,Census - de facto - complete tabulation,"Final figure, complete",1984,4966565,
China,1982,Urban,Both Sexes,25,Census - de facto - complete tabulation,"Final figure, complete",1984,4637884,
China,1982,Urban,Both Sexes,25 - 29,Census - de facto - complete tabulation,"Final figure, complete",1984,22359261,"1,6"
China,1982,Urban,Both Sexes,26,Census - de facto - complete tabulation,"Final figure, complete",1984,4445686,
China,1982,Urban,Both Sexes,27,Census - de facto - complete tabulation,"Final figure, complete",1984,4723428,
China,1982,Urban,Both Sexes,28,Census - de facto - complete tabulation,"Final figure, complete",1984,4480080,
China,1982,Urban,Both Sexes,29,Census - de facto - complete tabulation,"Final figure, complete",1984,4072183,
China,1982,Urban,Both Sexes,30,Census - de facto - complete tabulation,"Final figure, complete",1984,3943394,
China,1982,Urban,Both Sexes,30 - 34,Census - de facto - complete tabulation,"Final figure, complete",1984,16889256,"1,6"
China,1982,Urban,Both Sexes,31,Census - de facto - complete tabulation,"Final figure, complete",1984,3481071,
China,1982,Urban,Both Sexes,32,Census - de facto - complete tabulation,"Final figure, complete",1984,3601496,
China,1982,Urban,Both Sexes,33,Census - de facto - complete tabulation,"Final figure, complete",1984,3002294,
China,1982,Urban,Both Sexes,34,Census - de facto - complete tabulation,"Final figure, complete",1984,2861001,
China,1982,Urban,Both Sexes,35,Census - de facto - complete tabulation,"Final figure, complete",1984,2838602,
China,1982,Urban,Both Sexes,35 - 39,Census - de facto - complete tabulation,"Final figure, complete",1984,12457974,"1,6"
China,1982,Urban,Both Sexes,36,Census - de facto - complete tabulation,"Final figure, complete",1984,2582248,
China,1982,Urban,Both Sexes,37,Census - de facto - complete tabulation,"Final figure, complete",1984,2421522,
China,1982,Urban,Both Sexes,38,Census - de facto - complete tabulation,"Final figure, complete",1984,2310266,
China,1982,Urban,Both Sexes,39,Census - de facto - complete tabulation,"Final figure, complete",1984,2305336,
China,1982,Urban,Both Sexes,40,Census - de facto - complete tabulation,"Final figure, complete",1984,2413904,
China,1982,Urban,Both Sexes,40 - 44,Census - de facto - complete tabulation,"Final figure, complete",1984,12178353,"1,6"
China,1982,Urban,Both Sexes,41,Census - de facto - complete tabulation,"Final figure, complete",1984,2471199,
China,1982,Urban,Both Sexes,42,Census - de facto - complete tabulation,"Final figure, complete",1984,2416933,
China,1982,Urban,Both Sexes,43,Census - de facto - complete tabulation,"Final figure, complete",1984,2415401,
China,1982,Urban,Both Sexes,44,Census - de facto - complete tabulation,"Final figure, complete",1984,2460916,
China,1982,Urban,Both Sexes,45,Census - de facto - complete tabulation,"Final figure, complete",1984,2446387,
China,1982,Urban,Both Sexes,45 - 49,Census - de facto - complete tabulation,"Final figure, complete",1984,11911553,"1,6"
China,1982,Urban,Both Sexes,46,Census - de facto - complete tabulation,"Final figure, complete",1984,2447713,
China,1982,Urban,Both Sexes,47,Census - de facto - complete tabulation,"Final figure, complete",1984,2372989,
China,1982,Urban,Both Sexes,48,Census - de facto - complete tabulation,"Final figure, complete",1984,2353819,
China,1982,Urban,Both Sexes,49,Census - de facto - complete tabulation,"Final figure, complete",1984,2290645,
China,1982,Urban,Both Sexes,50,Census - de facto - complete tabulation,"Final figure, complete",1984,2057460,
China,1982,Urban,Both Sexes,50 - 54,Census - de facto - complete tabulation,"Final figure, complete",1984,9513815,"1,6"
China,1982,Urban,Both Sexes,51,Census - de facto - complete tabulation,"Final figure, complete",1984,1959468,
China,1982,Urban,Both Sexes,52,Census - de facto - complete tabulation,"Final figure, complete",1984,1978097,
China,1982,Urban,Both Sexes,53,Census - de facto - complete tabulation,"Final figure, complete",1984,1773442,
China,1982,Urban,Both Sexes,54,Census - de facto - complete tabulation,"Final figure, complete",1984,1745348,
China,1982,Urban,Both Sexes,55,Census - de facto - complete tabulation,"Final figure, complete",1984,1527458,
China,1982,Urban,Both Sexes,55 - 59,Census - de facto - complete tabulation,"Final figure, complete",1984,6964213,"1,6"
China,1982,Urban,Both Sexes,56,Census - de facto - complete tabulation,"Final figure, complete",1984,1462869,
China,1982,Urban,Both Sexes,57,Census - de facto - complete tabulation,"Final figure, complete",1984,1425104,
China,1982,Urban,Both Sexes,58,Census - de facto - complete tabulation,"Final figure, complete",1984,1346831,
China,1982,Urban,Both Sexes,59,Census - de facto - complete tabulation,"Final figure, complete",1984,1201951,
China,1982,Urban,Both Sexes,60,Census - de facto - complete tabulation,"Final figure, complete",1984,1219735,
China,1982,Urban,Both Sexes,60 - 64,Census - de facto - complete tabulation,"Final figure, complete",1984,5291642,"1,6"
China,1982,Urban,Both Sexes,61,Census - de facto - complete tabulation,"Final figure, complete",1984,1134006,
China,1982,Urban,Both Sexes,62,Census - de facto - complete tabulation,"Final figure, complete",1984,1068703,
China,1982,Urban,Both Sexes,63,Census - de facto - complete tabulation,"Final figure, complete",1984,954960,
China,1982,Urban,Both Sexes,64,Census - de facto - complete tabulation,"Final figure, complete",1984,914238,
China,1982,Urban,Both Sexes,65,Census - de facto - complete tabulation,"Final figure, complete",1984,884485,
China,1982,Urban,Both Sexes,65 - 69,Census - de facto - complete tabulation,"Final figure, complete",1984,3962416,"1,6"
China,1982,Urban,Both Sexes,66,Census - de facto - complete tabulation,"Final figure, complete",1984,828603,
China,1982,Urban,Both Sexes,67,Census - de facto - complete tabulation,"Final figure, complete",1984,775151,
China,1982,Urban,Both Sexes,68,Census - de facto - complete tabulation,"Final figure, complete",1984,795321,
China,1982,Urban,Both Sexes,69,Census - de facto - complete tabulation,"Final figure, complete",1984,678856,
China,1982,Urban,Both Sexes,70,Census - de facto - complete tabulation,"Final figure, complete",1984,616823,
China,1982,Urban,Both Sexes,70 - 74,Census - de facto - complete tabulation,"Final figure, complete",1984,2705106,"1,6"
China,1982,Urban,Both Sexes,71,Census - de facto - complete tabulation,"Final figure, complete",1984,589084,
China,1982,Urban,Both Sexes,72,Census - de facto - complete tabulation,"Final figure, complete",1984,548285,
China,1982,Urban,Both Sexes,73,Census - de facto - complete tabulation,"Final figure, complete",1984,509731,
China,1982,Urban,Both Sexes,74,Census - de facto - complete tabulation,"Final figure, complete",1984,441183,
China,1982,Urban,Both Sexes,75,Census - de facto - complete tabulation,"Final figure, complete",1984,399903,
China,1982,Urban,Both Sexes,75 - 79,Census - de facto - complete tabulation,"Final figure, complete",1984,1649484,"1,6"
China,1982,Urban,Both Sexes,76,Census - de facto - complete tabulation,"Final figure, complete",1984,375404,
China,1982,Urban,Both Sexes,77,Census - de facto - complete tabulation,"Final figure, complete",1984,326262,
China,1982,Urban,Both Sexes,78,Census - de facto - complete tabulation,"Final figure, complete",1984,291585,
China,1982,Urban,Both Sexes,79,Census - de facto - complete tabulation,"Final figure, complete",1984,256330,
China,1982,Urban,Both Sexes,80,Census - de facto - complete tabulation,"Final figure, complete",1984,226767,
China,1982,Urban,Both Sexes,80 - 84,Census - de facto - complete tabulation,"Final figure, complete",1984,762014,"1,6"
China,1982,Urban,Both Sexes,81,Census - de facto - complete tabulation,"Final figure, complete",1984,191294,
China,1982,Urban,Both Sexes,82,Census - de facto - complete tabulation,"Final figure, complete",1984,142527,
China,1982,Urban,Both Sexes,83,Census - de facto - complete tabulation,"Final figure, complete",1984,108903,
China,1982,Urban,Both Sexes,84,Census - de facto - complete tabulation,"Final figure, complete",1984,92523,
China,1982,Urban,Both Sexes,85 +,Census - de facto - complete tabulation,"Final figure, complete",1984,289863,
China,1982,Urban,Both Sexes,Unknown,Census - de facto - complete tabulation,"Final figure, complete",1984,209,
China,1982,Urban,Male,Total,Census - de facto - complete tabulation,"Final figure, complete",1984,108020720,
China,1982,Urban,Male,0,Census - de facto - complete tabulation,"Final figure, complete",1984,1943759,
China,1982,Urban,Male,1,Census - de facto - complete tabulation,"Final figure, complete",1984,1433797,
China,1982,Urban,Male,1 - 4,Census - de facto - complete tabulation,"Final figure, complete",1984,6202820,"1,6"
China,1982,Urban,Male,2,Census - de facto - complete tabulation,"Final figure, complete",1984,1554412,
China,1982,Urban,Male,3,Census - de facto - complete tabulation,"Final figure, complete",1984,1629208,
China,1982,Urban,Male,4,Census - de facto - complete tabulation,"Final figure, complete",1984,1585403,
China,1982,Urban,Male,5,Census - de facto - complete tabulation,"Final figure, complete",1984,1560736,
China,1982,Urban,Male,5 - 9,Census - de facto - complete tabulation,"Final figure, complete",1984,8821859,"1,6"
China,1982,Urban,Male,6,Census - de facto - complete tabulation,"Final figure, complete",1984,1642278,
China,1982,Urban,Male,7,Census - de facto - complete tabulation,"Final figure, complete",1984,1708477,
China,1982,Urban,Male,8,Census - de facto - complete tabulation,"Final figure, complete",1984,1848239,
China,1982,Urban,Male,9,Census - de facto - complete tabulation,"Final figure, complete",1984,2062129,
China,1982,Urban,Male,10,Census - de facto - complete tabulation,"Final figure, complete",1984,2144734,
China,1982,Urban,Male,10 - 14,Census - de facto - complete tabulation,"Final figure, complete",1984,11495696,"1,6"
China,1982,Urban,Male,11,Census - de facto - complete tabulation,"Final figure, complete",1984,2326985,
China,1982,Urban,Male,12,Census - de facto - complete tabulation,"Final figure, complete",1984,2311131,
China,1982,Urban,Male,13,Census - de facto - complete tabulation,"Final figure, complete",1984,2519274,
China,1982,Urban,Male,14,Census - de facto - complete tabulation,"Final figure, complete",1984,2193572,
China,1982,Urban,Male,15,Census - de facto - complete tabulation,"Final figure, complete",1984,1864879,
China,1982,Urban,Male,15 - 19,Census - de facto - complete tabulation,"Final figure, complete",1984,12879627,"1,6"
China,1982,Urban,Male,16,Census - de facto - complete tabulation,"Final figure, complete",1984,2267019,
China,1982,Urban,Male,17,Census - de facto - complete tabulation,"Final figure, complete",1984,2505977,
China,1982,Urban,Male,18,Census - de facto - complete tabulation,"Final figure, complete",1984,2993887,
China,1982,Urban,Male,19,Census - de facto - complete tabulation,"Final figure, complete",1984,3247865,
China,1982,Urban,Male,20,Census - de facto - complete tabulation,"Final figure, complete",1984,1775692,
China,1982,Urban,Male,20 - 24,Census - de facto - complete tabulation,"Final figure, complete",1984,10047628,"1,6"
China,1982,Urban,Male,21,Census - de facto - complete tabulation,"Final figure, complete",1984,1612011,
China,1982,Urban,Male,22,Census - de facto - complete tabulation,"Final figure, complete",1984,2067067,
China,1982,Urban,Male,23,Census - de facto - complete tabulation,"Final figure, complete",1984,1992269,
China,1982,Urban,Male,24,Census - de facto - complete tabulation,"Final figure, complete",1984,2600589,
China,1982,Urban,Male,25,Census - de facto - complete tabulation,"Final figure, complete",1984,2415146,
China,1982,Urban,Male,25 - 29,Census - de facto - complete tabulation,"Final figure, complete",1984,11671767,"1,6"
China,1982,Urban,Male,26,Census - de facto - complete tabulation,"Final figure, complete",1984,2311305,
China,1982,Urban,Male,27,Census - de facto - complete tabulation,"Final figure, complete",1984,2461419,
China,1982,Urban,Male,28,Census - de facto - complete tabulation,"Final figure, complete",1984,2341591,
China,1982,Urban,Male,29,Census - de facto - complete tabulation,"Final figure, complete",1984,2142306,
China,1982,Urban,Male,30,Census - de facto - complete tabulation,"Final figure, complete",1984,2085013,
China,1982,Urban,Male,30 - 34,Census - de facto - complete tabulation,"Final figure, complete",1984,9090238,"1,6"
China,1982,Urban,Male,31,Census - de facto - complete tabulation,"Final figure, complete",1984,1860837,
China,1982,Urban,Male,32,Census - de facto - complete tabulation,"Final figure, complete",1984,1955873,
China,1982,Urban,Male,33,Census - de facto - complete tabulation,"Final figure, complete",1984,1626627,
China,1982,Urban,Male,34,Census - de facto - complete tabulation,"Final figure, complete",1984,1561888,
China,1982,Urban,Male,35,Census - de facto - complete tabulation,"Final figure, complete",1984,1566991,
China,1982,Urban,Male,35 - 39,Census - de facto - complete tabulation,"Final figure, complete",1984,6822894,"1,6"
China,1982,Urban,Male,36,Census - de facto - complete tabulation,"Final figure, complete",1984,1423607,
China,1982,Urban,Male,37,Census - de facto - complete tabulation,"Final figure, complete",1984,1322999,
China,1982,Urban,Male,38,Census - de facto - complete tabulation,"Final figure, complete",1984,1258995,
China,1982,Urban,Male,39,Census - de facto - complete tabulation,"Final figure, complete",1984,1250302,
China,1982,Urban,Male,40,Census - de facto - complete tabulation,"Final figure, complete",1984,1301008,
China,1982,Urban,Male,40 - 44,Census - de facto - complete tabulation,"Final figure, complete",1984,6568376,"1,6"
China,1982,Urban,Male,41,Census - de facto - complete tabulation,"Final figure, complete",1984,1344675,
China,1982,Urban,Male,42,Census - de facto - complete tabulation,"Final figure, complete",1984,1298624,
China,1982,Urban,Male,43,Census - de facto - complete tabulation,"Final figure, complete",1984,1290894,
China,1982,Urban,Male,44,Census - de facto - complete tabulation,"Final figure, complete",1984,1333175,
China,1982,Urban,Male,45,Census - de facto - complete tabulation,"Final figure, complete",1984,1328601,
China,1982,Urban,Male,45 - 49,Census - de facto - complete tabulation,"Final figure, complete",1984,6507641,"1,6"
China,1982,Urban,Male,46,Census - de facto - complete tabulation,"Final figure, complete",1984,1321902,
China,1982,Urban,Male,47,Census - de facto - complete tabulation,"Final figure, complete",1984,1282204,
China,1982,Urban,Male,48,Census - de facto - complete tabulation,"Final figure, complete",1984,1302223,
China,1982,Urban,Male,49,Census - de facto - complete tabulation,"Final figure, complete",1984,1272711,
China,1982,Urban,Male,50,Census - de facto - complete tabulation,"Final figure, complete",1984,1157944,
China,1982,Urban,Male,50 - 54,Census - de facto - complete tabulation,"Final figure, complete",1984,5306270,"1,6"
China,1982,Urban,Male,51,Census - de facto - complete tabulation,"Final figure, complete",1984,1112372,
China,1982,Urban,Male,52,Census - de facto - complete tabulation,"Final figure, complete",1984,1102890,
China,1982,Urban,Male,53,Census - de facto - complete tabulation,"Final figure, complete",1984,975562,
China,1982,Urban,Male,54,Census - de facto - complete tabulation,"Final figure, complete",1984,957502,
China,1982,Urban,Male,55,Census - de facto - complete tabulation,"Final figure, complete",1984,838284,
China,1982,Urban,Male,55 - 59,Census - de facto - complete tabulation,"Final figure, complete",1984,3741776,"1,6"
China,1982,Urban,Male,56,Census - de facto - complete tabulation,"Final figure, complete",1984,793347,
China,1982,Urban,Male,57,Census - de facto - complete tabulation,"Final figure, complete",1984,763043,
China,1982,Urban,Male,58,Census - de facto - complete tabulation,"Final figure, complete",1984,712931,
China,1982,Urban,Male,59,Census - de facto - complete tabulation,"Final figure, complete",1984,634171,
China,1982,Urban,Male,60,Census - de facto - complete tabulation,"Final figure, complete",1984,642385,
China,1982,Urban,Male,60 - 64,Census - de facto - complete tabulation,"Final figure, complete",1984,2737443,"1,6"
China,1982,Urban,Male,61,Census - de facto - complete tabulation,"Final figure, complete",1984,591456,
China,1982,Urban,Male,62,Census - de facto - complete tabulation,"Final figure, complete",1984,555716,
China,1982,Urban,Male,63,Census - de facto - complete tabulation,"Final figure, complete",1984,486133,
China,1982,Urban,Male,64,Census - de facto - complete tabulation,"Final figure, complete",1984,461753,
China,1982,Urban,Male,65,Census - de facto - complete tabulation,"Final figure, complete",1984,442901,
China,1982,Urban,Male,65 - 69,Census - de facto - complete tabulation,"Final figure, complete",1984,1940543,"1,6"
China,1982,Urban,Male,66,Census - de facto - complete tabulation,"Final figure, complete",1984,408418,
China,1982,Urban,Male,67,Census - de facto - complete tabulation,"Final figure, complete",1984,380265,
China,1982,Urban,Male,68,Census - de facto - complete tabulation,"Final figure, complete",1984,385103,
China,1982,Urban,Male,69,Census - de facto - complete tabulation,"Final figure, complete",1984,323856,
China,1982,Urban,Male,70,Census - de facto - complete tabulation,"Final figure, complete",1984,290615,
China,1982,Urban,Male,70 - 74,Census - de facto - complete tabulation,"Final figure, complete",1984,1221398,"1,6"
China,1982,Urban,Male,71,Census - de facto - complete tabulation,"Final figure, complete",1984,272451,
China,1982,Urban,Male,72,Census - de facto - complete tabulation,"Final figure, complete",1984,246589,
China,1982,Urban,Male,73,Census - de facto - complete tabulation,"Final figure, complete",1984,221636,
China,1982,Urban,Male,74,Census - de facto - complete tabulation,"Final figure, complete",1984,190107,
China,1982,Urban,Male,75,Census - de facto - complete tabulation,"Final figure, complete",1984,167693,
China,1982,Urban,Male,75 - 79,Census - de facto - complete tabulation,"Final figure, complete",1984,660456,"1,6"
China,1982,Urban,Male,76,Census - de facto - complete tabulation,"Final figure, complete",1984,151977,
China,1982,Urban,Male,77,Census - de facto - complete tabulation,"Final figure, complete",1984,129541,
China,1982,Urban,Male,78,Census - de facto - complete tabulation,"Final figure, complete",1984,113091,
China,1982,Urban,Male,79,Census - de facto - complete tabulation,"Final figure, complete",1984,98154,
China,1982,Urban,Male,80,Census - de facto - complete tabulation,"Final figure, complete",1984,85197,
China,1982,Urban,Male,80 - 84,Census - de facto - complete tabulation,"Final figure, complete",1984,273551,"1,6"
China,1982,Urban,Male,81,Census - de facto - complete tabulation,"Final figure, complete",1984,69741,
China,1982,Urban,Male,82,Census - de facto - complete tabulation,"Final figure, complete",1984,50266,
China,1982,Urban,Male,83,Census - de facto - complete tabulation,"Final figure, complete",1984,37537,
China,1982,Urban,Male,84,Census - de facto - complete tabulation,"Final figure, complete",1984,30810,
China,1982,Urban,Male,85 +,Census - de facto - complete tabulation,"Final figure, complete",1984,86864,
China,1982,Urban,Male,Unknown,Census - de facto - complete tabulation,"Final figure, complete",1984,114,
China,1982,Urban,Female,Total,Census - de facto - complete tabulation,"Final figure, complete",1984,98288424,
China,1982,Urban,Female,0,Census - de facto - complete tabulation,"Final figure, complete",1984,1814656,
China,1982,Urban,Female,1,Census - de facto - complete tabulation,"Final figure, complete",1984,1334230,
China,1982,Urban,Female,1 - 4,Census - de facto - complete tabulation,"Final figure, complete",1984,5779320,"1,6"
China,1982,Urban,Female,2,Census - de facto - complete tabulation,"Final figure, complete",1984,1443048,
China,1982,Urban,Female,3,Census - de facto - complete tabulation,"Final figure, complete",1984,1520846,
China,1982,Urban,Female,4,Census - de facto - complete tabulation,"Final figure, complete",1984,1481196,
China,1982,Urban,Female,5,Census - de facto - complete tabulation,"Final figure, complete",1984,1460247,
China,1982,Urban,Female,5 - 9,Census - de facto - complete tabulation,"Final figure, complete",1984,8245768,"1,6"
China,1982,Urban,Female,6,Census - de facto - complete tabulation,"Final figure, complete",1984,1534850,
China,1982,Urban,Female,7,Census - de facto - complete tabulation,"Final figure, complete",1984,1593851,
China,1982,Urban,Female,8,Census - de facto - complete tabulation,"Final figure, complete",1984,1729886,
China,1982,Urban,Female,9,Census - de facto - complete tabulation,"Final figure, complete",1984,1926934,
China,1982,Urban,Female,10,Census - de facto - complete tabulation,"Final figure, complete",1984,2005265,
China,1982,Urban,Female,10 - 14,Census - de facto - complete tabulation,"Final figure, complete",1984,10769531,"1,6"
China,1982,Urban,Female,11,Census - de facto - complete tabulation,"Final figure, complete",1984,2181880,
China,1982,Urban,Female,12,Census - de facto - complete tabulation,"Final figure, complete",1984,2165922,
China,1982,Urban,Female,13,Census - de facto - complete tabulation,"Final figure, complete",1984,2366111,
China,1982,Urban,Female,14,Census - de facto - complete tabulation,"Final figure, complete",1984,2050353,
China,1982,Urban,Female,15,Census - de facto - complete tabulation,"Final figure, complete",1984,1755514,
China,1982,Urban,Female,15 - 19,Census - de facto - complete tabulation,"Final figure, complete",1984,12021833,"1,6"
China,1982,Urban,Female,16,Census - de facto - complete tabulation,"Final figure, complete",1984,2124505,
China,1982,Urban,Female,17,Census - de facto - complete tabulation,"Final figure, complete",1984,2320913,
China,1982,Urban,Female,18,Census - de facto - complete tabulation,"Final figure, complete",1984,2791795,
China,1982,Urban,Female,19,Census - de facto - complete tabulation,"Final figure, complete",1984,3029106,
China,1982,Urban,Female,20,Census - de facto - complete tabulation,"Final figure, complete",1984,1677457,
China,1982,Urban,Female,20 - 24,Census - de facto - complete tabulation,"Final figure, complete",1984,9351488,"1,6"
China,1982,Urban,Female,21,Census - de facto - complete tabulation,"Final figure, complete",1984,1561486,
China,1982,Urban,Female,22,Census - de facto - complete tabulation,"Final figure, complete",1984,1927323,
China,1982,Urban,Female,23,Census - de facto - complete tabulation,"Final figure, complete",1984,1819246,
China,1982,Urban,Female,24,Census - de facto - complete tabulation,"Final figure, complete",1984,2365976,
China,1982,Urban,Female,25,Census - de facto - complete tabulation,"Final figure, complete",1984,2222738,
China,1982,Urban,Female,25 - 29,Census - de facto - complete tabulation,"Final figure, complete",1984,10687494,"1,6"
China,1982,Urban,Female,26,Census - de facto - complete tabulation,"Final figure, complete",1984,2134381,
China,1982,Urban,Female,27,Census - de facto - complete tabulation,"Final figure, complete",1984,2262009,
China,1982,Urban,Female,28,Census - de facto - complete tabulation,"Final figure, complete",1984,2138489,
China,1982,Urban,Female,29,Census - de facto - complete tabulation,"Final figure, complete",1984,1929877,
China,1982,Urban,Female,30,Census - de facto - complete tabulation,"Final figure, complete",1984,1858381,
China,1982,Urban,Female,30 - 34,Census - de facto - complete tabulation,"Final figure, complete",1984,7799018,"1,6"
China,1982,Urban,Female,31,Census - de facto - complete tabulation,"Final figure, complete",1984,1620234,
China,1982,Urban,Female,32,Census - de facto - complete tabulation,"Final figure, complete",1984,1645623,
China,1982,Urban,Female,33,Census - de facto - complete tabulation,"Final figure, complete",1984,1375667,
China,1982,Urban,Female,34,Census - de facto - complete tabulation,"Final figure, complete",1984,1299113,
China,1982,Urban,Female,35,Census - de facto - complete tabulation,"Final figure, complete",1984,1271611,
China,1982,Urban,Female,35 - 39,Census - de facto - complete tabulation,"Final figure, complete",1984,5635080,"1,6"
China,1982,Urban,Female,36,Census - de facto - complete tabulation,"Final figure, complete",1984,1158641,
China,1982,Urban,Female,37,Census - de facto - complete tabulation,"Final figure, complete",1984,1098523,
China,1982,Urban,Female,38,Census - de facto - complete tabulation,"Final figure, complete",1984,1051271,
China,1982,Urban,Female,39,Census - de facto - complete tabulation,"Final figure, complete",1984,1055034,
China,1982,Urban,Female,40,Census - de facto - complete tabulation,"Final figure, complete",1984,1112896,
China,1982,Urban,Female,40 - 44,Census - de facto - complete tabulation,"Final figure, complete",1984,5609977,"1,6"
China,1982,Urban,Female,41,Census - de facto - complete tabulation,"Final figure, complete",1984,1126524,
China,1982,Urban,Female,42,Census - de facto - complete tabulation,"Final figure, complete",1984,1118309,
China,1982,Urban,Female,43,Census - de facto - complete tabulation,"Final figure, complete",1984,1124507,
China,1982,Urban,Female,44,Census - de facto - complete tabulation,"Final figure, complete",1984,1127741,
China,1982,Urban,Female,45,Census - de facto - complete tabulation,"Final figure, complete",1984,1117786,
China,1982,Urban,Female,45 - 49,Census - de facto - complete tabulation,"Final figure, complete",1984,5403912,"1,6"
China,1982,Urban,Female,46,Census - de facto - complete tabulation,"Final figure, complete",1984,1125811,
China,1982,Urban,Female,47,Census - de facto - complete tabulation,"Final figure, complete",1984,1090785,
China,1982,Urban,Female,48,Census - de facto - complete tabulation,"Final figure, complete",1984,1051596,
China,1982,Urban,Female,49,Census - de facto - complete tabulation,"Final figure, complete",1984,1017934,
China,1982,Urban,Female,50,Census - de facto - complete tabulation,"Final figure, complete",1984,899516,
China,1982,Urban,Female,50 - 54,Census - de facto - complete tabulation,"Final figure, complete",1984,4207545,"1,6"
China,1982,Urban,Female,51,Census - de facto - complete tabulation,"Final figure, complete",1984,847096,
China,1982,Urban,Female,52,Census - de facto - complete tabulation,"Final figure, complete",1984,875207,
China,1982,Urban,Female,53,Census - de facto - complete tabulation,"Final figure, complete",1984,797880,
China,1982,Urban,Female,54,Census - de facto - complete tabulation,"Final figure, complete",1984,787846,
China,1982,Urban,Female,55,Census - de facto - complete tabulation,"Final figure, complete",1984,689174,
China,1982,Urban,Female,55 - 59,Census - de facto - complete tabulation,"Final figure, complete",1984,3222437,"1,6"
China,1982,Urban,Female,56,Census - de facto - complete tabulation,"Final figure, complete",1984,669522,
China,1982,Urban,Female,57,Census - de facto - complete tabulation,"Final figure, complete",1984,662061,
China,1982,Urban,Female,58,Census - de facto - complete tabulation,"Final figure, complete",1984,633900,
China,1982,Urban,Female,59,Census - de facto - complete tabulation,"Final figure, complete",1984,567780,
China,1982,Urban,Female,60,Census - de facto - complete tabulation,"Final figure, complete",1984,577350,
China,1982,Urban,Female,60 - 64,Census - de facto - complete tabulation,"Final figure, complete",1984,2554199,"1,6"
China,1982,Urban,Female,61,Census - de facto - complete tabulation,"Final figure, complete",1984,542550,
China,1982,Urban,Female,62,Census - de facto - complete tabulation,"Final figure, complete",1984,512987,
China,1982,Urban,Female,63,Census - de facto - complete tabulation,"Final figure, complete",1984,468827,
China,1982,Urban,Female,64,Census - de facto - complete tabulation,"Final figure, complete",1984,452485,
China,1982,Urban,Female,65,Census - de facto - complete tabulation,"Final figure, complete",1984,441584,
China,1982,Urban,Female,65 - 69,Census - de facto - complete tabulation,"Final figure, complete",1984,2021873,"1,6"
China,1982,Urban,Female,66,Census - de facto - complete tabulation,"Final figure, complete",1984,420185,
China,1982,Urban,Female,67,Census - de facto - complete tabulation,"Final figure, complete",1984,394886,
China,1982,Urban,Female,68,Census - de facto - complete tabulation,"Final figure, complete",1984,410218,
China,1982,Urban,Female,69,Census - de facto - complete tabulation,"Final figure, complete",1984,355000,
China,1982,Urban,Female,70,Census - de facto - complete tabulation,"Final figure, complete",1984,326208,
China,1982,Urban,Female,70 - 74,Census - de facto - complete tabulation,"Final figure, complete",1984,1483708,"1,6"
China,1982,Urban,Female,71,Census - de facto - complete tabulation,"Final figure, complete",1984,316633,
China,1982,Urban,Female,72,Census - de facto - complete tabulation,"Final figure, complete",1984,301696,
China,1982,Urban,Female,73,Census - de facto - complete tabulation,"Final figure, complete",1984,288095,
China,1982,Urban,Female,74,Census - de facto - complete tabulation,"Final figure, complete",1984,251076,
China,1982,Urban,Female,75,Census - de facto - complete tabulation,"Final figure, complete",1984,232210,
China,1982,Urban,Female,75 - 79,Census - de facto - complete tabulation,"Final figure, complete",1984,989028,"1,6"
China,1982,Urban,Female,76,Census - de facto - complete tabulation,"Final figure, complete",1984,223427,
China,1982,Urban,Female,77,Census - de facto - complete tabulation,"Final figure, complete",1984,196721,
China,1982,Urban,Female,78,Census - de facto - complete tabulation,"Final figure, complete",1984,178494,
China,1982,Urban,Female,79,Census - de facto - complete tabulation,"Final figure, complete",1984,158176,
China,1982,Urban,Female,80,Census - de facto - complete tabulation,"Final figure, complete",1984,141570,
China,1982,Urban,Female,80 - 84,Census - de facto - complete tabulation,"Final figure, complete",1984,488463,"1,6"
China,1982,Urban,Female,81,Census - de facto - complete tabulation,"Final figure, complete",1984,121553,
China,1982,Urban,Female,82,Census - de facto - complete tabulation,"Final figure, complete",1984,92261,
China,1982,Urban,Female,83,Census - de facto - complete tabulation,"Final figure, complete",1984,71366,
China,1982,Urban,Female,84,Census - de facto - complete tabulation,"Final figure, complete",1984,61713,
China,1982,Urban,Female,85 +,Census - de facto - complete tabulation,"Final figure, complete",1984,202999,
China,1982,Urban,Female,Unknown,Census - de facto - complete tabulation,"Final figure, complete",1984,95,
China,1982,Rural,Both Sexes,Total,Census - de facto - complete tabulation,"Final figure, complete",1984,797604783,
China,1982,Rural,Both Sexes,0,Census - de facto - complete tabulation,"Final figure, complete",1984,17050932,
China,1982,Rural,Both Sexes,1,Census - de facto - complete tabulation,"Final figure, complete",1984,14607751,
China,1982,Rural,Both Sexes,1 - 4,Census - de facto - complete tabulation,"Final figure, complete",1984,61912874,"1,6"
China,1982,Rural,Both Sexes,2,Census - de facto - complete tabulation,"Final figure, complete",1984,15276381,
China,1982,Rural,Both Sexes,3,Census - de facto - complete tabulation,"Final figure, complete",1984,16475455,
China,1982,Rural,Both Sexes,4,Census - de facto - complete tabulation,"Final figure, complete",1984,15553287,
China,1982,Rural,Both Sexes,5,Census - de facto - complete tabulation,"Final figure, complete",1984,16400317,
China,1982,Rural,Both Sexes,5 - 9,Census - de facto - complete tabulation,"Final figure, complete",1984,93668244,"1,6"
China,1982,Rural,Both Sexes,6,Census - de facto - complete tabulation,"Final figure, complete",1984,17255414,
China,1982,Rural,Both Sexes,7,Census - de facto - complete tabulation,"Final figure, complete",1984,18477101,
China,1982,Rural,Both Sexes,8,Census - de facto - complete tabulation,"Final figure, complete",1984,20454842,
China,1982,Rural,Both Sexes,9,Census - de facto - complete tabulation,"Final figure, complete",1984,21080570,
China,1982,Rural,Both Sexes,10,Census - de facto - complete tabulation,"Final figure, complete",1984,21072514,
China,1982,Rural,Both Sexes,10 - 14,Census - de facto - complete tabulation,"Final figure, complete",1984,109545730,"1,6"
China,1982,Rural,Both Sexes,11,Census - de facto - complete tabulation,"Final figure, complete",1984,22814441,
China,1982,Rural,Both Sexes,12,Census - de facto - complete tabulation,"Final figure, complete",1984,22010287,
China,1982,Rural,Both Sexes,13,Census - de facto - complete tabulation,"Final figure, complete",1984,23354156,
China,1982,Rural,Both Sexes,14,Census - de facto - complete tabulation,"Final figure, complete",1984,20294332,
China,1982,Rural,Both Sexes,15,Census - de facto - complete tabulation,"Final figure, complete",1984,19130504,
China,1982,Rural,Both Sexes,15 - 19,Census - de facto - complete tabulation,"Final figure, complete",1984,100464884,"1,6"
China,1982,Rural,Both Sexes,16,Census - de facto - complete tabulation,"Final figure, complete",1984,21294985,
China,1982,Rural,Both Sexes,17,Census - de facto - complete tabulation,"Final figure, complete",1984,19591044,
China,1982,Rural,Both Sexes,18,Census - de facto - complete tabulation,"Final figure, complete",1984,19345726,
China,1982,Rural,Both Sexes,19,Census - de facto - complete tabulation,"Final figure, complete",1984,21102625,
China,1982,Rural,Both Sexes,20,Census - de facto - complete tabulation,"Final figure, complete",1984,12167821,
China,1982,Rural,Both Sexes,20 - 24,Census - de facto - complete tabulation,"Final figure, complete",1984,54963904,"1,6"
China,1982,Rural,Both Sexes,21,Census - de facto - complete tabulation,"Final figure, complete",1984,7517337,
China,1982,Rural,Both Sexes,22,Census - de facto - complete tabulation,"Final figure, complete",1984,10312806,
China,1982,Rural,Both Sexes,23,Census - de facto - complete tabulation,"Final figure, complete",1984,10472725,
China,1982,Rural,Both Sexes,24,Census - de facto - complete tabulation,"Final figure, complete",1984,14493215,
China,1982,Rural,Both Sexes,25,Census - de facto - complete tabulation,"Final figure, complete",1984,14238297,
China,1982,Rural,Both Sexes,25 - 29,Census - de facto - complete tabulation,"Final figure, complete",1984,70204621,"1,6"
China,1982,Rural,Both Sexes,26,Census - de facto - complete tabulation,"Final figure, complete",1984,13487144,
China,1982,Rural,Both Sexes,27,Census - de facto - complete tabulation,"Final figure, complete",1984,14939083,
China,1982,Rural,Both Sexes,28,Census - de facto - complete tabulation,"Final figure, complete",1984,14124788,
China,1982,Rural,Both Sexes,29,Census - de facto - complete tabulation,"Final figure, complete",1984,13415309,
China,1982,Rural,Both Sexes,30,Census - de facto - complete tabulation,"Final figure, complete",1984,13407903,
China,1982,Rural,Both Sexes,30 - 34,Census - de facto - complete tabulation,"Final figure, complete",1984,56068981,"1,6"
China,1982,Rural,Both Sexes,31,Census - de facto - complete tabulation,"Final figure, complete",1984,11147787,
China,1982,Rural,Both Sexes,32,Census - de facto - complete tabulation,"Final figure, complete",1984,11668442,
China,1982,Rural,Both Sexes,33,Census - de facto - complete tabulation,"Final figure, complete",1984,10146731,
China,1982,Rural,Both Sexes,34,Census - de facto - complete tabulation,"Final figure, complete",1984,9698118,
China,1982,Rural,Both Sexes,35,Census - de facto - complete tabulation,"Final figure, complete",1984,9562848,
China,1982,Rural,Both Sexes,35 - 39,Census - de facto - complete tabulation,"Final figure, complete",1984,41763655,"1,6"
China,1982,Rural,Both Sexes,36,Census - de facto - complete tabulation,"Final figure, complete",1984,8702634,
China,1982,Rural,Both Sexes,37,Census - de facto - complete tabulation,"Final figure, complete",1984,8159174,
China,1982,Rural,Both Sexes,38,Census - de facto - complete tabulation,"Final figure, complete",1984,7945179,
China,1982,Rural,Both Sexes,39,Census - de facto - complete tabulation,"Final figure, complete",1984,7393820,
China,1982,Rural,Both Sexes,40,Census - de facto - complete tabulation,"Final figure, complete",1984,7646307,
China,1982,Rural,Both Sexes,40 - 44,Census - de facto - complete tabulation,"Final figure, complete",1984,36259590,"1,6"
China,1982,Rural,Both Sexes,41,Census - de facto - complete tabulation,"Final figure, complete",1984,7528444,
China,1982,Rural,Both Sexes,42,Census - de facto - complete tabulation,"Final figure, complete",1984,6967368,
China,1982,Rural,Both Sexes,43,Census - de facto - complete tabulation,"Final figure, complete",1984,6985903,
China,1982,Rural,Both Sexes,44,Census - de facto - complete tabulation,"Final figure, complete",1984,7131568,
China,1982,Rural,Both Sexes,45,Census - de facto - complete tabulation,"Final figure, complete",1984,7155538,
China,1982,Rural,Both Sexes,45 - 49,Census - de facto - complete tabulation,"Final figure, complete",1984,35491778,"1,6"
China,1982,Rural,Both Sexes,46,Census - de facto - complete tabulation,"Final figure, complete",1984,7208101,
China,1982,Rural,Both Sexes,47,Census - de facto - complete tabulation,"Final figure, complete",1984,6925007,
China,1982,Rural,Both Sexes,48,Census - de facto - complete tabulation,"Final figure, complete",1984,7105813,
China,1982,Rural,Both Sexes,49,Census - de facto - complete tabulation,"Final figure, complete",1984,7097319,
China,1982,Rural,Both Sexes,50,Census - de facto - complete tabulation,"Final figure, complete",1984,6521975,
China,1982,Rural,Both Sexes,50 - 54,Census - de facto - complete tabulation,"Final figure, complete",1984,31301686,"1,6"
China,1982,Rural,Both Sexes,51,Census - de facto - complete tabulation,"Final figure, complete",1984,6178445,
China,1982,Rural,Both Sexes,52,Census - de facto - complete tabulation,"Final figure, complete",1984,6448261,
China,1982,Rural,Both Sexes,53,Census - de facto - complete tabulation,"Final figure, complete",1984,6002840,
China,1982,Rural,Both Sexes,54,Census - de facto - complete tabulation,"Final figure, complete",1984,6150165,
China,1982,Rural,Both Sexes,55,Census - de facto - complete tabulation,"Final figure, complete",1984,5555628,
China,1982,Rural,Both Sexes,55 - 59,Census - de facto - complete tabulation,"Final figure, complete",1984,26930114,"1,6"
China,1982,Rural,Both Sexes,56,Census - de facto - complete tabulation,"Final figure, complete",1984,5448178,
China,1982,Rural,Both Sexes,57,Census - de facto - complete tabulation,"Final figure, complete",1984,5624351,
China,1982,Rural,Both Sexes,58,Census - de facto - complete tabulation,"Final figure, complete",1984,5450352,
China,1982,Rural,Both Sexes,59,Census - de facto - complete tabulation,"Final figure, complete",1984,4851605,
China,1982,Rural,Both Sexes,60,Census - de facto - complete tabulation,"Final figure, complete",1984,4942511,
China,1982,Rural,Both Sexes,60 - 64,Census - de facto - complete tabulation,"Final figure, complete",1984,22070562,"1,6"
China,1982,Rural,Both Sexes,61,Census - de facto - complete tabulation,"Final figure, complete",1984,4619765,
China,1982,Rural,Both Sexes,62,Census - de facto - complete tabulation,"Final figure, complete",1984,4619981,
China,1982,Rural,Both Sexes,63,Census - de facto - complete tabulation,"Final figure, complete",1984,4011746,
China,1982,Rural,Both Sexes,64,Census - de facto - complete tabulation,"Final figure, complete",1984,3876559,
China,1982,Rural,Both Sexes,65,Census - de facto - complete tabulation,"Final figure, complete",1984,3920226,
China,1982,Rural,Both Sexes,65 - 69,Census - de facto - complete tabulation,"Final figure, complete",1984,17297954,"1,6"
China,1982,Rural,Both Sexes,66,Census - de facto - complete tabulation,"Final figure, complete",1984,3646632,
China,1982,Rural,Both Sexes,67,Census - de facto - complete tabulation,"Final figure, complete",1984,3384818,
China,1982,Rural,Both Sexes,68,Census - de facto - complete tabulation,"Final figure, complete",1984,3451624,
China,1982,Rural,Both Sexes,69,Census - de facto - complete tabulation,"Final figure, complete",1984,2894654,
China,1982,Rural,Both Sexes,70,Census - de facto - complete tabulation,"Final figure, complete",1984,2631685,
China,1982,Rural,Both Sexes,70 - 74,Census - de facto - complete tabulation,"Final figure, complete",1984,11642939,"1,6"
China,1982,Rural,Both Sexes,71,Census - de facto - complete tabulation,"Final figure, complete",1984,2478269,
China,1982,Rural,Both Sexes,72,Census - de facto - complete tabulation,"Final figure, complete",1984,2375123,
China,1982,Rural,Both Sexes,73,Census - de facto - complete tabulation,"Final figure, complete",1984,2237557,
China,1982,Rural,Both Sexes,74,Census - de facto - complete tabulation,"Final figure, complete",1984,1920305,
China,1982,Rural,Both Sexes,75,Census - de facto - complete tabulation,"Final figure, complete",1984,1714953,
China,1982,Rural,Both Sexes,75 - 79,Census - de facto - complete tabulation,"Final figure, complete",1984,6967559,"1,6"
China,1982,Rural,Both Sexes,76,Census - de facto - complete tabulation,"Final figure, complete",1984,1617740,
China,1982,Rural,Both Sexes,77,Census - de facto - complete tabulation,"Final figure, complete",1984,1361859,
China,1982,Rural,Both Sexes,78,Census - de facto - complete tabulation,"Final figure, complete",1984,1221370,
China,1982,Rural,Both Sexes,79,Census - de facto - complete tabulation,"Final figure, complete",1984,1051637,
China,1982,Rural,Both Sexes,80,Census - de facto - complete tabulation,"Final figure, complete",1984,887587,
China,1982,Rural,Both Sexes,80 - 84,Census - de facto - complete tabulation,"Final figure, complete",1984,2942591,"1,6"
China,1982,Rural,Both Sexes,81,Census - de facto - complete tabulation,"Final figure, complete",1984,727067,
China,1982,Rural,Both Sexes,82,Census - de facto - complete tabulation,"Final figure, complete",1984,552257,
China,1982,Rural,Both Sexes,83,Census - de facto - complete tabulation,"Final figure, complete",1984,416382,
China,1982,Rural,Both Sexes,84,Census - de facto - complete tabulation,"Final figure, complete",1984,359298,
China,1982,Rural,Both Sexes,85 +,Census - de facto - complete tabulation,"Final figure, complete",1984,1055623,
China,1982,Rural,Both Sexes,Unknown,Census - de facto - complete tabulation,"Final figure, complete",1984,562,
China,1982,Rural,Male,Total,Census - de facto - complete tabulation,"Final figure, complete",1984,407256785,
China,1982,Rural,Male,0,Census - de facto - complete tabulation,"Final figure, complete",1984,8843269,
China,1982,Rural,Male,1,Census - de facto - complete tabulation,"Final figure, complete",1984,7581226,
China,1982,Rural,Male,1 - 4,Census - de facto - complete tabulation,"Final figure, complete",1984,31993965,"1,6"
China,1982,Rural,Male,2,Census - de facto - complete tabulation,"Final figure, complete",1984,7906434,
China,1982,Rural,Male,3,Census - de facto - complete tabulation,"Final figure, complete",1984,8502101,
China,1982,Rural,Male,4,Census - de facto - complete tabulation,"Final figure, complete",1984,8004204,
China,1982,Rural,Male,5,Census - de facto - complete tabulation,"Final figure, complete",1984,8445249,
China,1982,Rural,Male,5 - 9,Census - de facto - complete tabulation,"Final figure, complete",1984,48204437,"1,6"
China,1982,Rural,Male,6,Census - de facto - complete tabulation,"Final figure, complete",1984,8886604,
China,1982,Rural,Male,7,Census - de facto - complete tabulation,"Final figure, complete",1984,9507489,
China,1982,Rural,Male,8,Census - de facto - complete tabulation,"Final figure, complete",1984,10524949,
China,1982,Rural,Male,9,Census - de facto - complete tabulation,"Final figure, complete",1984,10840146,
China,1982,Rural,Male,10,Census - de facto - complete tabulation,"Final figure, complete",1984,10845669,
China,1982,Rural,Male,10 - 14,Census - de facto - complete tabulation,"Final figure, complete",1984,56342236,"1,6"
China,1982,Rural,Male,11,Census - de facto - complete tabulation,"Final figure, complete",1984,11744889,
China,1982,Rural,Male,12,Census - de facto - complete tabulation,"Final figure, complete",1984,11303524,
China,1982,Rural,Male,13,Census - de facto - complete tabulation,"Final figure, complete",1984,12002916,
China,1982,Rural,Male,14,Census - de facto - complete tabulation,"Final figure, complete",1984,10445238,
China,1982,Rural,Male,15,Census - de facto - complete tabulation,"Final figure, complete",1984,9845995,
China,1982,Rural,Male,15 - 19,Census - de facto - complete tabulation,"Final figure, complete",1984,50924954,"1,6"
China,1982,Rural,Male,16,Census - de facto - complete tabulation,"Final figure, complete",1984,10922827,
China,1982,Rural,Male,17,Census - de facto - complete tabulation,"Final figure, complete",1984,10001833,
China,1982,Rural,Male,18,Census - de facto - complete tabulation,"Final figure, complete",1984,9732958,
China,1982,Rural,Male,19,Census - de facto - complete tabulation,"Final figure, complete",1984,10421341,
China,1982,Rural,Male,20,Census - de facto - complete tabulation,"Final figure, complete",1984,5917915,
China,1982,Rural,Male,20 - 24,Census - de facto - complete tabulation,"Final figure, complete",1984,27832486,"1,6"
China,1982,Rural,Male,21,Census - de facto - complete tabulation,"Final figure, complete",1984,3708412,
China,1982,Rural,Male,22,Census - de facto - complete tabulation,"Final figure, complete",1984,5270152,
China,1982,Rural,Male,23,Census - de facto - complete tabulation,"Final figure, complete",1984,5403778,
China,1982,Rural,Male,24,Census - de facto - complete tabulation,"Final figure, complete",1984,7532229,
China,1982,Rural,Male,25,Census - de facto - complete tabulation,"Final figure, complete",1984,7358618,
China,1982,Rural,Male,25 - 29,Census - de facto - complete tabulation,"Final figure, complete",1984,36074491,"1,6"
China,1982,Rural,Male,26,Census - de facto - complete tabulation,"Final figure, complete",1984,6936526,
China,1982,Rural,Male,27,Census - de facto - complete tabulation,"Final figure, complete",1984,7707750,
China,1982,Rural,Male,28,Census - de facto - complete tabulation,"Final figure, complete",1984,7231750,
China,1982,Rural,Male,29,Census - de facto - complete tabulation,"Final figure, complete",1984,6839847,
China,1982,Rural,Male,30,Census - de facto - complete tabulation,"Final figure, complete",1984,6825438,
China,1982,Rural,Male,30 - 34,Census - de facto - complete tabulation,"Final figure, complete",1984,28840006,"1,6"
China,1982,Rural,Male,31,Census - de facto - complete tabulation,"Final figure, complete",1984,5684884,
China,1982,Rural,Male,32,Census - de facto - complete tabulation,"Final figure, complete",1984,6051352,
China,1982,Rural,Male,33,Census - de facto - complete tabulation,"Final figure, complete",1984,5254515,
China,1982,Rural,Male,34,Census - de facto - complete tabulation,"Final figure, complete",1984,5023817,
China,1982,Rural,Male,35,Census - de facto - complete tabulation,"Final figure, complete",1984,4942090,
China,1982,Rural,Male,35 - 39,Census - de facto - complete tabulation,"Final figure, complete",1984,21742784,"1,6"
China,1982,Rural,Male,36,Census - de facto - complete tabulation,"Final figure, complete",1984,4472572,
China,1982,Rural,Male,37,Census - de facto - complete tabulation,"Final figure, complete",1984,4243358,
China,1982,Rural,Male,38,Census - de facto - complete tabulation,"Final figure, complete",1984,4177658,
China,1982,Rural,Male,39,Census - de facto - complete tabulation,"Final figure, complete",1984,3907106,
China,1982,Rural,Male,40,Census - de facto - complete tabulation,"Final figure, complete",1984,4030329,
China,1982,Rural,Male,40 - 44,Census - de facto - complete tabulation,"Final figure, complete",1984,19259194,"1,6"
China,1982,Rural,Male,41,Census - de facto - complete tabulation,"Final figure, complete",1984,3996477,
China,1982,Rural,Male,42,Census - de facto - complete tabulation,"Final figure, complete",1984,3696119,
China,1982,Rural,Male,43,Census - de facto - complete tabulation,"Final figure, complete",1984,3723893,
China,1982,Rural,Male,44,Census - de facto - complete tabulation,"Final figure, complete",1984,3812376,
China,1982,Rural,Male,45,Census - de facto - complete tabulation,"Final figure, complete",1984,3779573,
China,1982,Rural,Male,45 - 49,Census - de facto - complete tabulation,"Final figure, complete",1984,18565476,"1,6"
China,1982,Rural,Male,46,Census - de facto - complete tabulation,"Final figure, complete",1984,3785784,
China,1982,Rural,Male,47,Census - de facto - complete tabulation,"Final figure, complete",1984,3605309,
China,1982,Rural,Male,48,Census - de facto - complete tabulation,"Final figure, complete",1984,3703118,
China,1982,Rural,Male,49,Census - de facto - complete tabulation,"Final figure, complete",1984,3691692,
China,1982,Rural,Male,50,Census - de facto - complete tabulation,"Final figure, complete",1984,3374646,
China,1982,Rural,Male,50 - 54,Census - de facto - complete tabulation,"Final figure, complete",1984,16222716,"1,6"
China,1982,Rural,Male,51,Census - de facto - complete tabulation,"Final figure, complete",1984,3220531,
China,1982,Rural,Male,52,Census - de facto - complete tabulation,"Final figure, complete",1984,3351103,
China,1982,Rural,Male,53,Census - de facto - complete tabulation,"Final figure, complete",1984,3098788,
China,1982,Rural,Male,54,Census - de facto - complete tabulation,"Final figure, complete",1984,3177648,
China,1982,Rural,Male,55,Census - de facto - complete tabulation,"Final figure, complete",1984,2867032,
China,1982,Rural,Male,55 - 59,Census - de facto - complete tabulation,"Final figure, complete",1984,13752149,"1,6"
China,1982,Rural,Male,56,Census - de facto - complete tabulation,"Final figure, complete",1984,2795274,
China,1982,Rural,Male,57,Census - de facto - complete tabulation,"Final figure, complete",1984,2878980,
China,1982,Rural,Male,58,Census - de facto - complete tabulation,"Final figure, complete",1984,2762709,
China,1982,Rural,Male,59,Census - de facto - complete tabulation,"Final figure, complete",1984,2448154,
China,1982,Rural,Male,60,Census - de facto - complete tabulation,"Final figure, complete",1984,2488190,
China,1982,Rural,Male,60 - 64,Census - de facto - complete tabulation,"Final figure, complete",1984,10971954,"1,6"
China,1982,Rural,Male,61,Census - de facto - complete tabulation,"Final figure, complete",1984,2316434,
China,1982,Rural,Male,62,Census - de facto - complete tabulation,"Final figure, complete",1984,2298850,
China,1982,Rural,Male,63,Census - de facto - complete tabulation,"Final figure, complete",1984,1969718,
China,1982,Rural,Male,64,Census - de facto - complete tabulation,"Final figure, complete",1984,1898762,
China,1982,Rural,Male,65,Census - de facto - complete tabulation,"Final figure, complete",1984,1885044,
China,1982,Rural,Male,65 - 69,Census - de facto - complete tabulation,"Final figure, complete",1984,8231430,"1,6"
China,1982,Rural,Male,66,Census - de facto - complete tabulation,"Final figure, complete",1984,1745515,
China,1982,Rural,Male,67,Census - de facto - complete tabulation,"Final figure, complete",1984,1614773,
China,1982,Rural,Male,68,Census - de facto - complete tabulation,"Final figure, complete",1984,1633479,
China,1982,Rural,Male,69,Census - de facto - complete tabulation,"Final figure, complete",1984,1352619,
China,1982,Rural,Male,70,Census - de facto - complete tabulation,"Final figure, complete",1984,1217980,
China,1982,Rural,Male,70 - 74,Census - de facto - complete tabulation,"Final figure, complete",1984,5213333,"1,6"
China,1982,Rural,Male,71,Census - de facto - complete tabulation,"Final figure, complete",1984,1132820,
China,1982,Rural,Male,72,Census - de facto - complete tabulation,"Final figure, complete",1984,1060085,
China,1982,Rural,Male,73,Census - de facto - complete tabulation,"Final figure, complete",1984,976371,
China,1982,Rural,Male,74,Census - de facto - complete tabulation,"Final figure, complete",1984,826077,
China,1982,Rural,Male,75,Census - de facto - complete tabulation,"Final figure, complete",1984,723763,
China,1982,Rural,Male,75 - 79,Census - de facto - complete tabulation,"Final figure, complete",1984,2836247,"1,6"
China,1982,Rural,Male,76,Census - de facto - complete tabulation,"Final figure, complete",1984,665153,
China,1982,Rural,Male,77,Census - de facto - complete tabulation,"Final figure, complete",1984,552513,
China,1982,Rural,Male,78,Census - de facto - complete tabulation,"Final figure, complete",1984,485714,
China,1982,Rural,Male,79,Census - de facto - complete tabulation,"Final figure, complete",1984,409104,
China,1982,Rural,Male,80,Census - de facto - complete tabulation,"Final figure, complete",1984,337179,
China,1982,Rural,Male,80 - 84,Census - de facto - complete tabulation,"Final figure, complete",1984,1077225,"1,6"
China,1982,Rural,Male,81,Census - de facto - complete tabulation,"Final figure, complete",1984,269916,
China,1982,Rural,Male,82,Census - de facto - complete tabulation,"Final figure, complete",1984,199538,
China,1982,Rural,Male,83,Census - de facto - complete tabulation,"Final figure, complete",1984,146826,
China,1982,Rural,Male,84,Census - de facto - complete tabulation,"Final figure, complete",1984,123766,
China,1982,Rural,Male,85 +,Census - de facto - complete tabulation,"Final figure, complete",1984,328183,
China,1982,Rural,Male,Unknown,Census - de facto - complete tabulation,"Final figure, complete",1984,250,
China,1982,Rural,Female,Total,Census - de facto - complete tabulation,"Final figure, complete",1984,390347998,
China,1982,Rural,Female,0,Census - de facto - complete tabulation,"Final figure, complete",1984,8207663,
China,1982,Rural,Female,1,Census - de facto - complete tabulation,"Final figure, complete",1984,7026525,
China,1982,Rural,Female,1 - 4,Census - de facto - complete tabulation,"Final figure, complete",1984,29918909,"1,6"
China,1982,Rural,Female,2,Census - de facto - complete tabulation,"Final figure, complete",1984,7369947,
China,1982,Rural,Female,3,Census - de facto - complete tabulation,"Final figure, complete",1984,7973354,
China,1982,Rural,Female,4,Census - de facto - complete tabulation,"Final figure, complete",1984,7549083,
China,1982,Rural,Female,5,Census - de facto - complete tabulation,"Final figure, complete",1984,7955068,
China,1982,Rural,Female,5 - 9,Census - de facto - complete tabulation,"Final figure, complete",1984,45463807,"1,6"
China,1982,Rural,Female,6,Census - de facto - complete tabulation,"Final figure, complete",1984,8368810,
China,1982,Rural,Female,7,Census - de facto - complete tabulation,"Final figure, complete",1984,8969612,
China,1982,Rural,Female,8,Census - de facto - complete tabulation,"Final figure, complete",1984,9929893,
China,1982,Rural,Female,9,Census - de facto - complete tabulation,"Final figure, complete",1984,10240424,
China,1982,Rural,Female,10,Census - de facto - complete tabulation,"Final figure, complete",1984,10226845,
China,1982,Rural,Female,10 - 14,Census - de facto - complete tabulation,"Final figure, complete",1984,53203494,"1,6"
China,1982,Rural,Female,11,Census - de facto - complete tabulation,"Final figure, complete",1984,11069552,
China,1982,Rural,Female,12,Census - de facto - complete tabulation,"Final figure, complete",1984,10706763,
China,1982,Rural,Female,13,Census - de facto - complete tabulation,"Final figure, complete",1984,11351240,
China,1982,Rural,Female,14,Census - de facto - complete tabulation,"Final figure, complete",1984,9849094,
China,1982,Rural,Female,15,Census - de facto - complete tabulation,"Final figure, complete",1984,9284509,
China,1982,Rural,Female,15 - 19,Census - de facto - complete tabulation,"Final figure, complete",1984,49539930,"1,6"
China,1982,Rural,Female,16,Census - de facto - complete tabulation,"Final figure, complete",1984,10372158,
China,1982,Rural,Female,17,Census - de facto - complete tabulation,"Final figure, complete",1984,9589211,
China,1982,Rural,Female,18,Census - de facto - complete tabulation,"Final figure, complete",1984,9612768,
China,1982,Rural,Female,19,Census - de facto - complete tabulation,"Final figure, complete",1984,10681284,
China,1982,Rural,Female,20,Census - de facto - complete tabulation,"Final figure, complete",1984,6249906,
China,1982,Rural,Female,20 - 24,Census - de facto - complete tabulation,"Final figure, complete",1984,27131418,"1,6"
China,1982,Rural,Female,21,Census - de facto - complete tabulation,"Final figure, complete",1984,3808925,
China,1982,Rural,Female,22,Census - de facto - complete tabulation,"Final figure, complete",1984,5042654,
China,1982,Rural,Female,23,Census - de facto - complete tabulation,"Final figure, complete",1984,5068947,
China,1982,Rural,Female,24,Census - de facto - complete tabulation,"Final figure, complete",1984,6960986,
China,1982,Rural,Female,25,Census - de facto - complete tabulation,"Final figure, complete",1984,6879679,
China,1982,Rural,Female,25 - 29,Census - de facto - complete tabulation,"Final figure, complete",1984,34130130,"1,6"
China,1982,Rural,Female,26,Census - de facto - complete tabulation,"Final figure, complete",1984,6550618,
China,1982,Rural,Female,27,Census - de facto - complete tabulation,"Final figure, complete",1984,7231333,
China,1982,Rural,Female,28,Census - de facto - complete tabulation,"Final figure, complete",1984,6893038,
China,1982,Rural,Female,29,Census - de facto - complete tabulation,"Final figure, complete",1984,6575462,
China,1982,Rural,Female,30,Census - de facto - complete tabulation,"Final figure, complete",1984,6582465,
China,1982,Rural,Female,30 - 34,Census - de facto - complete tabulation,"Final figure, complete",1984,27228975,"1,6"
China,1982,Rural,Female,31,Census - de facto - complete tabulation,"Final figure, complete",1984,5462903,
China,1982,Rural,Female,32,Census - de facto - complete tabulation,"Final figure, complete",1984,5617090,
China,1982,Rural,Female,33,Census - de facto - complete tabulation,"Final figure, complete",1984,4892216,
China,1982,Rural,Female,34,Census - de facto - complete tabulation,"Final figure, complete",1984,4674301,
China,1982,Rural,Female,35,Census - de facto - complete tabulation,"Final figure, complete",1984,4620758,
China,1982,Rural,Female,35 - 39,Census - de facto - complete tabulation,"Final figure, complete",1984,20020871,"1,6"
China,1982,Rural,Female,36,Census - de facto - complete tabulation,"Final figure, complete",1984,4230062,
China,1982,Rural,Female,37,Census - de facto - complete tabulation,"Final figure, complete",1984,3915816,
China,1982,Rural,Female,38,Census - de facto - complete tabulation,"Final figure, complete",1984,3767521,
China,1982,Rural,Female,39,Census - de facto - complete tabulation,"Final figure, complete",1984,3486714,
China,1982,Rural,Female,40,Census - de facto - complete tabulation,"Final figure, complete",1984,3615978,
China,1982,Rural,Female,40 - 44,Census - de facto - complete tabulation,"Final figure, complete",1984,17000396,"1,6"
China,1982,Rural,Female,41,Census - de facto - complete tabulation,"Final figure, complete",1984,3531967,
China,1982,Rural,Female,42,Census - de facto - complete tabulation,"Final figure, complete",1984,3271249,
China,1982,Rural,Female,43,Census - de facto - complete tabulation,"Final figure, complete",1984,3262010,
China,1982,Rural,Female,44,Census - de facto - complete tabulation,"Final figure, complete",1984,3319192,
China,1982,Rural,Female,45,Census - de facto - complete tabulation,"Final figure, complete",1984,3375965,
China,1982,Rural,Female,45 - 49,Census - de facto - complete tabulation,"Final figure, complete",1984,16926302,"1,6"
China,1982,Rural,Female,46,Census - de facto - complete tabulation,"Final figure, complete",1984,3422317,
China,1982,Rural,Female,47,Census - de facto - complete tabulation,"Final figure, complete",1984,3319698,
China,1982,Rural,Female,48,Census - de facto - complete tabulation,"Final figure, complete",1984,3402695,
China,1982,Rural,Female,49,Census - de facto - complete tabulation,"Final figure, complete",1984,3405627,
China,1982,Rural,Female,50,Census - de facto - complete tabulation,"Final figure, complete",1984,3147329,
China,1982,Rural,Female,50 - 54,Census - de facto - complete tabulation,"Final figure, complete",1984,15078970,"1,6"
China,1982,Rural,Female,51,Census - de facto - complete tabulation,"Final figure, complete",1984,2957914,
China,1982,Rural,Female,52,Census - de facto - complete tabulation,"Final figure, complete",1984,3097158,
China,1982,Rural,Female,53,Census - de facto - complete tabulation,"Final figure, complete",1984,2904052,
China,1982,Rural,Female,54,Census - de facto - complete tabulation,"Final figure, complete",1984,2972517,
China,1982,Rural,Female,55,Census - de facto - complete tabulation,"Final figure, complete",1984,2688596,
China,1982,Rural,Female,55 - 59,Census - de facto - complete tabulation,"Final figure, complete",1984,13177965,"1,6"
China,1982,Rural,Female,56,Census - de facto - complete tabulation,"Final figure, complete",1984,2652904,
China,1982,Rural,Female,57,Census - de facto - complete tabulation,"Final figure, complete",1984,2745371,
China,1982,Rural,Female,58,Census - de facto - complete tabulation,"Final figure, complete",1984,2687643,
China,1982,Rural,Female,59,Census - de facto - complete tabulation,"Final figure, complete",1984,2403451,
China,1982,Rural,Female,60,Census - de facto - complete tabulation,"Final figure, complete",1984,2454321,
China,1982,Rural,Female,60 - 64,Census - de facto - complete tabulation,"Final figure, complete",1984,11098608,"1,6"
China,1982,Rural,Female,61,Census - de facto - complete tabulation,"Final figure, complete",1984,2303331,
China,1982,Rural,Female,62,Census - de facto - complete tabulation,"Final figure, complete",1984,2321131,
China,1982,Rural,Female,63,Census - de facto - complete tabulation,"Final figure, complete",1984,2042028,
China,1982,Rural,Female,64,Census - de facto - complete tabulation,"Final figure, complete",1984,1977797,
China,1982,Rural,Female,65,Census - de facto - complete tabulation,"Final figure, complete",1984,2035182,
China,1982,Rural,Female,65 - 69,Census - de facto - complete tabulation,"Final figure, complete",1984,9066524,"1,6"
China,1982,Rural,Female,66,Census - de facto - complete tabulation,"Final figure, complete",1984,1901117,
China,1982,Rural,Female,67,Census - de facto - complete tabulation,"Final figure, complete",1984,1770045,
China,1982,Rural,Female,68,Census - de facto - complete tabulation,"Final figure, complete",1984,1818145,
China,1982,Rural,Female,69,Census - de facto - complete tabulation,"Final figure, complete",1984,1542035,
China,1982,Rural,Female,70,Census - de facto - complete tabulation,"Final figure, complete",1984,1413705,
China,1982,Rural,Female,70 - 74,Census - de facto - complete tabulation,"Final figure, complete",1984,6429606,"1,6"
China,1982,Rural,Female,71,Census - de facto - complete tabulation,"Final figure, complete",1984,1345449,
China,1982,Rural,Female,72,Census - de facto - complete tabulation,"Final figure, complete",1984,1315038,
China,1982,Rural,Female,73,Census - de facto - complete tabulation,"Final figure, complete",1984,1261186,
China,1982,Rural,Female,74,Census - de facto - complete tabulation,"Final figure, complete",1984,1094228,
China,1982,Rural,Female,75,Census - de facto - complete tabulation,"Final figure, complete",1984,991190,
China,1982,Rural,Female,75 - 79,Census - de facto - complete tabulation,"Final figure, complete",1984,4131312,"1,6"
China,1982,Rural,Female,76,Census - de facto - complete tabulation,"Final figure, complete",1984,952587,
China,1982,Rural,Female,77,Census - de facto - complete tabulation,"Final figure, complete",1984,809346,
China,1982,Rural,Female,78,Census - de facto - complete tabulation,"Final figure, complete",1984,735656,
China,1982,Rural,Female,79,Census - de facto - complete tabulation,"Final figure, complete",1984,642533,
China,1982,Rural,Female,80,Census - de facto - complete tabulation,"Final figure, complete",1984,550408,
China,1982,Rural,Female,80 - 84,Census - de facto - complete tabulation,"Final figure, complete",1984,1865366,"1,6"
China,1982,Rural,Female,81,Census - de facto - complete tabulation,"Final figure, complete",1984,457151,
China,1982,Rural,Female,82,Census - de facto - complete tabulation,"Final figure, complete",1984,352719,
China,1982,Rural,Female,83,Census - de facto - complete tabulation,"Final figure, complete",1984,269556,
China,1982,Rural,Female,84,Census - de facto - complete tabulation,"Final figure, complete",1984,235532,
China,1982,Rural,Female,85 +,Census - de facto - complete tabulation,"Final figure, complete",1984,727440,
China,1982,Rural,Female,Unknown,Census - de facto - complete tabulation,"Final figure, complete",1984,312,
,,,,,,,,,
footnoteSeqID,Footnote,,,,,,,,
1,"For statistical purposes, the data for China do not include those for the Hong Kong Special Administrative Region (Hong Kong SAR), Macao Special Administrative Region (Macao SAR) and Taiwan province of China.",,,,,,,,
2,Excluding foreigners and the servicemen.,,,,,,,,
3,Urban areas include cities and towns.,,,,,,,,
4,"Data exclude 2.3 million servicemen, 4.65 million persons with permanent resident status difficult to define, and 0.12 per cent undercount based on the post enumeration survey.",,,,,,,,
5,Covering only the civilian population of 30 provinces municipalities and autonomous regions. Excluding Jimmen and Mazhu Islands.,,,,,,,,
6,Covering only the civilian population of 29 provinces municipalities and autonomous regions.,,,,,,,,